-- phpMyAdmin SQL Dump
-- version 4.7.0
-- https://www.phpmyadmin.net/
--
-- Servidor: 127.0.0.1
-- Tiempo de generación: 24-11-2017 a las 22:03:55
-- Versión del servidor: 10.1.26-MariaDB
-- Versión de PHP: 7.0.22

SET SQL_MODE = "NO_AUTO_VALUE_ON_ZERO";
SET AUTOCOMMIT = 0;
START TRANSACTION;
SET time_zone = "+00:00";


/*!40101 SET @OLD_CHARACTER_SET_CLIENT=@@CHARACTER_SET_CLIENT */;
/*!40101 SET @OLD_CHARACTER_SET_RESULTS=@@CHARACTER_SET_RESULTS */;
/*!40101 SET @OLD_COLLATION_CONNECTION=@@COLLATION_CONNECTION */;
/*!40101 SET NAMES utf8mb4 */;

--
-- Base de datos: `mtps`
--

-- --------------------------------------------------------

--
-- Estructura de tabla para la tabla `glb_accion_bitacora`
--

CREATE TABLE `glb_accion_bitacora` (
  `id_accion` int(11) NOT NULL COMMENT 'Almacena el identificador de la tabla',
  `accion` varchar(100) NOT NULL COMMENT 'almacena la acción que realizó el usuario'
) ENGINE=InnoDB DEFAULT CHARSET=utf8;

--
-- Volcado de datos para la tabla `glb_accion_bitacora`
--

INSERT INTO `glb_accion_bitacora` (`id_accion`, `accion`) VALUES
(1, 'Inicio de sesión'),
(2, 'Cierre de sesión'),
(3, 'Inserción'),
(4, 'Modificación'),
(5, 'Eliminación');

-- --------------------------------------------------------

--
-- Estructura de tabla para la tabla `glb_bitacora`
--

CREATE TABLE `glb_bitacora` (
  `id_bitacora` int(11) NOT NULL COMMENT 'Llave primaria de la tabla glb_bitacorá, para hacer referencia a la información',
  `id_sistema` int(11) NOT NULL COMMENT 'Guarda el id perteneciente al sistema al que se le han efectuado los cambios',
  `id_usuario` int(11) NOT NULL COMMENT 'Guarda el id perteneciente al usuario que realizó los cambios',
  `descripcion` text COLLATE utf8_unicode_ci NOT NULL COMMENT 'Almacena una descripción de la información que has sido modificada.',
  `fecha_hora` datetime NOT NULL COMMENT 'almacena la fecha y la hora en que fueron realizados los campos',
  `IP` varchar(15) CHARACTER SET utf8 NOT NULL COMMENT 'Almacena la dirección IP asignada al usuario que realizó los cambios en el momento en que fueron hechos',
  `id_accion` int(11) NOT NULL COMMENT 'almacena el identificador correspondiente a la acción que el usuario realizó'
) ENGINE=InnoDB DEFAULT CHARSET=utf8 COLLATE=utf8_unicode_ci;

--
-- Volcado de datos para la tabla `glb_bitacora`
--

INSERT INTO `glb_bitacora` (`id_bitacora`, `id_sistema`, `id_usuario`, `descripcion`, `fecha_hora`, `IP`, `id_accion`) VALUES
(2, 5, 699, 'El usuario nelson.argueta se inició sesión', '2015-06-23 13:17:22', '192.168.1.254', 1),
(3, 10, 20, 'El usuario roberto.henriquez actualizó presupuesto con el id 11', '2015-06-23 13:27:10', '10.1.1.162', 4),
(4, 10, 20, 'El usuario roberto.henriquez actualizó presupuesto con el id 71', '2015-06-23 13:27:10', '10.1.1.162', 4),
(5, 10, 20, 'El usuario roberto.henriquez actualizó presupuesto con el id 71', '2015-06-23 13:27:10', '10.1.1.162', 4),
(6, 10, 20, 'El usuario roberto.henriquez actualizó presupuesto con el id 71', '2015-06-23 13:27:10', '10.1.1.162', 4),
(7, 10, 20, 'El usuario roberto.henriquez actualizó presupuesto con el id 71', '2015-06-23 13:27:10', '10.1.1.162', 4),
(8, 10, 20, 'El usuario roberto.henriquez creó item con el id 133', '2015-06-23 13:39:10', '10.1.1.162', 3),
(9, 10, 20, 'El usuario roberto.henriquez creó actividad con el id 12', '2015-06-23 13:39:10', '10.1.1.162', 3),
(10, 5, 692, 'El usuario napoleon.escalante se inició sesión', '2015-06-23 13:54:45', '192.168.1.254', 1),
(11, 5, 692, 'El usuario napoleon.escalante creó una solicitud de transporte para ', '2015-06-23 14:03:46', '192.168.1.254', 3),
(12, 5, 692, 'El usuario napoleon.escalante creó una solicitud de transporte para ', '2015-06-23 14:03:48', '192.168.1.254', 3),
(13, 5, 692, 'El usuario napoleon.escalante creó una solicitud de transporte para ', '2015-06-23 14:03:50', '192.168.1.254', 3),
(14, 5, 692, 'El usuario napoleon.escalante creó una solicitud de transporte para ', '2015-06-23 14:03:52', '192.168.1.254', 3),
(15, 5, 692, 'El usuario napoleon.escalante creó una solicitud de transporte para ', '2015-06-23 14:03:54', '192.168.1.254', 3),
(16, 5, 70, 'El usuario francisca.ramirez inició sesión', '2015-06-23 14:13:53', '192.168.7.158', 1),
(17, 5, 70, 'El usuario francisca.ramirez inició sesión', '2015-06-23 14:49:32', '192.168.7.158', 1),
(18, 5, 0, 'El usuario  cerró sesión', '2015-06-23 15:13:14', '192.168.1.254', 2),
(19, 5, 699, 'El usuario nelson.argueta se inició sesión', '2015-06-24 13:02:49', '192.168.1.254', 1),
(20, 5, 699, 'El usuario nelson.argueta se inició sesión', '2015-06-24 15:12:18', '192.168.1.254', 1),
(21, 5, 699, 'El usuario nelson.argueta cerró sesión', '2015-06-24 15:25:15', '192.168.1.254', 2),
(22, 5, 70, 'El usuario francisca.ramirez inició sesión', '2015-06-25 07:36:27', '192.168.7.158', 1),
(23, 5, 70, 'El usuario francisca.ramirez inició sesión', '2015-06-25 07:41:20', '192.168.7.158', 1),
(24, 5, 70, 'El usuario francisca.ramirez inició sesión', '2015-06-25 07:54:30', '192.168.7.158', 1),
(25, 5, 70, 'El usuario francisca.ramirez inició sesión', '2015-06-25 07:58:59', '192.168.7.158', 1),
(26, 5, 70, 'El usuario francisca.ramirez inició sesión', '2015-06-25 08:04:09', '192.168.7.158', 1),
(27, 5, 70, 'El usuario francisca.ramirez inició sesión', '2015-06-25 08:19:51', '192.168.7.158', 1),
(28, 5, 83, 'El usuario angel.cruz se inició sesión', '2015-06-25 08:24:28', '192.168.1.254', 1),
(29, 5, 83, 'El usuario angel.cruz creó una solicitud de transporte para Angel Willian Cruz Garcia', '2015-06-25 08:29:14', '192.168.1.254', 3),
(30, 5, 70, 'El usuario francisca.ramirez inició sesión', '2015-06-25 08:50:10', '192.168.7.158', 1),
(31, 5, 699, 'El usuario nelson.argueta se inició sesión', '2015-06-25 09:51:21', '192.168.1.254', 1),
(32, 5, 699, 'El usuario nelson.argueta se inició sesión', '2015-06-25 10:56:58', '192.168.1.254', 1),
(33, 5, 699, 'El usuario nelson.argueta cerró sesión', '2015-06-25 11:07:08', '192.168.1.254', 2),
(34, 5, 70, 'El usuario francisca.ramirez inició sesión', '2015-06-26 11:22:58', '192.168.7.158', 1),
(35, 5, 70, 'El usuario francisca.ramirez inició sesión', '2015-06-29 07:15:28', '192.168.7.158', 1),
(36, 5, 83, 'El usuario angel.cruz se inició sesión', '2015-06-29 07:44:06', '192.168.1.254', 1),
(37, 5, 83, 'El usuario angel.cruz creó una solicitud de transporte para Angel Willian Cruz Garcia', '2015-06-29 07:46:56', '192.168.1.254', 3),
(38, 5, 240, 'El usuario eliseo.huezo inició sesión', '2015-06-29 12:09:48', '10.242.2.6', 1),
(39, 5, 20, 'El usuario roberto.henriquez se inició sesión', '2015-06-29 13:21:47', '192.168.1.254', 1),
(40, 5, 20, 'El usuario roberto.henriquez cerró sesión', '2015-06-29 13:48:06', '192.168.1.254', 2),
(41, 5, 649, 'El usuario marta.grijalba inició sesión', '2015-06-29 13:48:23', '192.168.1.254', 1),
(42, 5, 649, 'El usuario marta.grijalba cerró sesión', '2015-06-29 13:59:03', '192.168.1.254', 2),
(43, 5, 699, 'El usuario nelson.argueta se inició sesión', '2015-06-29 14:13:05', '192.168.1.254', 1),
(44, 5, 699, 'El usuario nelson.argueta cerró sesión', '2015-06-29 14:21:29', '192.168.1.254', 2),
(45, 5, 699, 'El usuario nelson.argueta se inició sesión', '2015-06-29 15:06:48', '192.168.1.254', 1),
(46, 5, 699, 'El usuario nelson.argueta cerró sesión', '2015-06-29 15:14:50', '192.168.1.254', 2),
(47, 5, 20, 'El usuario roberto.henriquez se inició sesión', '2015-06-30 09:19:08', '192.168.1.254', 1),
(48, 5, 20, 'El usuario roberto.henriquez creó una solicitud de transporte para Jose Rodrigo Portillo Flores', '2015-06-30 09:40:03', '192.168.1.254', 3),
(49, 5, 701, 'El usuario nelson.nieves inició sesión', '2015-06-30 09:43:37', '192.168.1.254', 1),
(50, 5, 701, 'El usuario nelson.nieves creó una solicitud de transporte para Franklin Roberto Mena Santamaria', '2015-06-30 09:48:54', '192.168.1.254', 3),
(51, 5, 701, 'El usuario nelson.nieves aprobó la solicitud de transporte con ID 127', '2015-06-30 09:58:03', '192.168.1.254', 4),
(52, 5, 701, 'El usuario nelson.nieves cerró sesión', '2015-06-30 09:59:00', '192.168.1.254', 2),
(53, 5, 259, 'El usuario evelin.henriquez inició sesión', '2015-06-30 09:59:25', '192.168.1.254', 1),
(54, 5, 259, 'El usuario evelin.henriquez cerró sesión', '2015-06-30 10:00:55', '192.168.1.254', 2),
(55, 5, 185, 'El usuario cristina.guardado inició sesión', '2015-06-30 10:03:42', '192.168.1.254', 1),
(56, 5, 20, 'El usuario roberto.henriquez cerró sesión', '2015-06-30 10:04:19', '192.168.1.254', 2),
(57, 5, 532, 'El usuario karla.rivas inició sesión', '2015-06-30 10:04:36', '192.168.1.254', 1),
(58, 5, 532, 'El usuario karla.rivas creó una solicitud de transporte para ', '2015-06-30 10:07:00', '192.168.1.254', 3),
(59, 5, 185, 'El usuario cristina.guardado aprobó la solicitud de transporte con ID 128', '2015-06-30 10:08:41', '192.168.1.254', 4),
(60, 5, 532, 'El usuario karla.rivas cerró sesión', '2015-06-30 10:18:35', '192.168.1.254', 2),
(61, 5, 164, 'El usuario cecilio.bustamante inició sesión', '2015-06-30 10:18:55', '192.168.1.254', 1),
(62, 5, 164, 'El usuario cecilio.bustamante asignó vehículo/motorista, correspondiente a la solicitud de transporte con ID 128', '2015-06-30 10:22:31', '192.168.1.254', 4),
(63, 5, 147, 'El usuario carlos.rosales inició sesión', '2015-06-30 10:36:33', '192.168.45.254', 1),
(64, 5, 147, 'El usuario carlos.rosales cerró sesión', '2015-06-30 10:45:29', '192.168.45.254', 2),
(65, 5, 778, 'El usuario ricardo.orellana se inició sesión', '2015-06-30 10:47:30', '192.168.1.254', 1),
(66, 5, 139, 'El usuario carlos.martinez se inició sesión', '2015-06-30 11:23:43', '192.168.1.254', 1),
(67, 5, 70, 'El usuario francisca.ramirez inició sesión', '2015-06-30 11:25:59', '192.168.130.65', 1),
(68, 5, 70, 'El usuario francisca.ramirez cerró sesión', '2015-06-30 11:34:54', '192.168.130.65', 2),
(69, 9, 164, 'Inicio de session por contraseña', '2015-06-30 11:35:11', '192.168.130.65', 1),
(70, 5, 164, 'El usuario cecilio.bustamante inició sesión', '2015-06-30 11:40:42', '192.168.130.65', 1),
(71, 5, 70, 'El usuario francisca.ramirez inició sesión', '2015-06-30 13:10:27', '192.168.7.158', 1),
(72, 5, 240, 'El usuario eliseo.huezo inició sesión', '2015-06-30 14:19:13', '10.242.2.6', 1),
(73, 5, 240, 'El usuario eliseo.huezo inició sesión', '2015-06-30 14:19:45', '10.242.2.6', 1),
(74, 5, 70, 'El usuario francisca.ramirez inició sesión', '2015-06-30 15:11:47', '192.168.7.158', 1),
(75, 5, 778, 'El usuario ricardo.orellana se inició sesión', '2015-07-01 07:34:53', '192.168.1.254', 1),
(76, 5, 16, 'El usuario issa.funes inició sesión', '2015-07-01 07:35:02', '192.168.1.254', 1),
(77, 5, 16, 'El usuario issa.funes inició sesión', '2015-07-01 07:49:37', '192.168.1.254', 1),
(78, 5, 139, 'El usuario carlos.martinez se inició sesión', '2015-07-01 07:59:30', '192.168.1.254', 1),
(79, 5, 16, 'El usuario issa.funes cerró sesión', '2015-07-01 08:03:26', '192.168.1.254', 2),
(80, 5, 220, 'El usuario edgardo.gonzalez inició sesión', '2015-07-01 08:52:57', '172.16.16.30', 1),
(81, 5, 149, 'El usuario carlos.sanchez se inició sesión', '2015-07-01 09:14:16', '192.168.2.99', 1),
(82, 5, 149, 'El usuario carlos.sanchez cerró sesión', '2015-07-01 09:15:50', '192.168.2.99', 2),
(83, 5, 220, 'El usuario edgardo.gonzalez inició sesión', '2015-07-01 10:48:30', '172.16.16.30', 1),
(84, 5, 220, 'El usuario edgardo.gonzalez cerró sesión', '2015-07-01 11:04:30', '172.16.16.30', 2),
(85, 5, 699, 'El usuario nelson.argueta se inició sesión', '2015-07-01 13:05:41', '192.168.1.254', 1),
(86, 5, 699, 'El usuario nelson.argueta cerró sesión', '2015-07-01 13:09:31', '192.168.1.254', 2),
(87, 5, 731, 'El usuario oswaldo.pena inició sesión', '2015-07-01 14:08:23', '192.168.33.254', 1),
(88, 5, 731, 'El usuario oswaldo.pena cerró sesión', '2015-07-01 14:35:16', '192.168.33.254', 2),
(89, 11, 20, 'El usuario roberto.henriquez se inició sesión', '2015-07-01 14:37:37', '192.168.1.254', 1),
(90, 11, 20, 'El usuario roberto.henriquez cerró sesión', '2015-07-01 14:55:02', '192.168.1.254', 2),
(91, 5, 149, 'El usuario carlos.sanchez se inició sesión', '2015-07-01 15:06:38', '192.168.2.99', 1),
(92, 5, 149, 'El usuario carlos.sanchez cerró sesión', '2015-07-01 15:11:14', '192.168.2.99', 2),
(93, 5, 149, 'El usuario carlos.sanchez se inició sesión', '2015-07-01 15:12:25', '192.168.2.99', 1),
(94, 5, 149, 'El usuario carlos.sanchez cerró sesión', '2015-07-01 15:14:31', '192.168.2.99', 2),
(95, 5, 311, 'El usuario german.herrera inició sesión', '2015-07-02 07:39:24', '192.168.1.254', 1),
(96, 5, 861, 'El usuario sulma.quintanilla se inició sesión', '2015-07-02 07:42:00', '192.168.1.254', 1),
(97, 5, 699, 'El usuario nelson.argueta se inició sesión', '2015-07-02 09:17:50', '192.168.1.254', 1),
(98, 5, 699, 'El usuario nelson.argueta cerró sesión', '2015-07-02 09:19:25', '192.168.1.254', 2),
(99, 5, 699, 'El usuario nelson.argueta se inició sesión', '2015-07-02 09:24:23', '192.168.1.254', 1),
(100, 11, 20, 'El usuario roberto.henriquez se inició sesión', '2015-07-02 10:14:55', '192.168.1.254', 1),
(101, 11, 0, 'El usuario  cerró sesión', '2015-07-02 10:20:53', '192.168.1.254', 2),
(102, 11, 20, 'El usuario roberto.henriquez se inició sesión', '2015-07-02 10:20:57', '192.168.1.254', 1),
(103, 5, 70, 'El usuario francisca.ramirez inició sesión', '2015-07-02 10:36:53', '192.168.7.158', 1),
(104, 11, 20, 'El usuario roberto.henriquez se inició sesión', '2015-07-02 10:55:33', '192.168.1.254', 1),
(105, 5, 149, 'El usuario carlos.sanchez se inició sesión', '2015-07-02 13:22:20', '192.168.2.99', 1),
(106, 5, 149, 'El usuario carlos.sanchez cerró sesión', '2015-07-02 13:23:07', '192.168.2.99', 2),
(107, 5, 70, 'El usuario francisca.ramirez inició sesión', '2015-07-02 13:30:16', '192.168.7.158', 1),
(108, 11, 20, 'El usuario roberto.henriquez se inició sesión', '2015-07-02 13:32:35', '192.168.1.254', 1),
(109, 11, 20, 'El usuario roberto.henriquez cerró sesión', '2015-07-02 13:45:35', '192.168.1.254', 2),
(110, 5, 20, 'El usuario roberto.henriquez se inició sesión', '2015-07-02 13:46:19', '192.168.1.254', 1),
(111, 5, 20, 'El usuario roberto.henriquez cerró sesión', '2015-07-02 13:46:27', '192.168.1.254', 2),
(112, 5, 20, 'El usuario roberto.henriquez se inició sesión', '2015-07-02 13:46:39', '192.168.1.254', 1),
(113, 5, 20, 'El usuario roberto.henriquez cerró sesión', '2015-07-02 13:48:03', '192.168.1.254', 2),
(114, 11, 20, 'El usuario roberto.henriquez se inició sesión', '2015-07-02 13:48:12', '192.168.1.254', 1),
(115, 5, 70, 'El usuario francisca.ramirez inició sesión', '2015-07-02 13:49:36', '192.168.7.158', 1),
(116, 5, 475, 'El usuario jose.portillo se inició sesión', '2015-07-02 14:56:07', '192.168.1.254', 1),
(117, 5, 475, 'El usuario jose.portillo se inició sesión', '2015-07-02 15:11:29', '192.168.1.254', 1),
(118, 5, 679, 'El usuario miguel.iraheta inició sesión', '2015-07-03 06:54:14', '192.168.2.99', 1),
(119, 5, 679, 'El usuario miguel.iraheta cerró sesión', '2015-07-03 06:56:48', '192.168.2.99', 2),
(120, 5, 679, 'El usuario miguel.iraheta inició sesión', '2015-07-03 07:12:50', '192.168.2.99', 1),
(121, 5, 679, 'El usuario miguel.iraheta cerró sesión', '2015-07-03 07:12:57', '192.168.2.99', 2),
(122, 5, 138, 'El usuario carlos.luna inició sesión', '2015-07-03 07:13:49', '192.168.2.99', 1),
(123, 5, 138, 'El usuario carlos.luna cerró sesión', '2015-07-03 07:13:58', '192.168.2.99', 2),
(124, 5, 235, 'El usuario eileen.lozano inició sesión', '2015-07-03 07:14:15', '192.168.2.99', 1),
(125, 5, 235, 'El usuario eileen.lozano cerró sesión', '2015-07-03 07:14:38', '192.168.2.99', 2),
(126, 5, 330, 'El usuario guillermo.lainez inició sesión', '2015-07-03 07:22:10', '192.168.2.99', 1),
(127, 5, 330, 'El usuario guillermo.lainez cerró sesión', '2015-07-03 07:23:30', '192.168.2.99', 2),
(128, 5, 235, 'El usuario eileen.lozano inició sesión', '2015-07-03 07:26:32', '192.168.2.99', 1),
(129, 5, 235, 'El usuario eileen.lozano creó una solicitud de transporte para ', '2015-07-03 07:40:12', '192.168.2.99', 3),
(130, 5, 235, 'El usuario eileen.lozano modificó la solicitud de transporte con ID 129', '2015-07-03 07:41:48', '192.168.2.99', 4),
(131, 5, 235, 'El usuario eileen.lozano cerró sesión', '2015-07-03 07:42:49', '192.168.2.99', 2),
(132, 5, 149, 'El usuario carlos.sanchez se inició sesión', '2015-07-03 07:43:01', '192.168.2.99', 1),
(133, 5, 149, 'El usuario carlos.sanchez cerró sesión', '2015-07-03 07:47:13', '192.168.2.99', 2),
(134, 5, 235, 'El usuario eileen.lozano inició sesión', '2015-07-03 07:47:34', '192.168.2.99', 1),
(135, 5, 16, 'El usuario issa.funes inició sesión', '2015-07-03 07:48:27', '192.168.1.254', 1),
(136, 5, 235, 'El usuario eileen.lozano cerró sesión', '2015-07-03 07:48:35', '192.168.2.99', 2),
(137, 5, 70, 'El usuario francisca.ramirez inició sesión', '2015-07-03 07:55:19', '192.168.7.158', 1),
(138, 5, 16, 'El usuario issa.funes cerró sesión', '2015-07-03 07:59:43', '192.168.1.254', 2),
(139, 5, 235, 'El usuario eileen.lozano inició sesión', '2015-07-03 08:09:41', '192.168.1.254', 1),
(140, 5, 62, 'El usuario ana.huezo inició sesión', '2015-07-03 08:16:14', '192.168.1.254', 1),
(141, 5, 311, 'El usuario german.herrera inició sesión', '2015-07-03 08:24:02', '192.168.1.254', 1),
(142, 5, 62, 'El usuario ana.huezo creó una solicitud de transporte para ', '2015-07-03 08:31:24', '192.168.1.254', 3),
(143, 5, 62, 'El usuario ana.huezo cerró sesión', '2015-07-03 08:31:50', '192.168.1.254', 2),
(144, 5, 311, 'El usuario german.herrera creó una solicitud de transporte para ', '2015-07-03 08:33:41', '192.168.1.254', 3),
(145, 5, 311, 'El usuario german.herrera cerró sesión', '2015-07-03 08:34:36', '192.168.1.254', 2),
(146, 5, 777, 'El usuario ricardo.herrera inició sesión', '2015-07-03 08:35:19', '192.168.1.254', 1),
(147, 5, 777, 'El usuario ricardo.herrera creó una solicitud de transporte para ', '2015-07-03 08:47:46', '192.168.1.254', 3),
(148, 5, 777, 'El usuario ricardo.herrera cerró sesión', '2015-07-03 08:47:56', '192.168.1.254', 2),
(149, 5, 62, 'El usuario ana.huezo inició sesión', '2015-07-03 09:00:55', '192.168.1.254', 1),
(150, 5, 62, 'El usuario ana.huezo cerró sesión', '2015-07-03 09:02:59', '192.168.1.254', 2),
(151, 5, 638, 'El usuario mario.panameno inició sesión', '2015-07-03 09:06:08', '192.168.1.254', 1),
(152, 5, 70, 'El usuario francisca.ramirez inició sesión', '2015-07-03 09:09:19', '192.168.7.158', 1),
(153, 5, 638, 'El usuario mario.panameno inició sesión', '2015-07-03 09:10:30', '192.168.1.254', 1),
(154, 5, 638, 'El usuario mario.panameno cerró sesión', '2015-07-03 09:10:36', '192.168.1.254', 2),
(155, 5, 638, 'El usuario mario.panameno inició sesión', '2015-07-03 09:12:01', '192.168.1.254', 1),
(156, 5, 638, 'El usuario mario.panameno inició sesión', '2015-07-03 09:13:04', '192.168.1.254', 1),
(157, 5, 638, 'El usuario mario.panameno inició sesión', '2015-07-03 09:16:08', '192.168.1.254', 1),
(158, 5, 638, 'El usuario mario.panameno inició sesión', '2015-07-03 09:19:13', '192.168.1.254', 1),
(159, 5, 638, 'El usuario mario.panameno creó una solicitud de transporte para ', '2015-07-03 09:28:16', '192.168.1.254', 3),
(160, 5, 638, 'El usuario mario.panameno cerró sesión', '2015-07-03 09:29:14', '192.168.1.254', 2),
(161, 5, 638, 'El usuario mario.panameno inició sesión', '2015-07-03 09:29:40', '192.168.1.254', 1),
(162, 5, 638, 'El usuario mario.panameno cerró sesión', '2015-07-03 09:30:23', '192.168.1.254', 2),
(163, 11, 20, 'El usuario roberto.henriquez se inició sesión', '2015-07-03 09:44:58', '192.168.1.254', 1),
(164, 5, 70, 'El usuario francisca.ramirez inició sesión', '2015-07-03 10:02:11', '192.168.7.158', 1),
(165, 5, 149, 'El usuario carlos.sanchez se inició sesión', '2015-07-03 12:56:45', '192.168.2.99', 1),
(166, 5, 149, 'El usuario carlos.sanchez cerró sesión', '2015-07-03 12:56:55', '192.168.2.99', 2),
(167, 5, 679, 'El usuario miguel.iraheta inició sesión', '2015-07-03 12:57:08', '192.168.2.99', 1),
(168, 5, 679, 'El usuario miguel.iraheta cerró sesión', '2015-07-03 12:57:19', '192.168.2.99', 2),
(169, 5, 235, 'El usuario eileen.lozano inició sesión', '2015-07-03 12:57:31', '192.168.2.99', 1),
(170, 5, 235, 'El usuario eileen.lozano cerró sesión', '2015-07-03 12:58:21', '192.168.2.99', 2),
(171, 5, 149, 'El usuario carlos.sanchez se inició sesión', '2015-07-03 12:58:30', '192.168.2.99', 1),
(172, 5, 149, 'El usuario carlos.sanchez cerró sesión', '2015-07-03 12:58:48', '192.168.2.99', 2),
(173, 5, 20, 'El usuario roberto.henriquez se inició sesión', '2015-07-03 13:22:51', '192.168.1.254', 1),
(174, 5, 620, 'El usuario maria.lopez inició sesión', '2015-07-03 13:29:21', '192.168.1.254', 1),
(175, 5, 70, 'El usuario francisca.ramirez inició sesión', '2015-07-03 13:30:47', '192.168.7.158', 1),
(176, 5, 620, 'El usuario maria.lopez creó una solicitud de transporte para ', '2015-07-03 13:34:52', '192.168.1.254', 3),
(177, 5, 620, 'El usuario maria.lopez cerró sesión', '2015-07-03 13:35:13', '192.168.1.254', 2),
(178, 5, 620, 'El usuario maria.lopez inició sesión', '2015-07-03 13:37:50', '192.168.1.254', 1),
(179, 5, 238, 'El usuario elena.alfaro inició sesión', '2015-07-03 13:44:23', '192.168.2.99', 1),
(180, 5, 238, 'El usuario elena.alfaro cerró sesión', '2015-07-03 14:01:43', '192.168.2.99', 2),
(181, 5, 47, 'El usuario amadeo.rodriguez inició sesión', '2015-07-03 14:02:34', '192.168.1.254', 1),
(182, 5, 47, 'El usuario amadeo.rodriguez inició sesión', '2015-07-03 14:04:36', '192.168.1.254', 1),
(183, 5, 47, 'El usuario amadeo.rodriguez inició sesión', '2015-07-03 14:05:04', '192.168.2.172', 1),
(184, 5, 47, 'El usuario amadeo.rodriguez cerró sesión', '2015-07-03 14:09:38', '192.168.2.172', 2),
(185, 5, 578, 'El usuario luis.pocasangre inició sesión', '2015-07-03 14:10:58', '192.168.2.172', 1),
(186, 5, 149, 'El usuario carlos.sanchez se inició sesión', '2015-07-03 14:13:09', '192.168.2.99', 1),
(187, 11, 20, 'El usuario roberto.henriquez se inició sesión', '2015-07-03 14:15:19', '192.168.1.254', 1),
(188, 5, 890, 'El usuario yanira.alfaro inició sesión', '2015-07-03 14:16:03', '192.168.1.254', 1),
(189, 5, 149, 'El usuario carlos.sanchez cerró sesión', '2015-07-03 14:16:24', '192.168.2.99', 2),
(190, 5, 149, 'El usuario carlos.sanchez se inició sesión', '2015-07-03 14:16:46', '192.168.2.99', 1),
(191, 5, 149, 'El usuario carlos.sanchez cerró sesión', '2015-07-03 14:17:35', '192.168.2.99', 2),
(192, 5, 890, 'El usuario yanira.alfaro inició sesión', '2015-07-03 14:17:47', '192.168.2.99', 1),
(193, 5, 890, 'El usuario yanira.alfaro cerró sesión', '2015-07-03 14:18:26', '192.168.2.99', 2),
(194, 5, 578, 'El usuario luis.pocasangre creó una solicitud de transporte para ', '2015-07-03 14:20:34', '192.168.2.172', 3),
(195, 5, 578, 'El usuario luis.pocasangre creó una solicitud de transporte para ', '2015-07-03 14:20:37', '192.168.2.172', 3),
(196, 5, 890, 'El usuario yanira.alfaro inició sesión', '2015-07-03 14:20:39', '192.168.1.254', 1),
(197, 5, 578, 'El usuario luis.pocasangre creó una solicitud de transporte para ', '2015-07-03 14:20:41', '192.168.2.172', 3),
(198, 5, 578, 'El usuario luis.pocasangre creó una solicitud de transporte para ', '2015-07-03 14:20:45', '192.168.2.172', 3),
(199, 5, 578, 'El usuario luis.pocasangre cerró sesión', '2015-07-03 14:21:06', '192.168.2.172', 2),
(200, 5, 778, 'El usuario ricardo.orellana se inició sesión', '2015-07-03 14:21:07', '192.168.1.254', 1),
(201, 5, 890, 'El usuario yanira.alfaro inició sesión', '2015-07-03 14:22:37', '192.168.1.254', 1),
(202, 5, 777, 'El usuario ricardo.herrera inició sesión', '2015-07-03 14:22:41', '192.168.1.254', 1),
(203, 5, 777, 'El usuario ricardo.herrera cerró sesión', '2015-07-03 14:23:11', '192.168.1.254', 2),
(204, 5, 311, 'El usuario german.herrera inició sesión', '2015-07-03 14:23:29', '192.168.1.254', 1),
(205, 5, 890, 'El usuario yanira.alfaro inició sesión', '2015-07-03 14:26:02', '192.168.1.254', 1),
(206, 5, 890, 'El usuario yanira.alfaro inició sesión', '2015-07-03 14:26:16', '192.168.1.254', 1),
(207, 5, 890, 'El usuario yanira.alfaro cerró sesión', '2015-07-03 14:27:02', '192.168.1.254', 2),
(208, 5, 890, 'El usuario yanira.alfaro inició sesión', '2015-07-03 14:29:53', '192.168.1.254', 1),
(209, 5, 204, 'El usuario deysi.renderos se inició sesión', '2015-07-03 14:40:58', '192.168.1.254', 1),
(210, 5, 232, 'El usuario edwin.martinez se inició sesión', '2015-07-03 14:46:52', '192.168.1.254', 1),
(211, 5, 512, 'El usuario judith.chavarria inició sesión', '2015-07-06 07:35:07', '192.168.1.254', 1),
(212, 5, 512, 'El usuario judith.chavarria inició sesión', '2015-07-06 07:35:54', '192.168.1.254', 1),
(213, 5, 512, 'El usuario judith.chavarria creó una solicitud de transporte para ', '2015-07-06 07:38:51', '192.168.1.254', 3),
(214, 5, 512, 'El usuario judith.chavarria creó una solicitud de transporte para ', '2015-07-06 07:38:55', '192.168.1.254', 3),
(215, 5, 475, 'El usuario jose.portillo se inició sesión', '2015-07-06 07:46:18', '192.168.1.254', 1),
(216, 5, 70, 'El usuario francisca.ramirez inició sesión', '2015-07-06 08:14:54', '192.168.7.158', 1),
(217, 5, 890, 'El usuario yanira.alfaro inició sesión', '2015-07-06 08:53:46', '192.168.1.254', 1),
(218, 5, 890, 'El usuario yanira.alfaro inició sesión', '2015-07-06 08:55:49', '192.168.1.254', 1),
(219, 5, 890, 'El usuario yanira.alfaro inició sesión', '2015-07-06 09:00:16', '192.168.1.254', 1),
(220, 5, 890, 'El usuario yanira.alfaro inició sesión', '2015-07-06 09:02:27', '192.168.2.99', 1),
(221, 5, 890, 'El usuario yanira.alfaro creó una solicitud de transporte para ', '2015-07-06 09:06:01', '192.168.2.99', 3),
(222, 5, 890, 'El usuario yanira.alfaro cerró sesión', '2015-07-06 09:06:13', '192.168.2.99', 2),
(223, 5, 778, 'El usuario ricardo.orellana se inició sesión', '2015-07-06 13:29:35', '192.168.1.254', 1),
(224, 5, 778, 'El usuario ricardo.orellana creó una solicitud de transporte para Ricardo Neftali Orellana Juarez', '2015-07-06 13:42:39', '192.168.1.254', 3),
(225, 5, 475, 'El usuario jose.portillo se inició sesión', '2015-07-06 13:48:46', '192.168.1.254', 1),
(226, 5, 475, 'El usuario jose.portillo eliminó (desactivó) la solicitud de transporte con ID 126', '2015-07-06 13:49:06', '192.168.1.254', 5),
(227, 5, 475, 'El usuario jose.portillo cerró sesión', '2015-07-06 13:51:02', '192.168.1.254', 2),
(228, 5, 778, 'El usuario ricardo.orellana creó una solicitud de transporte para Ricardo Neftali Orellana Juarez', '2015-07-06 13:53:04', '192.168.1.254', 3),
(229, 5, 778, 'El usuario ricardo.orellana cerró sesión', '2015-07-06 13:57:32', '192.168.1.254', 2),
(230, 5, 778, 'El usuario ricardo.orellana se inició sesión', '2015-07-06 14:18:54', '192.168.1.254', 1),
(231, 5, 778, 'El usuario ricardo.orellana se inició sesión', '2015-07-06 14:30:17', '192.168.1.254', 1),
(232, 5, 778, 'El usuario ricardo.orellana creó una solicitud de transporte para Ricardo Neftali Orellana Juarez', '2015-07-06 14:36:05', '192.168.1.254', 3),
(233, 5, 70, 'El usuario francisca.ramirez inició sesión', '2015-07-06 14:55:04', '192.168.7.158', 1),
(234, 5, 512, 'El usuario judith.chavarria inició sesión', '2015-07-06 14:56:52', '192.168.1.254', 1),
(235, 5, 512, 'El usuario judith.chavarria inició sesión', '2015-07-06 15:04:53', '192.168.1.254', 1),
(236, 5, 800, 'El usuario romeo.soriano inició sesión', '2015-07-07 07:19:59', '192.168.51.254', 1),
(237, 5, 20, 'El usuario roberto.henriquez se inició sesión', '2015-07-07 08:08:41', '192.168.130.15', 1),
(238, 5, 512, 'El usuario judith.chavarria inició sesión', '2015-07-07 08:20:12', '192.168.1.254', 1),
(239, 5, 620, 'El usuario maria.lopez inició sesión', '2015-07-07 08:58:30', '192.168.1.254', 1),
(240, 5, 166, 'El usuario celia.guardado inició sesión', '2015-07-07 08:59:47', '192.168.1.254', 1),
(241, 5, 166, 'El usuario celia.guardado inició sesión', '2015-07-07 09:04:36', '192.168.1.254', 1),
(242, 5, 620, 'El usuario maria.lopez inició sesión', '2015-07-07 09:12:24', '192.168.1.254', 1),
(243, 5, 149, 'El usuario carlos.sanchez se inició sesión', '2015-07-07 09:15:57', '192.168.2.99', 1),
(244, 5, 149, 'El usuario carlos.sanchez cerró sesión', '2015-07-07 09:17:26', '192.168.2.99', 2),
(245, 10, 20, 'El usuario roberto.henriquez creó PEI con el id 10', '2015-07-07 09:38:11', '10.1.1.162', 3),
(246, 10, 20, 'El usuario roberto.henriquez actualizó item del wizard con el código OE1', '2015-07-07 09:45:03', '10.1.1.162', 4),
(247, 10, 20, 'El usuario roberto.henriquez creó item en el wizard con el código R13.OE2', '2015-07-07 09:50:05', '10.1.1.162', 3),
(248, 10, 20, 'El usuario roberto.henriquez creó item en el wizard con el código R14.OE2', '2015-07-07 09:51:05', '10.1.1.162', 3),
(249, 10, 20, 'El usuario roberto.henriquez creó item en el wizard con el código I-10.R7.OE4', '2015-07-07 09:59:08', '10.1.1.162', 3),
(250, 10, 20, 'El usuario roberto.henriquez creó item en el wizard con el código A14.I-10.R7.OE4', '2015-07-07 10:03:17', '10.1.1.162', 3),
(251, 10, 20, 'El usuario roberto.henriquez creó un presupuesto con el id 145', '2015-07-07 10:20:29', '10.1.1.162', 3),
(252, 10, 20, 'El usuario roberto.henriquez creó un presupuesto con el id 146', '2015-07-07 10:20:29', '10.1.1.162', 3),
(253, 10, 20, 'El usuario roberto.henriquez creó un presupuesto con el id 147', '2015-07-07 10:20:29', '10.1.1.162', 3),
(254, 10, 20, 'El usuario roberto.henriquez actualizó presupuesto con el id 1', '2015-07-07 10:27:35', '10.1.1.162', 4),
(255, 10, 20, 'El usuario roberto.henriquez actualizó nivel con el id 22', '2015-07-07 10:32:12', '10.1.1.162', 4),
(256, 10, 20, 'El usuario roberto.henriquez actualizó nivel con el id 22', '2015-07-07 10:39:03', '10.1.1.162', 4),
(257, 10, 868, 'El usuario veronica.rojas creó item con el id 249', '2015-07-07 10:43:44', '10.1.1.162', 3),
(258, 10, 868, 'El usuario veronica.rojas creó actividad con el id 35', '2015-07-07 10:43:44', '10.1.1.162', 3),
(259, 10, 868, 'El usuario veronica.rojas creó item con el id 250', '2015-07-07 10:46:38', '10.1.1.162', 3),
(260, 10, 868, 'El usuario veronica.rojas creó actividad con el id 36', '2015-07-07 10:46:38', '10.1.1.162', 3),
(261, 10, 868, 'El usuario veronica.rojas actualizó item con el id 250', '2015-07-07 10:46:54', '10.1.1.162', 4),
(262, 10, 868, 'El usuario veronica.rojas actualizó actividad con el id 36', '2015-07-07 10:46:54', '10.1.1.162', 4),
(263, 10, 868, 'El usuario veronica.rojas envió a revisión actividad con el id 35', '2015-07-07 10:49:46', '10.1.1.162', 4),
(264, 10, 868, 'El usuario veronica.rojas envió a revisión actividad con el id 36', '2015-07-07 10:49:48', '10.1.1.162', 4),
(265, 10, 20, 'El usuario roberto.henriquez rechazó actividad con el id Array', '2015-07-07 10:55:56', '10.1.1.162', 4),
(266, 10, 20, 'El usuario roberto.henriquez aprobó actividad con el id Array', '2015-07-07 10:55:56', '10.1.1.162', 4),
(267, 10, 868, 'El usuario veronica.rojas actualizó item con el id 249', '2015-07-07 10:59:36', '10.1.1.162', 4),
(268, 10, 868, 'El usuario veronica.rojas actualizó actividad con el id 35', '2015-07-07 10:59:36', '10.1.1.162', 4),
(269, 10, 868, 'El usuario veronica.rojas actualizó item con el id 249', '2015-07-07 11:00:17', '10.1.1.162', 4),
(270, 10, 868, 'El usuario veronica.rojas actualizó actividad con el id 35', '2015-07-07 11:00:17', '10.1.1.162', 4),
(271, 10, 868, 'El usuario veronica.rojas ingresó logro del mes de 07 de la actividad con id 36', '2015-07-07 11:09:39', '10.1.1.162', 3),
(272, 10, 868, 'El usuario veronica.rojas actualizó logro del mes de 07 de la actividad con id 36', '2015-07-07 11:12:06', '10.1.1.162', 4),
(273, 10, 20, 'El usuario roberto.henriquez actualizó item con el id 250', '2015-07-07 11:20:32', '10.1.1.162', 4),
(274, 10, 20, 'El usuario roberto.henriquez actualizó actividad con el id 36', '2015-07-07 11:20:32', '10.1.1.162', 4),
(275, 5, 778, 'El usuario ricardo.orellana se inició sesión', '2015-07-07 11:44:41', '192.168.1.254', 1),
(276, 10, 20, 'El usuario roberto.henriquez creó PEI con el id 11', '2015-07-07 11:48:30', '10.1.1.162', 3),
(277, 5, 778, 'El usuario ricardo.orellana se inició sesión', '2015-07-07 11:50:11', '192.168.1.254', 1),
(278, 5, 778, 'El usuario ricardo.orellana se inició sesión', '2015-07-07 13:11:25', '192.168.1.254', 1),
(279, 5, 778, 'El usuario ricardo.orellana se inició sesión', '2015-07-07 13:16:54', '192.168.1.254', 1),
(280, 5, 166, 'El usuario celia.guardado inició sesión', '2015-07-07 13:21:50', '192.168.1.254', 1),
(281, 5, 778, 'El usuario ricardo.orellana creó una solicitud de transporte para Ricardo Neftali Orellana Juarez', '2015-07-07 13:31:06', '192.168.1.254', 3),
(282, 5, 220, 'El usuario edgardo.gonzalez inició sesión', '2015-07-07 14:00:09', '172.16.16.30', 1),
(283, 5, 220, 'El usuario edgardo.gonzalez cerró sesión', '2015-07-07 14:00:35', '172.16.16.30', 2),
(284, 5, 220, 'El usuario edgardo.gonzalez inició sesión', '2015-07-07 14:01:46', '172.16.16.30', 1),
(285, 5, 220, 'El usuario edgardo.gonzalez cerró sesión', '2015-07-07 14:04:14', '172.16.16.30', 2),
(286, 5, 778, 'El usuario ricardo.orellana se inició sesión', '2015-07-07 14:08:26', '192.168.1.254', 1),
(287, 5, 679, 'El usuario miguel.iraheta inició sesión', '2015-07-07 14:15:46', '192.168.1.254', 1),
(288, 5, 62, 'El usuario ana.huezo inició sesión', '2015-07-07 14:19:27', '192.168.1.254', 1),
(289, 5, 679, 'El usuario miguel.iraheta inició sesión', '2015-07-07 14:21:03', '192.168.2.99', 1),
(290, 5, 679, 'El usuario miguel.iraheta creó una solicitud de transporte para ', '2015-07-07 14:24:53', '192.168.2.99', 3),
(291, 5, 70, 'El usuario francisca.ramirez inició sesión', '2015-07-07 14:25:28', '192.168.7.158', 1),
(292, 5, 679, 'El usuario miguel.iraheta cerró sesión', '2015-07-07 14:28:32', '192.168.2.99', 2),
(293, 5, 70, 'El usuario francisca.ramirez inició sesión', '2015-07-07 14:43:42', '192.168.7.158', 1),
(294, 5, 330, 'El usuario guillermo.lainez inició sesión', '2015-07-07 14:51:37', '192.168.2.99', 1),
(295, 5, 330, 'El usuario guillermo.lainez creó una solicitud de transporte para ', '2015-07-07 15:04:44', '192.168.2.99', 3),
(296, 5, 330, 'El usuario guillermo.lainez cerró sesión', '2015-07-07 15:05:09', '192.168.2.99', 2),
(297, 5, 62, 'El usuario ana.huezo inició sesión', '2015-07-08 07:46:13', '192.168.1.254', 1),
(298, 5, 62, 'El usuario ana.huezo inició sesión', '2015-07-08 07:49:19', '192.168.1.254', 1),
(299, 5, 62, 'El usuario ana.huezo cerró sesión', '2015-07-08 07:49:36', '192.168.1.254', 2),
(300, 5, 62, 'El usuario ana.huezo inició sesión', '2015-07-08 07:57:48', '192.168.1.254', 1),
(301, 5, 149, 'El usuario carlos.sanchez se inició sesión', '2015-07-08 08:38:03', '192.168.2.99', 1),
(302, 5, 149, 'El usuario carlos.sanchez cerró sesión', '2015-07-08 08:40:17', '192.168.2.99', 2),
(303, 5, 699, 'El usuario nelson.argueta se inició sesión', '2015-07-08 09:47:45', '192.168.1.254', 1),
(304, 5, 70, 'El usuario francisca.ramirez inició sesión', '2015-07-08 09:48:36', '192.168.7.158', 1),
(305, 5, 18, 'El usuario  cerró sesión', '2015-07-08 10:14:26', '192.168.1.254', 2),
(306, 5, 699, 'El usuario nelson.argueta se inició sesión', '2015-07-08 10:14:53', '192.168.1.254', 1),
(307, 5, 699, 'El usuario nelson.argueta cerró sesión', '2015-07-08 10:15:32', '192.168.1.254', 2),
(308, 5, 649, 'El usuario marta.grijalba inició sesión', '2015-07-08 10:15:51', '192.168.1.254', 1),
(309, 5, 649, 'El usuario marta.grijalba cerró sesión', '2015-07-08 10:17:55', '192.168.1.254', 2),
(310, 5, 699, 'El usuario nelson.argueta se inició sesión', '2015-07-08 10:18:10', '192.168.1.254', 1),
(311, 5, 699, 'El usuario nelson.argueta cerró sesión', '2015-07-08 10:21:11', '192.168.1.254', 2),
(312, 5, 70, 'El usuario francisca.ramirez inició sesión', '2015-07-08 10:21:13', '192.168.7.158', 1),
(313, 5, 164, 'El usuario cecilio.bustamante inició sesión', '2015-07-08 10:23:30', '192.168.130.65', 1),
(314, 5, 0, 'El usuario  cerró sesión', '2015-07-08 10:25:40', '192.168.1.254', 2),
(315, 5, 699, 'El usuario nelson.argueta se inició sesión', '2015-07-08 10:50:47', '192.168.1.254', 1),
(316, 5, 164, 'El usuario cecilio.bustamante inició sesión', '2015-07-08 11:12:52', '192.168.130.65', 1),
(317, 5, 164, 'El usuario cecilio.bustamante asignó vehículo/motorista, correspondiente a la solicitud de transporte con ID 147', '2015-07-08 11:22:59', '192.168.7.163', 4),
(318, 5, 164, 'El usuario cecilio.bustamante asignó vehículo/motorista, correspondiente a la solicitud de transporte con ID 146', '2015-07-08 11:23:30', '192.168.7.163', 4),
(319, 5, 164, 'El usuario cecilio.bustamante aprobó la solicitud de transporte con ID 145', '2015-07-08 11:24:59', '192.168.7.163', 4),
(320, 5, 164, 'El usuario cecilio.bustamante aprobó la solicitud de transporte con ID 145', '2015-07-08 11:25:03', '192.168.7.163', 4),
(321, 5, 699, 'El usuario nelson.argueta cerró sesión', '2015-07-08 11:28:22', '192.168.1.254', 2),
(322, 5, 649, 'El usuario marta.grijalba inició sesión', '2015-07-08 11:28:36', '192.168.1.254', 1),
(323, 5, 649, 'El usuario marta.grijalba cerró sesión', '2015-07-08 11:29:35', '192.168.1.254', 2),
(324, 5, 699, 'El usuario nelson.argueta se inició sesión', '2015-07-08 11:30:44', '192.168.1.254', 1),
(325, 5, 699, 'El usuario nelson.argueta cerró sesión', '2015-07-08 11:31:03', '192.168.1.254', 2),
(326, 5, 264, 'El usuario ever.gomez inició sesión', '2015-07-08 11:31:13', '192.168.1.254', 1),
(327, 5, 264, 'El usuario ever.gomez cerró sesión', '2015-07-08 11:33:16', '192.168.1.254', 2),
(328, 5, 699, 'El usuario nelson.argueta se inició sesión', '2015-07-08 11:33:28', '192.168.1.254', 1),
(329, 5, 20, 'El usuario roberto.henriquez se inició sesión', '2015-07-08 11:48:44', '192.168.1.254', 1),
(330, 5, 699, 'El usuario nelson.argueta cerró sesión', '2015-07-08 12:03:15', '192.168.1.254', 2),
(331, 5, 450, 'El usuario jose.joya inició sesión', '2015-07-08 12:03:26', '192.168.1.254', 1),
(332, 5, 450, 'El usuario jose.joya cerró sesión', '2015-07-08 12:05:21', '192.168.1.254', 2),
(333, 5, 699, 'El usuario nelson.argueta se inició sesión', '2015-07-08 12:05:30', '192.168.1.254', 1),
(334, 5, 20, 'El usuario roberto.henriquez creó una solicitud de transporte para Jose Roberto Henriquez Garcia', '2015-07-08 12:16:42', '192.168.1.254', 3),
(335, 5, 20, 'El usuario roberto.henriquez cerró sesión', '2015-07-08 12:17:02', '192.168.1.254', 2),
(336, 5, 699, 'El usuario nelson.argueta cerró sesión', '2015-07-08 12:22:13', '192.168.1.254', 2),
(337, 5, 699, 'El usuario nelson.argueta se inició sesión', '2015-07-08 13:16:16', '192.168.1.254', 1),
(338, 5, 778, 'El usuario ricardo.orellana se inició sesión', '2015-07-08 13:40:06', '192.168.1.254', 1),
(339, 5, 778, 'El usuario ricardo.orellana se inició sesión', '2015-07-08 13:45:22', '192.168.1.254', 1),
(340, 5, 235, 'El usuario eileen.lozano se inició sesión', '2015-07-08 13:58:56', '192.168.1.254', 1),
(341, 5, 778, 'El usuario ricardo.orellana creó una solicitud de transporte para Ricardo Neftali Orellana Juarez', '2015-07-08 14:02:47', '192.168.1.254', 3),
(342, 5, 778, 'El usuario ricardo.orellana creó una solicitud de transporte para Ricardo Neftali Orellana Juarez', '2015-07-08 14:02:49', '192.168.1.254', 3),
(343, 5, 723, 'El usuario oscar.cruz inició sesión', '2015-07-08 14:06:11', '192.168.41.254', 1),
(344, 5, 778, 'El usuario ricardo.orellana creó una solicitud de transporte para Ricardo Neftali Orellana Juarez', '2015-07-08 14:10:23', '192.168.1.254', 3),
(345, 5, 235, 'El usuario eileen.lozano creó una solicitud de transporte para ', '2015-07-08 14:10:53', '192.168.1.254', 3),
(346, 5, 235, 'El usuario eileen.lozano modificó la solicitud de transporte con ID 152', '2015-07-08 14:15:02', '192.168.1.254', 4),
(347, 5, 778, 'El usuario ricardo.orellana creó una solicitud de transporte para Ricardo Neftali Orellana Juarez', '2015-07-08 14:28:16', '192.168.1.254', 3),
(348, 5, 70, 'El usuario francisca.ramirez inició sesión', '2015-07-08 14:42:04', '192.168.7.158', 1),
(349, 5, 235, 'El usuario eileen.lozano modificó la solicitud de transporte con ID 152', '2015-07-08 14:51:19', '192.168.1.254', 4),
(350, 5, 890, 'El usuario yanira.alfaro inició sesión', '2015-07-09 07:26:22', '192.168.2.99', 1),
(351, 5, 890, 'El usuario yanira.alfaro creó una solicitud de transporte para ', '2015-07-09 07:29:55', '192.168.2.99', 3),
(352, 5, 890, 'El usuario yanira.alfaro cerró sesión', '2015-07-09 07:30:08', '192.168.2.99', 2),
(353, 5, 723, 'El usuario oscar.cruz inició sesión', '2015-07-09 07:35:54', '192.168.41.254', 1),
(354, 5, 235, 'El usuario eileen.lozano se inició sesión', '2015-07-09 08:02:10', '192.168.1.254', 1),
(355, 5, 235, 'El usuario eileen.lozano creó una solicitud de transporte para ', '2015-07-09 08:06:47', '192.168.1.254', 3),
(356, 5, 166, 'El usuario celia.guardado inició sesión', '2015-07-09 08:43:59', '192.168.2.68', 1),
(357, 5, 166, 'El usuario celia.guardado cerró sesión', '2015-07-09 08:49:25', '192.168.2.68', 2),
(358, 5, 164, 'El usuario cecilio.bustamante asignó vehículo/motorista, correspondiente a la solicitud de transporte con ID 148', '2015-07-09 12:00:18', '192.168.7.163', 4),
(359, 5, 164, 'El usuario cecilio.bustamante asignó vehículo/motorista, correspondiente a la solicitud de transporte con ID 155', '2015-07-09 12:03:14', '192.168.7.163', 4),
(360, 5, 164, 'El usuario cecilio.bustamante asignó vehículo/motorista, correspondiente a la solicitud de transporte con ID 154', '2015-07-09 12:05:51', '192.168.7.163', 4),
(361, 5, 70, 'El usuario francisca.ramirez inició sesión', '2015-07-09 13:04:55', '192.168.7.158', 1),
(362, 5, 70, 'El usuario francisca.ramirez inició sesión', '2015-07-09 14:01:52', '192.168.7.158', 1),
(363, 5, 20, 'El usuario roberto.henriquez se inició sesión', '2015-07-09 15:02:38', '192.168.1.254', 1),
(364, 5, 138, 'El usuario carlos.luna inició sesión', '2015-07-10 07:39:04', '192.168.9.30', 1),
(365, 5, 138, 'El usuario carlos.luna creó una solicitud de transporte para ', '2015-07-10 07:43:49', '192.168.9.30', 3),
(366, 5, 138, 'El usuario carlos.luna cerró sesión', '2015-07-10 07:46:17', '192.168.9.30', 2),
(367, 5, 778, 'El usuario ricardo.orellana se inició sesión', '2015-07-10 09:18:20', '192.168.1.254', 1),
(368, 5, 778, 'El usuario ricardo.orellana creó una solicitud de transporte para Ricardo Neftali Orellana Juarez', '2015-07-10 09:33:52', '192.168.1.254', 3),
(369, 5, 778, 'El usuario ricardo.orellana creó una solicitud de transporte para Ricardo Neftali Orellana Juarez', '2015-07-10 09:33:54', '192.168.1.254', 3),
(370, 5, 168, 'El usuario cesar.linares se inició sesión', '2015-07-10 10:07:28', '192.168.1.254', 1),
(371, 5, 168, 'El usuario cesar.linares creó una solicitud de transporte para ', '2015-07-10 10:09:52', '192.168.1.254', 3),
(372, 5, 699, 'El usuario nelson.argueta se inició sesión', '2015-07-10 10:10:57', '192.168.1.254', 1),
(373, 5, 168, 'El usuario cesar.linares cerró sesión', '2015-07-10 10:22:58', '192.168.1.254', 2),
(374, 5, 699, 'El usuario nelson.argueta se inició sesión', '2015-07-10 10:39:17', '192.168.1.254', 1),
(375, 5, 699, 'El usuario nelson.argueta cerró sesión', '2015-07-10 10:39:33', '192.168.1.254', 2),
(376, 5, 699, 'El usuario nelson.argueta se inició sesión', '2015-07-10 10:41:17', '192.168.1.254', 1),
(377, 5, 699, 'El usuario nelson.argueta cerró sesión', '2015-07-10 10:47:40', '192.168.1.254', 2),
(378, 5, 699, 'El usuario nelson.argueta se inició sesión', '2015-07-10 10:52:31', '192.168.1.254', 1),
(379, 5, 699, 'El usuario nelson.argueta se inició sesión', '2015-07-10 10:58:23', '192.168.1.254', 1),
(380, 5, 778, 'El usuario ricardo.orellana se inició sesión', '2015-07-10 11:05:27', '192.168.1.254', 1),
(381, 5, 778, 'El usuario ricardo.orellana creó una solicitud de transporte para Ricardo Neftali Orellana Juarez', '2015-07-10 11:10:29', '192.168.1.254', 3),
(382, 5, 778, 'El usuario ricardo.orellana creó una solicitud de transporte para Ricardo Neftali Orellana Juarez', '2015-07-10 11:14:54', '192.168.1.254', 3),
(383, 5, 778, 'El usuario ricardo.orellana creó una solicitud de transporte para Ricardo Neftali Orellana Juarez', '2015-07-10 11:14:56', '192.168.1.254', 3),
(384, 5, 778, 'El usuario ricardo.orellana creó una solicitud de transporte para Ricardo Neftali Orellana Juarez', '2015-07-10 11:14:58', '192.168.1.254', 3),
(385, 5, 778, 'El usuario ricardo.orellana creó una solicitud de transporte para Ricardo Neftali Orellana Juarez', '2015-07-10 11:15:00', '192.168.1.254', 3),
(386, 5, 699, 'El usuario nelson.argueta cerró sesión', '2015-07-10 11:33:34', '192.168.1.254', 2),
(387, 5, 699, 'El usuario nelson.argueta se inició sesión', '2015-07-10 13:12:34', '192.168.1.254', 1),
(388, 5, 70, 'El usuario francisca.ramirez inició sesión', '2015-07-10 15:10:37', '192.168.7.158', 1),
(389, 5, 890, 'El usuario yanira.alfaro inició sesión', '2015-07-13 08:02:35', '192.168.1.254', 1),
(390, 5, 890, 'El usuario yanira.alfaro inició sesión', '2015-07-13 08:05:14', '192.168.1.254', 1),
(391, 5, 890, 'El usuario yanira.alfaro inició sesión', '2015-07-13 08:07:26', '192.168.2.99', 1),
(392, 5, 890, 'El usuario yanira.alfaro creó una solicitud de transporte para ', '2015-07-13 08:12:46', '192.168.2.99', 3),
(393, 5, 890, 'El usuario yanira.alfaro cerró sesión', '2015-07-13 08:13:01', '192.168.2.99', 2),
(394, 5, 164, 'El usuario cecilio.bustamante asignó vehículo/motorista, correspondiente a la solicitud de transporte con ID 165', '2015-07-13 09:14:00', '192.168.7.163', 4),
(395, 5, 70, 'El usuario francisca.ramirez inició sesión', '2015-07-13 09:40:46', '192.168.7.158', 1),
(396, 5, 70, 'El usuario francisca.ramirez inició sesión', '2015-07-13 09:54:29', '192.168.7.158', 1),
(397, 5, 20, 'El usuario roberto.henriquez se inició sesión', '2015-07-13 10:11:26', '192.168.1.254', 1),
(398, 5, 20, 'El usuario roberto.henriquez cerró sesión', '2015-07-13 10:11:48', '192.168.1.254', 2),
(399, 5, 649, 'El usuario marta.grijalba inició sesión', '2015-07-13 10:11:56', '192.168.1.254', 1),
(400, 5, 699, 'El usuario nelson.argueta se inició sesión', '2015-07-13 11:06:26', '192.168.1.254', 1),
(401, 5, 699, 'El usuario nelson.argueta cerró sesión', '2015-07-13 11:26:21', '192.168.1.254', 2),
(402, 5, 699, 'El usuario nelson.argueta se inició sesión', '2015-07-13 11:49:48', '192.168.1.254', 1),
(403, 5, 699, 'El usuario nelson.argueta cerró sesión', '2015-07-13 12:16:13', '192.168.1.254', 2),
(404, 5, 699, 'El usuario nelson.argueta se inició sesión', '2015-07-13 13:23:21', '192.168.1.254', 1),
(405, 5, 699, 'El usuario nelson.argueta se inició sesión', '2015-07-13 13:33:10', '192.168.1.254', 1),
(406, 5, 699, 'El usuario nelson.argueta cerró sesión', '2015-07-13 13:39:50', '192.168.1.254', 2),
(407, 5, 699, 'El usuario nelson.argueta se inició sesión', '2015-07-13 13:54:16', '192.168.1.254', 1),
(408, 5, 532, 'El usuario karla.rivas se inició sesión', '2015-07-13 14:01:55', '192.168.1.254', 1),
(409, 5, 532, 'El usuario karla.rivas creó una solicitud de transporte para ', '2015-07-13 14:10:03', '192.168.1.254', 3),
(410, 5, 699, 'El usuario nelson.argueta cerró sesión', '2015-07-13 14:10:27', '192.168.1.254', 2),
(411, 5, 532, 'El usuario karla.rivas cerró sesión', '2015-07-13 14:12:09', '192.168.1.254', 2),
(412, 5, 699, 'El usuario nelson.argueta se inició sesión', '2015-07-13 14:26:57', '192.168.1.254', 1),
(413, 5, 679, 'El usuario miguel.iraheta inició sesión', '2015-07-13 14:59:58', '192.168.1.254', 1),
(414, 5, 138, 'El usuario carlos.luna inició sesión', '2015-07-14 07:31:36', '192.168.9.30', 1),
(415, 5, 138, 'El usuario carlos.luna creó una solicitud de transporte para ', '2015-07-14 07:36:01', '192.168.9.30', 3),
(416, 5, 138, 'El usuario carlos.luna cerró sesión', '2015-07-14 07:36:20', '192.168.9.30', 2),
(417, 5, 70, 'El usuario francisca.ramirez inició sesión', '2015-07-14 11:26:05', '192.168.7.158', 1),
(418, 5, 70, 'El usuario francisca.ramirez inició sesión', '2015-07-14 11:45:30', '192.168.7.158', 1),
(419, 5, 70, 'El usuario francisca.ramirez inició sesión', '2015-07-14 11:53:37', '192.168.7.158', 1),
(420, 5, 778, 'El usuario ricardo.orellana se inició sesión', '2015-07-14 14:15:46', '192.168.1.254', 1),
(421, 5, 778, 'El usuario ricardo.orellana creó una solicitud de transporte para Ricardo Neftali Orellana Juarez', '2015-07-14 14:22:14', '192.168.1.254', 3),
(422, 5, 778, 'El usuario ricardo.orellana creó una solicitud de transporte para Ricardo Neftali Orellana Juarez', '2015-07-14 14:27:30', '192.168.1.254', 3),
(423, 5, 778, 'El usuario ricardo.orellana creó una solicitud de transporte para Ricardo Neftali Orellana Juarez', '2015-07-14 14:34:39', '192.168.1.254', 3),
(424, 5, 778, 'El usuario ricardo.orellana creó una solicitud de transporte para Ricardo Neftali Orellana Juarez', '2015-07-14 14:34:41', '192.168.1.254', 3),
(425, 5, 620, 'El usuario maria.lopez inició sesión', '2015-07-14 14:47:36', '192.168.1.254', 1),
(426, 5, 235, 'El usuario eileen.lozano se inició sesión', '2015-07-14 14:48:17', '192.168.1.254', 1),
(427, 5, 235, 'El usuario eileen.lozano creó una solicitud de transporte para ', '2015-07-14 14:53:02', '192.168.1.254', 3),
(428, 5, 890, 'El usuario yanira.alfaro inició sesión', '2015-07-15 07:43:41', '192.168.2.99', 1),
(429, 5, 890, 'El usuario yanira.alfaro creó una solicitud de transporte para ', '2015-07-15 07:46:14', '192.168.2.99', 3),
(430, 5, 890, 'El usuario yanira.alfaro creó una solicitud de transporte para ', '2015-07-15 07:46:17', '192.168.2.99', 3),
(431, 5, 890, 'El usuario yanira.alfaro cerró sesión', '2015-07-15 07:46:41', '192.168.2.99', 2),
(432, 5, 139, 'El usuario carlos.martinez se inició sesión', '2015-07-15 09:36:50', '192.168.91.254', 1),
(433, 5, 264, 'El usuario ever.gomez inició sesión', '2015-07-15 09:56:13', '192.168.91.254', 1),
(434, 5, 778, 'El usuario ricardo.orellana se inició sesión', '2015-07-15 14:41:02', '192.168.1.254', 1),
(435, 5, 778, 'El usuario ricardo.orellana se inició sesión', '2015-07-15 14:41:35', '192.168.1.254', 1),
(436, 5, 778, 'El usuario ricardo.orellana creó una solicitud de transporte para Ricardo Neftali Orellana Juarez', '2015-07-15 14:45:27', '192.168.1.254', 3),
(437, 5, 778, 'El usuario ricardo.orellana creó una solicitud de transporte para Ricardo Neftali Orellana Juarez', '2015-07-15 14:45:29', '192.168.1.254', 3),
(438, 5, 778, 'El usuario ricardo.orellana creó una solicitud de transporte para Ricardo Neftali Orellana Juarez', '2015-07-15 14:51:13', '192.168.1.254', 3),
(439, 5, 778, 'El usuario ricardo.orellana creó una solicitud de transporte para Ricardo Neftali Orellana Juarez', '2015-07-15 14:51:15', '192.168.1.254', 3),
(440, 5, 679, 'El usuario miguel.iraheta inició sesión', '2015-07-15 15:03:00', '192.168.2.99', 1),
(441, 5, 679, 'El usuario miguel.iraheta creó una solicitud de transporte para ', '2015-07-15 15:06:50', '192.168.2.99', 3),
(442, 5, 679, 'El usuario miguel.iraheta cerró sesión', '2015-07-15 15:07:13', '192.168.2.99', 2),
(443, 5, 138, 'El usuario carlos.luna inició sesión', '2015-07-16 07:22:05', '192.168.9.30', 1),
(444, 5, 138, 'El usuario carlos.luna creó una solicitud de transporte para ', '2015-07-16 07:24:33', '192.168.9.30', 3),
(445, 5, 138, 'El usuario carlos.luna creó una solicitud de transporte para ', '2015-07-16 07:24:37', '192.168.9.30', 3),
(446, 5, 138, 'El usuario carlos.luna cerró sesión', '2015-07-16 07:25:05', '192.168.9.30', 2),
(447, 5, 778, 'El usuario ricardo.orellana se inició sesión', '2015-07-16 10:43:33', '192.168.1.254', 1),
(448, 5, 70, 'El usuario francisca.ramirez inició sesión', '2015-07-16 11:48:56', '192.168.7.158', 1),
(449, 5, 70, 'El usuario francisca.ramirez inició sesión', '2015-07-16 12:20:19', '192.168.7.158', 1),
(450, 5, 235, 'El usuario eileen.lozano se inició sesión', '2015-07-16 14:24:41', '192.168.1.254', 1),
(451, 5, 235, 'El usuario eileen.lozano creó una solicitud de transporte para ', '2015-07-16 14:27:36', '192.168.1.254', 3),
(452, 5, 20, 'El usuario roberto.henriquez se inició sesión', '2015-07-16 14:37:50', '192.168.1.254', 1),
(453, 5, 138, 'El usuario carlos.luna inició sesión', '2015-07-17 07:21:06', '192.168.9.30', 1),
(454, 5, 138, 'El usuario carlos.luna creó una solicitud de transporte para ', '2015-07-17 07:26:21', '192.168.9.30', 3),
(455, 5, 138, 'El usuario carlos.luna cerró sesión', '2015-07-17 07:26:56', '192.168.9.30', 2),
(456, 5, 83, 'El usuario angel.cruz se inició sesión', '2015-07-17 07:56:34', '192.168.1.254', 1),
(457, 5, 83, 'El usuario angel.cruz creó una solicitud de transporte para Angel Willian Cruz Garcia', '2015-07-17 08:00:48', '192.168.1.254', 3),
(458, 5, 235, 'El usuario eileen.lozano se inició sesión', '2015-07-17 13:27:25', '192.168.1.254', 1),
(459, 5, 70, 'El usuario francisca.ramirez inició sesión', '2015-07-17 14:17:52', '192.168.7.158', 1),
(460, 5, 240, 'El usuario eliseo.huezo inició sesión', '2015-07-17 14:52:12', '10.242.2.6', 1),
(461, 5, 20, 'El usuario roberto.henriquez se inició sesión', '2015-07-20 07:26:23', '192.168.1.254', 1),
(462, 5, 20, 'El usuario roberto.henriquez cerró sesión', '2015-07-20 07:27:01', '192.168.1.254', 2),
(463, 5, 20, 'El usuario roberto.henriquez se inició sesión', '2015-07-20 07:40:55', '192.168.1.254', 1);
INSERT INTO `glb_bitacora` (`id_bitacora`, `id_sistema`, `id_usuario`, `descripcion`, `fecha_hora`, `IP`, `id_accion`) VALUES
(464, 5, 532, 'El usuario karla.rivas se inició sesión', '2015-07-20 07:43:40', '192.168.1.254', 1),
(465, 5, 890, 'El usuario yanira.alfaro inició sesión', '2015-07-20 07:44:41', '192.168.2.99', 1),
(466, 5, 890, 'El usuario yanira.alfaro creó una solicitud de transporte para ', '2015-07-20 07:48:12', '192.168.2.99', 3),
(467, 5, 890, 'El usuario yanira.alfaro cerró sesión', '2015-07-20 07:48:23', '192.168.2.99', 2),
(468, 5, 754, 'El usuario rafael.ferrufino inició sesión', '2015-07-20 07:51:32', '192.168.1.254', 1),
(469, 5, 20, 'El usuario roberto.henriquez creó una solicitud de transporte para Jose Roberto Henriquez Garcia', '2015-07-20 07:51:49', '192.168.1.254', 3),
(470, 5, 532, 'El usuario karla.rivas cerró sesión', '2015-07-20 07:52:38', '192.168.1.254', 2),
(471, 5, 20, 'El usuario roberto.henriquez aprobó la solicitud de transporte con ID 184', '2015-07-20 07:53:18', '192.168.1.254', 4),
(472, 5, 532, 'El usuario karla.rivas se inició sesión', '2015-07-20 07:56:44', '192.168.1.254', 1),
(473, 5, 493, 'El usuario juan.castillo se inició sesión', '2015-07-20 07:57:18', '192.168.1.254', 1),
(474, 5, 522, 'El usuario karen.cardoza se inició sesión', '2015-07-20 07:59:45', '192.168.1.254', 1),
(475, 5, 754, 'El usuario rafael.ferrufino inició sesión', '2015-07-20 08:00:05', '192.168.2.152', 1),
(476, 5, 232, 'El usuario edwin.martinez se inició sesión', '2015-07-20 08:00:48', '192.168.1.254', 1),
(477, 5, 522, 'El usuario karen.cardoza creó una solicitud de transporte para Karen Alexandra Cardoza Calles', '2015-07-20 08:03:03', '192.168.1.254', 3),
(478, 5, 522, 'El usuario karen.cardoza modificó la solicitud de transporte con ID 187', '2015-07-20 08:04:27', '192.168.1.254', 4),
(479, 5, 232, 'El usuario edwin.martinez creó una solicitud de transporte para ', '2015-07-20 08:06:04', '192.168.1.254', 3),
(480, 5, 456, 'El usuario Jose.Marchena se inició sesión', '2015-07-20 08:07:56', '192.168.2.79', 1),
(481, 5, 493, 'El usuario juan.castillo creó una solicitud de transporte para ', '2015-07-20 08:09:55', '192.168.1.254', 3),
(482, 5, 493, 'El usuario juan.castillo creó una solicitud de transporte para ', '2015-07-20 08:09:59', '192.168.1.254', 3),
(483, 5, 493, 'El usuario juan.castillo creó una solicitud de transporte para ', '2015-07-20 08:10:03', '192.168.1.254', 3),
(484, 5, 493, 'El usuario juan.castillo creó una solicitud de transporte para ', '2015-07-20 08:10:06', '192.168.1.254', 3),
(485, 5, 754, 'El usuario rafael.ferrufino inició sesión', '2015-07-20 08:10:19', '192.168.2.152', 1),
(486, 5, 628, 'El usuario maria.valle inició sesión', '2015-07-20 08:17:57', '192.168.2.138', 1),
(487, 5, 653, 'El usuario marvin.alvarado se inició sesión', '2015-07-20 08:18:40', '192.168.2.41', 1),
(488, 5, 456, 'El usuario Jose.Marchena creó una solicitud de transporte para ', '2015-07-20 08:19:55', '192.168.2.79', 3),
(489, 5, 456, 'El usuario Jose.Marchena creó una solicitud de transporte para ', '2015-07-20 08:19:58', '192.168.2.79', 3),
(490, 5, 456, 'El usuario Jose.Marchena creó una solicitud de transporte para ', '2015-07-20 08:20:02', '192.168.2.79', 3),
(491, 5, 456, 'El usuario Jose.Marchena creó una solicitud de transporte para ', '2015-07-20 08:20:06', '192.168.2.79', 3),
(492, 5, 754, 'El usuario rafael.ferrufino cerró sesión', '2015-07-20 08:20:29', '192.168.2.152', 2),
(493, 5, 754, 'El usuario rafael.ferrufino se inició sesión', '2015-07-20 08:20:46', '192.168.2.152', 1),
(494, 5, 456, 'El usuario Jose.Marchena cerró sesión', '2015-07-20 08:21:25', '192.168.2.79', 2),
(495, 5, 653, 'El usuario marvin.alvarado creó una solicitud de transporte para ', '2015-07-20 08:22:50', '192.168.2.41', 3),
(496, 5, 652, 'El usuario dilia.romero se inició sesión', '2015-07-20 08:24:02', '192.168.1.254', 1),
(497, 5, 653, 'El usuario marvin.alvarado cerró sesión', '2015-07-20 08:24:06', '192.168.2.41', 2),
(498, 5, 652, 'El usuario dilia.romero se inició sesión', '2015-07-20 08:26:46', '192.168.1.254', 1),
(499, 5, 754, 'El usuario rafael.ferrufino creó una solicitud de transporte para ', '2015-07-20 08:26:56', '192.168.2.152', 3),
(500, 5, 754, 'El usuario rafael.ferrufino cerró sesión', '2015-07-20 08:27:45', '192.168.2.152', 2),
(501, 5, 20, 'El usuario roberto.henriquez se inició sesión', '2015-07-20 08:30:13', '192.168.1.254', 1),
(502, 5, 20, 'El usuario roberto.henriquez cerró sesión', '2015-07-20 08:30:21', '192.168.1.254', 2),
(503, 5, 652, 'El usuario dilia.romero se inició sesión', '2015-07-20 08:30:37', '192.168.1.254', 1),
(504, 5, 778, 'El usuario ricardo.orellana se inició sesión', '2015-07-20 08:38:15', '192.168.1.254', 1),
(505, 5, 778, 'El usuario ricardo.orellana se inició sesión', '2015-07-20 08:44:46', '192.168.1.254', 1),
(506, 5, 652, 'El usuario dilia.romero inició sesión', '2015-07-20 10:06:56', '192.168.1.254', 1),
(507, 5, 18, 'El usuario  cerró sesión', '2015-07-20 10:08:13', '192.168.1.254', 2),
(508, 11, 20, 'El usuario roberto.henriquez se inició sesión', '2015-07-20 10:08:21', '192.168.1.254', 1),
(509, 11, 20, 'El usuario roberto.henriquez cerró sesión', '2015-07-20 10:09:06', '192.168.1.254', 2),
(510, 5, 652, 'El usuario dilia.romero inició sesión', '2015-07-20 10:09:16', '192.168.1.254', 1),
(511, 5, 164, 'El usuario cecilio.bustamante asignó vehículo/motorista, correspondiente a la solicitud de transporte con ID 198', '2015-07-20 10:15:18', '192.168.7.163', 4),
(512, 5, 652, 'El usuario dilia.romero se inició sesión', '2015-07-20 10:22:59', '192.168.1.254', 1),
(513, 5, 652, 'El usuario dilia.romero creó una solicitud de transporte para ', '2015-07-20 10:26:34', '192.168.1.254', 3),
(514, 5, 70, 'El usuario francisca.ramirez inició sesión', '2015-07-20 10:57:37', '192.168.7.158', 1),
(515, 5, 20, 'El usuario roberto.henriquez se inició sesión', '2015-07-20 11:02:50', '192.168.1.254', 1),
(516, 5, 778, 'El usuario ricardo.orellana se inició sesión', '2015-07-20 11:18:41', '192.168.1.254', 1),
(517, 5, 778, 'El usuario ricardo.orellana creó una solicitud de transporte para Ricardo Neftali Orellana Juarez', '2015-07-20 11:24:59', '192.168.1.254', 3),
(518, 5, 778, 'El usuario ricardo.orellana creó una solicitud de transporte para Ricardo Neftali Orellana Juarez', '2015-07-20 11:25:01', '192.168.1.254', 3),
(519, 5, 778, 'El usuario ricardo.orellana creó una solicitud de transporte para Ricardo Neftali Orellana Juarez', '2015-07-20 11:40:06', '192.168.1.254', 3),
(520, 5, 778, 'El usuario ricardo.orellana creó una solicitud de transporte para Ricardo Neftali Orellana Juarez', '2015-07-20 11:49:46', '192.168.1.254', 3),
(521, 5, 213, 'El usuario doris.reyes se inició sesión', '2015-07-20 11:54:05', '192.168.1.254', 1),
(522, 5, 778, 'El usuario ricardo.orellana creó una solicitud de transporte para Ricardo Neftali Orellana Juarez', '2015-07-20 11:58:40', '192.168.1.254', 3),
(523, 5, 213, 'El usuario doris.reyes creó una solicitud de transporte para Jose Franklin Pineda Barahona', '2015-07-20 12:08:49', '192.168.1.254', 3),
(524, 5, 70, 'El usuario francisca.ramirez inició sesión', '2015-07-20 12:22:01', '192.168.7.158', 1),
(525, 5, 149, 'El usuario carlos.sanchez se inició sesión', '2015-07-20 14:35:27', '192.168.2.99', 1),
(526, 5, 149, 'El usuario carlos.sanchez cerró sesión', '2015-07-20 14:49:51', '192.168.2.99', 2),
(527, 5, 83, 'El usuario angel.cruz se inició sesión', '2015-07-20 15:07:53', '192.168.1.254', 1),
(528, 5, 83, 'El usuario angel.cruz creó una solicitud de transporte para Angel Willian Cruz Garcia', '2015-07-20 15:11:34', '192.168.1.254', 3),
(529, 5, 0, 'El usuario  cerró sesión', '2015-07-20 15:40:29', '192.168.1.254', 2),
(530, 5, 138, 'El usuario carlos.luna inició sesión', '2015-07-21 07:42:01', '192.168.9.30', 1),
(531, 5, 138, 'El usuario carlos.luna creó una solicitud de transporte para ', '2015-07-21 07:44:47', '192.168.9.30', 3),
(532, 5, 70, 'El usuario francisca.ramirez inició sesión', '2015-07-21 08:15:04', '192.168.7.158', 1),
(533, 5, 890, 'El usuario yanira.alfaro inició sesión', '2015-07-22 07:46:54', '192.168.1.254', 1),
(534, 5, 890, 'El usuario yanira.alfaro inició sesión', '2015-07-22 07:54:18', '192.168.2.99', 1),
(535, 5, 890, 'El usuario yanira.alfaro cerró sesión', '2015-07-22 07:56:45', '192.168.2.99', 2),
(536, 5, 70, 'El usuario francisca.ramirez inició sesión', '2015-07-22 08:30:43', '192.168.7.158', 1),
(537, 5, 70, 'El usuario francisca.ramirez inició sesión', '2015-07-22 13:06:01', '192.168.7.158', 1),
(538, 5, 164, 'El usuario cecilio.bustamante inició sesión', '2015-07-22 13:33:02', '192.168.1.254', 1),
(539, 5, 778, 'El usuario ricardo.orellana se inició sesión', '2015-07-22 14:27:36', '192.168.1.254', 1),
(540, 5, 778, 'El usuario ricardo.orellana creó una solicitud de transporte para Ricardo Neftali Orellana Juarez', '2015-07-22 14:36:15', '192.168.1.254', 3),
(541, 5, 778, 'El usuario ricardo.orellana creó una solicitud de transporte para Ricardo Neftali Orellana Juarez', '2015-07-22 14:40:27', '192.168.1.254', 3),
(542, 5, 778, 'El usuario ricardo.orellana creó una solicitud de transporte para Ricardo Neftali Orellana Juarez', '2015-07-22 14:45:04', '192.168.1.254', 3),
(543, 5, 532, 'El usuario karla.rivas se inició sesión', '2015-07-23 07:38:25', '192.168.1.254', 1),
(544, 5, 138, 'El usuario carlos.luna inició sesión', '2015-07-23 07:46:50', '192.168.9.30', 1),
(545, 5, 138, 'El usuario carlos.luna creó una solicitud de transporte para ', '2015-07-23 07:50:41', '192.168.9.30', 3),
(546, 5, 138, 'El usuario carlos.luna cerró sesión', '2015-07-23 07:50:54', '192.168.9.30', 2),
(547, 5, 70, 'El usuario francisca.ramirez inició sesión', '2015-07-23 07:58:17', '192.168.7.158', 1),
(548, 5, 532, 'El usuario karla.rivas creó una solicitud de transporte para ', '2015-07-23 08:01:01', '192.168.1.254', 3),
(549, 5, 532, 'El usuario karla.rivas cerró sesión', '2015-07-23 08:01:24', '192.168.1.254', 2),
(550, 5, 70, 'El usuario francisca.ramirez inició sesión', '2015-07-23 13:53:35', '192.168.7.158', 1),
(551, 5, 70, 'El usuario francisca.ramirez inició sesión', '2015-07-23 14:24:40', '192.168.7.158', 1),
(552, 5, 70, 'El usuario francisca.ramirez inició sesión', '2015-07-24 07:30:18', '192.168.7.158', 1),
(553, 5, 890, 'El usuario yanira.alfaro inició sesión', '2015-07-24 07:37:28', '192.168.9.30', 1),
(554, 5, 890, 'El usuario yanira.alfaro creó una solicitud de transporte para ', '2015-07-24 07:39:54', '192.168.9.30', 3),
(555, 5, 890, 'El usuario yanira.alfaro cerró sesión', '2015-07-24 07:40:05', '192.168.9.30', 2),
(556, 5, 70, 'El usuario francisca.ramirez inició sesión', '2015-07-24 08:06:36', '192.168.7.158', 1),
(557, 5, 70, 'El usuario francisca.ramirez inició sesión', '2015-07-24 08:47:20', '192.168.7.158', 1),
(558, 5, 20, 'El usuario roberto.henriquez se inició sesión', '2015-07-24 11:21:28', '192.168.1.254', 1),
(559, 5, 778, 'El usuario ricardo.orellana se inició sesión', '2015-07-24 11:23:39', '192.168.1.254', 1),
(560, 5, 778, 'El usuario ricardo.orellana creó una solicitud de transporte para Ricardo Neftali Orellana Juarez', '2015-07-24 11:29:05', '192.168.1.254', 3),
(561, 5, 778, 'El usuario ricardo.orellana creó una solicitud de transporte para Ricardo Neftali Orellana Juarez', '2015-07-24 11:34:35', '192.168.1.254', 3),
(562, 5, 778, 'El usuario ricardo.orellana creó una solicitud de transporte para Ricardo Neftali Orellana Juarez', '2015-07-24 11:40:09', '192.168.1.254', 3),
(563, 5, 778, 'El usuario ricardo.orellana creó una solicitud de transporte para Ricardo Neftali Orellana Juarez', '2015-07-24 11:44:25', '192.168.1.254', 3),
(564, 5, 778, 'El usuario ricardo.orellana creó una solicitud de transporte para Ricardo Neftali Orellana Juarez', '2015-07-24 11:48:27', '192.168.1.254', 3),
(565, 5, 677, 'El usuario miguel.cuellar inició sesión', '2015-07-27 09:43:29', '192.168.1.254', 1),
(566, 5, 0, 'El usuario  cerró sesión', '2015-07-27 09:44:39', '192.168.1.254', 2),
(567, 5, 620, 'El usuario maria.lopez inició sesión', '2015-07-27 11:55:29', '192.168.1.254', 1),
(568, 5, 652, 'El usuario dilia.romero se inició sesión', '2015-07-27 14:52:06', '192.168.1.254', 1),
(569, 5, 204, 'El usuario deysi.renderos se inició sesión', '2015-07-27 14:58:40', '192.168.1.254', 1),
(570, 5, 70, 'El usuario francisca.ramirez inició sesión', '2015-07-28 07:39:46', '192.168.7.158', 1),
(571, 5, 70, 'El usuario francisca.ramirez inició sesión', '2015-07-28 08:25:05', '192.168.7.158', 1),
(572, 5, 204, 'El usuario deysi.renderos se inició sesión', '2015-07-28 11:51:13', '192.168.1.254', 1),
(573, 5, 70, 'El usuario francisca.ramirez inició sesión', '2015-07-28 13:05:09', '192.168.7.158', 1),
(574, 5, 240, 'El usuario eliseo.huezo inició sesión', '2015-07-28 15:06:56', '10.242.2.6', 1),
(575, 5, 778, 'El usuario ricardo.orellana se inició sesión', '2015-07-28 15:15:00', '192.168.1.254', 1),
(576, 5, 890, 'El usuario yanira.alfaro inició sesión', '2015-07-29 07:37:29', '192.168.1.254', 1),
(577, 5, 890, 'El usuario yanira.alfaro inició sesión', '2015-07-29 07:57:07', '192.168.1.254', 1),
(578, 5, 70, 'El usuario francisca.ramirez inició sesión', '2015-07-29 10:55:08', '192.168.7.158', 1),
(579, 5, 70, 'El usuario francisca.ramirez inició sesión', '2015-07-29 10:56:14', '192.168.7.158', 1),
(580, 5, 70, 'El usuario francisca.ramirez inició sesión', '2015-07-29 10:56:26', '192.168.7.158', 1),
(581, 5, 70, 'El usuario francisca.ramirez inició sesión', '2015-07-29 14:07:24', '192.168.7.158', 1),
(582, 5, 638, 'El usuario mario.panameno inició sesión', '2015-07-30 10:54:10', '192.168.1.254', 1),
(583, 5, 70, 'El usuario francisca.ramirez inició sesión', '2015-07-30 13:53:03', '192.168.7.158', 1),
(584, 5, 204, 'El usuario deysi.renderos se inició sesión', '2015-07-30 14:51:29', '192.168.1.254', 1),
(585, 5, 450, 'El usuario jose.joya inició sesión', '2015-07-31 13:20:00', '192.168.81.1', 1),
(586, 5, 450, 'El usuario jose.joya cerró sesión', '2015-07-31 13:35:05', '192.168.81.1', 2),
(587, 5, 204, 'El usuario deysi.renderos se inició sesión', '2015-07-31 13:43:01', '192.168.1.254', 1),
(588, 5, 723, 'El usuario oscar.cruz inició sesión', '2015-07-31 14:52:12', '192.168.41.254', 1),
(589, 5, 723, 'El usuario oscar.cruz inició sesión', '2015-08-03 08:00:56', '192.168.41.254', 1),
(590, 5, 147, 'El usuario carlos.rosales inició sesión', '2015-08-03 14:10:56', '192.168.45.254', 1),
(591, 5, 147, 'El usuario carlos.rosales cerró sesión', '2015-08-03 14:20:09', '192.168.45.254', 2),
(592, 5, 220, 'El usuario edgardo.gonzalez inició sesión', '2015-08-07 08:02:10', '192.168.16.254', 1),
(593, 5, 220, 'El usuario edgardo.gonzalez cerró sesión', '2015-08-07 08:03:39', '192.168.16.254', 2),
(594, 5, 220, 'El usuario edgardo.gonzalez inició sesión', '2015-08-07 08:03:44', '192.168.16.254', 1),
(595, 5, 220, 'El usuario edgardo.gonzalez inició sesión', '2015-08-07 08:03:45', '192.168.16.254', 1),
(596, 5, 220, 'El usuario edgardo.gonzalez cerró sesión', '2015-08-07 08:04:48', '192.168.16.254', 2),
(597, 5, 70, 'El usuario francisca.ramirez inició sesión', '2015-08-07 09:47:17', '192.168.7.158', 1),
(598, 5, 240, 'El usuario eliseo.huezo inició sesión', '2015-08-07 09:50:10', '10.242.2.6', 1),
(599, 5, 699, 'El usuario nelson.argueta se inició sesión', '2015-08-07 10:18:22', '192.168.1.254', 1),
(600, 5, 699, 'El usuario nelson.argueta cerró sesión', '2015-08-07 10:27:11', '192.168.1.254', 2),
(601, 5, 164, 'El usuario cecilio.bustamante asignó vehículo/motorista, correspondiente a la solicitud de transporte con ID 213', '2015-08-07 10:27:34', '192.168.7.163', 4),
(602, 5, 147, 'El usuario carlos.rosales inició sesión', '2015-08-07 10:27:43', '192.168.1.254', 1),
(603, 5, 147, 'El usuario carlos.rosales cerró sesión', '2015-08-07 10:28:55', '192.168.1.254', 2),
(604, 5, 699, 'El usuario nelson.argueta se inició sesión', '2015-08-07 10:29:06', '192.168.1.254', 1),
(605, 5, 699, 'El usuario nelson.argueta cerró sesión', '2015-08-07 10:30:05', '192.168.1.254', 2),
(606, 5, 147, 'El usuario carlos.rosales inició sesión', '2015-08-07 10:30:19', '192.168.1.254', 1),
(607, 5, 778, 'El usuario ricardo.orellana se inició sesión', '2015-08-07 10:30:24', '192.168.1.254', 1),
(608, 5, 147, 'El usuario carlos.rosales cerró sesión', '2015-08-07 10:30:28', '192.168.1.254', 2),
(609, 5, 699, 'El usuario nelson.argueta se inició sesión', '2015-08-07 10:30:42', '192.168.1.254', 1),
(610, 5, 70, 'El usuario francisca.ramirez inició sesión', '2015-08-07 10:31:11', '192.168.7.158', 1),
(611, 5, 778, 'El usuario ricardo.orellana se inició sesión', '2015-08-07 10:51:02', '192.168.1.254', 1),
(612, 5, 0, 'El usuario  cerró sesión', '2015-08-07 12:55:46', '192.168.1.254', 2),
(613, 5, 778, 'El usuario ricardo.orellana se inició sesión', '2015-08-07 14:28:24', '192.168.1.254', 1),
(614, 5, 778, 'El usuario ricardo.orellana creó una solicitud de transporte para Ricardo Neftali Orellana Juarez', '2015-08-07 14:34:24', '192.168.1.254', 3),
(615, 5, 731, 'El usuario oswaldo.pena inició sesión', '2015-08-07 14:36:42', '192.168.33.254', 1),
(616, 5, 778, 'El usuario ricardo.orellana creó una solicitud de transporte para Ricardo Neftali Orellana Juarez', '2015-08-07 14:39:08', '192.168.1.254', 3),
(617, 5, 778, 'El usuario ricardo.orellana creó una solicitud de transporte para Ricardo Neftali Orellana Juarez', '2015-08-07 14:41:47', '192.168.1.254', 3),
(618, 5, 731, 'El usuario oswaldo.pena cerró sesión', '2015-08-07 15:06:01', '192.168.33.254', 2),
(619, 5, 731, 'El usuario oswaldo.pena inició sesión', '2015-08-07 15:08:05', '192.168.33.254', 1),
(620, 5, 731, 'El usuario oswaldo.pena cerró sesión', '2015-08-07 15:12:17', '192.168.33.254', 2),
(621, 5, 204, 'El usuario deysi.renderos se inició sesión', '2015-08-10 07:43:41', '192.168.1.254', 1),
(622, 5, 800, 'El usuario romeo.soriano inició sesión', '2015-08-10 08:07:29', '192.168.51.254', 1),
(623, 5, 800, 'El usuario romeo.soriano cerró sesión', '2015-08-10 08:20:31', '192.168.51.254', 2),
(624, 5, 731, 'El usuario oswaldo.pena inició sesión', '2015-08-10 09:39:13', '192.168.33.254', 1),
(625, 5, 731, 'El usuario oswaldo.pena cerró sesión', '2015-08-10 09:47:11', '192.168.33.254', 2),
(626, 5, 70, 'El usuario francisca.ramirez inició sesión', '2015-08-10 10:30:33', '192.168.7.158', 1),
(627, 5, 213, 'El usuario doris.reyes se inició sesión', '2015-08-10 10:50:44', '192.168.1.254', 1),
(628, 5, 213, 'El usuario doris.reyes creó una solicitud de transporte para Napoleon Ernesto Escalante Ramos', '2015-08-10 10:56:30', '192.168.1.254', 3),
(629, 5, 83, 'El usuario angel.cruz se inició sesión', '2015-08-10 13:13:51', '192.168.1.254', 1),
(630, 5, 83, 'El usuario angel.cruz creó una solicitud de transporte para Angel Willian Cruz Garcia', '2015-08-10 13:16:29', '192.168.1.254', 3),
(631, 5, 83, 'El usuario angel.cruz creó una solicitud de transporte para Angel Willian Cruz Garcia', '2015-08-10 13:19:10', '192.168.1.254', 3),
(632, 5, 778, 'El usuario ricardo.orellana se inició sesión', '2015-08-11 14:46:41', '192.168.1.254', 1),
(633, 5, 778, 'El usuario ricardo.orellana creó una solicitud de transporte para Ricardo Neftali Orellana Juarez', '2015-08-11 14:53:36', '192.168.1.254', 3),
(634, 11, 20, 'El usuario roberto.henriquez se inició sesión', '2015-08-12 08:37:38', '192.168.130.15', 1),
(635, 11, 20, 'El usuario roberto.henriquez cerró sesión', '2015-08-12 09:17:53', '192.168.130.15', 2),
(636, 5, 70, 'El usuario francisca.ramirez inició sesión', '2015-08-12 11:58:12', '192.168.7.158', 1),
(637, 5, 692, 'El usuario napoleon.escalante se inició sesión', '2015-08-12 12:56:33', '192.168.1.254', 1),
(638, 5, 692, 'El usuario napoleon.escalante se inició sesión', '2015-08-12 12:57:23', '192.168.1.254', 1),
(639, 5, 692, 'El usuario napoleon.escalante se inició sesión', '2015-08-12 12:58:02', '192.168.1.254', 1),
(640, 5, 692, 'El usuario napoleon.escalante creó una solicitud de transporte para ', '2015-08-12 13:06:17', '192.168.1.254', 3),
(641, 5, 778, 'El usuario ricardo.orellana se inició sesión', '2015-08-12 14:50:53', '192.168.1.254', 1),
(642, 5, 778, 'El usuario ricardo.orellana se inició sesión', '2015-08-12 14:51:56', '192.168.1.254', 1),
(643, 5, 778, 'El usuario ricardo.orellana creó una solicitud de transporte para Ricardo Neftali Orellana Juarez', '2015-08-12 14:56:27', '192.168.1.254', 3),
(644, 5, 778, 'El usuario ricardo.orellana creó una solicitud de transporte para Ricardo Neftali Orellana Juarez', '2015-08-12 15:01:24', '192.168.1.254', 3),
(645, 5, 240, 'El usuario eliseo.huezo inició sesión', '2015-08-13 08:22:48', '10.242.2.6', 1),
(646, 5, 70, 'El usuario francisca.ramirez inició sesión', '2015-08-13 08:42:36', '192.168.7.158', 1),
(647, 5, 70, 'El usuario francisca.ramirez inició sesión', '2015-08-13 08:50:25', '192.168.7.158', 1),
(648, 5, 290, 'El usuario francisco.martinez inició sesión', '2015-08-13 08:56:19', '192.168.7.158', 1),
(649, 5, 70, 'El usuario francisca.ramirez inició sesión', '2015-08-13 09:27:32', '192.168.7.158', 1),
(650, 5, 778, 'El usuario ricardo.orellana se inició sesión', '2015-08-13 12:06:27', '192.168.1.254', 1),
(651, 5, 778, 'El usuario ricardo.orellana creó una solicitud de transporte para Ricardo Neftali Orellana Juarez', '2015-08-13 12:10:26', '192.168.1.254', 3),
(652, 5, 16, 'El usuario issa.funes inició sesión', '2015-08-14 08:00:09', '192.168.1.254', 1),
(653, 5, 731, 'El usuario oswaldo.pena inició sesión', '2015-08-14 10:02:11', '192.168.33.254', 1),
(654, 5, 731, 'El usuario oswaldo.pena cerró sesión', '2015-08-14 10:04:12', '192.168.33.254', 2),
(655, 5, 778, 'El usuario ricardo.orellana se inició sesión', '2015-08-17 09:55:55', '192.168.1.254', 1),
(656, 5, 778, 'El usuario ricardo.orellana creó una solicitud de transporte para Ricardo Neftali Orellana Juarez', '2015-08-17 10:01:14', '192.168.1.254', 3),
(657, 5, 778, 'El usuario ricardo.orellana creó una solicitud de transporte para Ricardo Neftali Orellana Juarez', '2015-08-17 10:01:16', '192.168.1.254', 3),
(658, 5, 778, 'El usuario ricardo.orellana creó una solicitud de transporte para Ricardo Neftali Orellana Juarez', '2015-08-17 10:05:55', '192.168.1.254', 3),
(659, 5, 778, 'El usuario ricardo.orellana creó una solicitud de transporte para Ricardo Neftali Orellana Juarez', '2015-08-17 10:05:57', '192.168.1.254', 3),
(660, 5, 778, 'El usuario ricardo.orellana creó una solicitud de transporte para Ricardo Neftali Orellana Juarez', '2015-08-17 10:09:35', '192.168.1.254', 3),
(661, 5, 778, 'El usuario ricardo.orellana creó una solicitud de transporte para Ricardo Neftali Orellana Juarez', '2015-08-17 10:09:37', '192.168.1.254', 3),
(662, 5, 778, 'El usuario ricardo.orellana creó una solicitud de transporte para Ricardo Neftali Orellana Juarez', '2015-08-17 10:13:41', '192.168.1.254', 3),
(663, 5, 778, 'El usuario ricardo.orellana creó una solicitud de transporte para Ricardo Neftali Orellana Juarez', '2015-08-17 10:13:43', '192.168.1.254', 3),
(664, 5, 778, 'El usuario ricardo.orellana creó una solicitud de transporte para Ricardo Neftali Orellana Juarez', '2015-08-17 10:17:30', '192.168.1.254', 3),
(665, 5, 778, 'El usuario ricardo.orellana se inició sesión', '2015-08-17 10:36:32', '192.168.1.254', 1),
(666, 5, 692, 'El usuario napoleon.escalante se inició sesión', '2015-08-17 11:04:21', '192.168.1.254', 1),
(667, 5, 692, 'El usuario napoleon.escalante creó una solicitud de transporte para ', '2015-08-17 11:10:00', '192.168.1.254', 3),
(668, 5, 692, 'El usuario napoleon.escalante creó una solicitud de transporte para ', '2015-08-17 11:10:01', '192.168.1.254', 3),
(669, 5, 692, 'El usuario napoleon.escalante creó una solicitud de transporte para ', '2015-08-17 11:10:03', '192.168.1.254', 3),
(670, 5, 699, 'El usuario nelson.argueta se inició sesión', '2015-08-17 13:55:49', '192.168.1.254', 1),
(671, 5, 699, 'El usuario nelson.argueta cerró sesión', '2015-08-17 14:06:38', '192.168.1.254', 2),
(672, 5, 70, 'El usuario francisca.ramirez inició sesión', '2015-08-17 14:32:32', '192.168.7.158', 1),
(673, 5, 20, 'El usuario roberto.henriquez se inició sesión', '2015-08-18 08:22:32', '192.168.1.254', 1),
(674, 5, 699, 'El usuario nelson.argueta se inició sesión', '2015-08-19 10:08:26', '192.168.1.254', 1),
(675, 5, 20, 'El usuario roberto.henriquez se inició sesión', '2015-08-19 10:18:56', '192.168.1.254', 1),
(676, 5, 20, 'El usuario roberto.henriquez se inició sesión', '2015-08-19 11:26:02', '192.168.1.254', 1),
(677, 5, 699, 'El usuario nelson.argueta cerró sesión', '2015-08-19 11:35:05', '192.168.1.254', 2),
(678, 5, 699, 'El usuario nelson.argueta se inició sesión', '2015-08-19 11:35:12', '192.168.1.254', 1),
(679, 5, 699, 'El usuario nelson.argueta cerró sesión', '2015-08-19 12:16:40', '192.168.1.254', 2),
(680, 5, 699, 'El usuario nelson.argueta se inició sesión', '2015-08-19 12:37:43', '192.168.1.254', 1),
(681, 5, 699, 'El usuario nelson.argueta cerró sesión', '2015-08-19 13:27:34', '192.168.1.254', 2),
(682, 5, 20, 'El usuario roberto.henriquez se inició sesión', '2015-08-19 13:30:23', '192.168.1.254', 1),
(683, 5, 778, 'El usuario ricardo.orellana se inició sesión', '2015-08-19 15:08:25', '192.168.1.254', 1),
(684, 5, 778, 'El usuario ricardo.orellana creó una solicitud de transporte para Ricardo Neftali Orellana Juarez', '2015-08-19 15:12:44', '192.168.1.254', 3),
(685, 5, 778, 'El usuario ricardo.orellana creó una solicitud de transporte para Ricardo Neftali Orellana Juarez', '2015-08-19 15:18:16', '192.168.1.254', 3),
(686, 5, 20, 'El usuario roberto.henriquez se inició sesión', '2015-08-20 08:41:28', '192.168.1.254', 1),
(687, 5, 699, 'El usuario nelson.argueta se inició sesión', '2015-08-20 09:47:41', '192.168.1.254', 1),
(688, 5, 699, 'El usuario nelson.argueta cerró sesión', '2015-08-20 09:56:44', '192.168.1.254', 2),
(689, 5, 699, 'El usuario nelson.argueta se inició sesión', '2015-08-20 09:57:07', '192.168.1.254', 1),
(690, 5, 699, 'El usuario nelson.argueta cerró sesión', '2015-08-20 10:00:20', '192.168.1.254', 2),
(691, 5, 699, 'El usuario nelson.argueta se inició sesión', '2015-08-20 10:06:02', '192.168.1.254', 1),
(692, 5, 699, 'El usuario nelson.argueta cerró sesión', '2015-08-20 10:29:11', '192.168.1.254', 2),
(693, 5, 699, 'El usuario nelson.argueta se inició sesión', '2015-08-20 10:36:59', '192.168.1.254', 1),
(694, 5, 20, 'El usuario roberto.henriquez se inició sesión', '2015-08-20 12:06:31', '192.168.3.240', 1),
(695, 5, 699, 'El usuario nelson.argueta se inició sesión', '2015-08-20 12:58:20', '192.168.1.254', 1),
(696, 5, 20, 'El usuario roberto.henriquez se inició sesión', '2015-08-20 13:12:17', '192.168.3.240', 1),
(697, 5, 20, 'El usuario roberto.henriquez se inició sesión', '2015-08-20 13:48:20', '192.168.3.240', 1),
(698, 5, 139, 'El usuario carlos.martinez se inició sesión', '2015-08-20 13:59:48', '192.168.1.254', 1),
(699, 5, 699, 'El usuario nelson.argueta se inició sesión', '2015-08-20 14:03:11', '192.168.1.254', 1),
(700, 5, 699, 'El usuario nelson.argueta cerró sesión', '2015-08-20 14:03:32', '192.168.1.254', 2),
(701, 5, 699, 'El usuario nelson.argueta se inició sesión', '2015-08-20 14:04:25', '192.168.1.254', 1),
(702, 5, 139, 'El usuario carlos.martinez cerró sesión', '2015-08-20 14:07:36', '192.168.1.254', 2),
(703, 5, 699, 'Se registró consumo de combustible, con id_consumo 1070 correspondiente a la factura numero 60901', '2015-08-20 14:08:53', '192.168.1.254', 3),
(704, 5, 0, 'El usuario  cerró sesión', '2015-08-20 14:14:15', '192.168.1.254', 2),
(705, 5, 0, 'El usuario  cerró sesión', '2015-08-20 15:06:53', '192.168.1.254', 2),
(706, 5, 699, 'El usuario nelson.argueta se inició sesión', '2015-08-21 10:24:53', '192.168.1.254', 1),
(707, 5, 699, 'Se registró consumo de combustible, con id_consumo 1071 correspondiente a la factura numero 61086', '2015-08-21 10:40:42', '192.168.1.254', 3),
(708, 5, 699, 'Se registró consumo de combustible, con id_consumo 1072 correspondiente a la factura numero 61462', '2015-08-21 10:42:59', '192.168.1.254', 3),
(709, 5, 699, 'Se registró consumo de combustible, con id_consumo 1073 correspondiente a la factura numero 61627', '2015-08-21 10:46:21', '192.168.1.254', 3),
(710, 5, 699, 'Se registró consumo de combustible, con id_consumo 1074 correspondiente a la factura numero 61843', '2015-08-21 10:48:35', '192.168.1.254', 3),
(711, 5, 699, 'Se registró consumo de combustible, con id_consumo 1075 correspondiente a la factura numero 62040', '2015-08-21 10:52:21', '192.168.1.254', 3),
(712, 5, 699, 'Se registró consumo de combustible, con id_consumo 1076 correspondiente a la factura numero 62617', '2015-08-21 11:12:50', '192.168.1.254', 3),
(713, 5, 699, 'Se registró consumo de combustible, con id_consumo 1077 correspondiente a la factura numero 62619', '2015-08-21 11:40:34', '192.168.1.254', 3),
(714, 5, 699, 'Se registró consumo de combustible, con id_consumo 1078 correspondiente a la factura numero 62855', '2015-08-21 11:44:21', '192.168.1.254', 3),
(715, 5, 699, 'Se registró consumo de combustible, con id_consumo 1079 correspondiente a la factura numero 63066', '2015-08-21 11:50:01', '192.168.1.254', 3),
(716, 5, 699, 'El usuario nelson.argueta se inició sesión', '2015-08-21 13:49:32', '192.168.1.254', 1),
(717, 5, 699, 'Se registró consumo de combustible, con id_consumo 1080 correspondiente a la factura numero 63286', '2015-08-21 13:53:05', '192.168.1.254', 3),
(718, 5, 699, 'Se registró consumo de combustible, con id_consumo 1081 correspondiente a la factura numero 63474', '2015-08-21 13:56:12', '192.168.1.254', 3),
(719, 5, 699, 'Se autorizó una requicisión  con id_requisicion 203', '2015-08-21 14:00:04', '192.168.1.254', 4),
(720, 5, 699, 'Se entregarón los vales autorizados a la requsición con id_requisicion 203', '2015-08-21 14:00:36', '192.168.1.254', 4),
(721, 5, 699, 'Se autorizó una requicisión  con id_requisicion 204', '2015-08-21 14:00:52', '192.168.1.254', 4),
(722, 5, 699, 'Se autorizó una requicisión  con id_requisicion 196', '2015-08-21 14:01:02', '192.168.1.254', 4),
(723, 5, 699, 'Se autorizó una requicisión  con id_requisicion 198', '2015-08-21 14:01:10', '192.168.1.254', 4),
(724, 5, 699, 'Se autorizó una requicisión  con id_requisicion 205', '2015-08-21 14:02:06', '192.168.1.254', 4),
(725, 5, 699, 'Se autorizó una requicisión  con id_requisicion 206', '2015-08-21 14:02:13', '192.168.1.254', 4),
(727, 5, 699, 'El usuario nelson.argueta cerró sesión', '2015-08-21 14:04:11', '192.168.1.254', 2),
(728, 5, 699, 'El usuario nelson.argueta se inició sesión', '2015-08-21 14:04:21', '192.168.1.254', 1),
(729, 5, 43, 'El usuario alma.portillo se inició sesión', '2015-08-21 14:07:40', '192.168.130.60', 1),
(730, 5, 699, 'El usuario nelson.argueta cerró sesión', '2015-08-21 14:09:23', '192.168.1.254', 2),
(731, 5, 890, 'El usuario yanira.alfaro inició sesión', '2015-08-24 07:49:11', '192.168.1.254', 1),
(732, 5, 890, 'El usuario yanira.alfaro inició sesión', '2015-08-24 07:54:00', '192.168.2.99', 1),
(733, 5, 890, 'El usuario yanira.alfaro creó una solicitud de transporte para ', '2015-08-24 07:58:09', '192.168.2.99', 3),
(734, 5, 890, 'El usuario yanira.alfaro cerró sesión', '2015-08-24 07:58:28', '192.168.2.99', 2),
(735, 5, 778, 'El usuario ricardo.orellana se inició sesión', '2015-08-24 09:49:16', '192.168.1.254', 1),
(736, 5, 778, 'El usuario ricardo.orellana creó una solicitud de transporte para Ricardo Neftali Orellana Juarez', '2015-08-24 09:58:38', '192.168.1.254', 3),
(737, 5, 778, 'El usuario ricardo.orellana creó una solicitud de transporte para Ricardo Neftali Orellana Juarez', '2015-08-24 09:58:40', '192.168.1.254', 3),
(738, 5, 778, 'El usuario ricardo.orellana creó una solicitud de transporte para Ricardo Neftali Orellana Juarez', '2015-08-24 10:05:53', '192.168.1.254', 3),
(739, 5, 213, 'El usuario doris.reyes se inició sesión', '2015-08-24 10:07:59', '192.168.1.254', 1),
(740, 5, 213, 'El usuario doris.reyes creó una solicitud de transporte para Robin Antonio Medina Garcia', '2015-08-24 10:10:52', '192.168.1.254', 3),
(741, 5, 778, 'El usuario ricardo.orellana creó una solicitud de transporte para Ricardo Neftali Orellana Juarez', '2015-08-24 10:14:28', '192.168.1.254', 3),
(742, 5, 778, 'El usuario ricardo.orellana creó una solicitud de transporte para Ricardo Neftali Orellana Juarez', '2015-08-24 10:21:53', '192.168.1.254', 3),
(743, 5, 778, 'El usuario ricardo.orellana creó una solicitud de transporte para Ricardo Neftali Orellana Juarez', '2015-08-24 10:21:55', '192.168.1.254', 3),
(744, 5, 778, 'El usuario ricardo.orellana creó una solicitud de transporte para Ricardo Neftali Orellana Juarez', '2015-08-24 10:36:26', '192.168.1.254', 3),
(745, 5, 164, 'El usuario cecilio.bustamante asignó vehículo/motorista, correspondiente a la solicitud de transporte con ID 245', '2015-08-24 11:49:16', '192.168.7.163', 4),
(746, 5, 164, 'El usuario cecilio.bustamante asignó vehículo/motorista, correspondiente a la solicitud de transporte con ID 248', '2015-08-24 11:53:55', '192.168.7.163', 4),
(747, 5, 70, 'El usuario francisca.ramirez inició sesión', '2015-08-24 14:43:58', '192.168.7.158', 1),
(748, 5, 70, 'Registró el ingreso del vehículo con número de placa N-7578 al taller del MTPS en la fecha 24-08-2015', '2015-08-24 14:46:16', '192.168.7.158', 3),
(749, 5, 70, 'Modificó el registro de ingreso al taller del MTPS con ID 268', '2015-08-24 14:47:02', '192.168.7.158', 4),
(750, 5, 70, 'Guardó un nuevo registro de mantenimiento vehicular en el taller del MTPS, realizado al vehículo con número de placa: N-7578 en la fecha 24-08-2015 por el mecánico ', '2015-08-24 14:51:21', '192.168.7.158', 3),
(751, 5, 330, 'El usuario guillermo.lainez inició sesión', '2015-08-24 14:58:58', '192.168.2.99', 1),
(752, 5, 330, 'El usuario guillermo.lainez creó una solicitud de transporte para ', '2015-08-24 15:10:41', '192.168.2.99', 3),
(753, 5, 330, 'El usuario guillermo.lainez cerró sesión', '2015-08-24 15:12:51', '192.168.2.99', 2),
(754, 5, 70, 'El usuario francisca.ramirez inició sesión', '2015-08-25 07:32:58', '192.168.7.158', 1),
(755, 5, 778, 'El usuario ricardo.orellana se inició sesión', '2015-08-25 08:22:47', '192.168.1.254', 1),
(756, 5, 778, 'El usuario ricardo.orellana creó una solicitud de transporte para Ricardo Neftali Orellana Juarez', '2015-08-25 08:40:10', '192.168.1.254', 3),
(757, 5, 778, 'El usuario ricardo.orellana creó una solicitud de transporte para Ricardo Neftali Orellana Juarez', '2015-08-25 08:46:33', '192.168.1.254', 3),
(758, 5, 778, 'El usuario ricardo.orellana creó una solicitud de transporte para Ricardo Neftali Orellana Juarez', '2015-08-25 08:51:30', '192.168.1.254', 3),
(759, 5, 164, 'El usuario cecilio.bustamante asignó vehículo/motorista, correspondiente a la solicitud de transporte con ID 250', '2015-08-25 09:21:06', '192.168.7.163', 4),
(760, 5, 778, 'El usuario ricardo.orellana se inició sesión', '2015-08-25 09:29:04', '192.168.1.254', 1),
(761, 5, 213, 'El usuario doris.reyes se inició sesión', '2015-08-25 13:17:22', '192.168.1.254', 1),
(762, 5, 139, 'El usuario carlos.martinez se inició sesión', '2015-08-25 13:25:20', '192.168.1.254', 1),
(763, 5, 213, 'El usuario doris.reyes creó una solicitud de transporte para Doris Elizabeth Reyes Lopez', '2015-08-25 13:39:28', '192.168.1.254', 3),
(764, 5, 213, 'El usuario doris.reyes se inició sesión', '2015-08-25 14:01:52', '192.168.1.254', 1),
(765, 5, 213, 'El usuario doris.reyes creó una solicitud de transporte para Napoleon Ernesto Escalante Ramos', '2015-08-25 14:09:52', '192.168.1.254', 3),
(766, 5, 70, 'El usuario francisca.ramirez inició sesión', '2015-08-26 07:58:44', '192.168.7.158', 1),
(767, 5, 70, 'El usuario francisca.ramirez inició sesión', '2015-08-26 08:03:24', '192.168.7.158', 1),
(768, 5, 164, 'El usuario cecilio.bustamante asignó vehículo/motorista, correspondiente a la solicitud de transporte con ID 247', '2015-08-26 12:59:34', '192.168.7.163', 4),
(769, 5, 164, 'El usuario cecilio.bustamante asignó vehículo/motorista, correspondiente a la solicitud de transporte con ID 253', '2015-08-26 13:02:11', '192.168.7.163', 4),
(770, 5, 164, 'El usuario cecilio.bustamante asignó vehículo/motorista, correspondiente a la solicitud de transporte con ID 255', '2015-08-26 13:02:42', '192.168.7.163', 4),
(771, 5, 164, 'El usuario cecilio.bustamante denegó la asignación de vehículo/motorista, correspondiente a la solicitud de transporte con ID 258', '2015-08-26 13:03:50', '192.168.7.163', 4),
(772, 5, 890, 'El usuario yanira.alfaro inició sesión', '2015-08-26 14:16:06', '192.168.1.254', 1),
(773, 5, 890, 'El usuario yanira.alfaro inició sesión', '2015-08-26 14:17:49', '192.168.1.254', 1),
(774, 5, 699, 'El usuario nelson.argueta se inició sesión', '2015-08-27 13:44:47', '192.168.1.254', 1),
(775, 5, 0, 'El usuario  cerró sesión', '2015-08-27 15:04:12', '192.168.1.254', 2),
(776, 5, 70, 'El usuario francisca.ramirez inició sesión', '2015-08-28 12:04:10', '192.168.7.158', 1),
(777, 5, 70, 'Registró el ingreso del vehículo con número de placa N-12476 al taller del MTPS en la fecha 28-08-2015', '2015-08-28 12:06:11', '192.168.7.158', 3),
(778, 5, 70, 'Guardó un nuevo registro de mantenimiento vehicular en el taller del MTPS, realizado al vehículo con número de placa: N-12476 en la fecha 26-08-2015 por el mecánico Francisco Martinez Pineda', '2015-08-28 12:09:15', '192.168.7.158', 3),
(779, 5, 70, 'Guardó el registro de alta en el taller del MTPS al vehículo con placa N-12476,\r\n						  el cual fue entregado a Cecilio Bustamante Salinas en la fecha 28-08-2015', '2015-08-28 12:09:49', '192.168.7.158', 3),
(780, 5, 70, 'Registró el ingreso del vehículo con número de placa N-9083 al taller del MTPS en la fecha 26-08-2015', '2015-08-28 12:11:10', '192.168.7.158', 3),
(781, 5, 70, 'Guardó un nuevo registro de mantenimiento vehicular en el taller del MTPS, realizado al vehículo con número de placa: N-9083 en la fecha 26-08-2015 por el mecánico Francisco Martinez Pineda', '2015-08-28 12:12:47', '192.168.7.158', 3),
(782, 5, 70, 'Guardó el registro de alta en el taller del MTPS al vehículo con placa N-9083,\r\n						  el cual fue entregado a Jose Gilberto  Torres Chevez  en la fecha 28-08-2015', '2015-08-28 12:13:05', '192.168.7.158', 3),
(783, 5, 70, 'Registró el ingreso del vehículo con número de placa P-552214 al taller del MTPS en la fecha 26-08-2015', '2015-08-28 12:14:48', '192.168.7.158', 3),
(784, 5, 70, 'Guardó un nuevo registro de mantenimiento vehicular en el taller del MTPS, realizado al vehículo con número de placa: P-552214 en la fecha 26-08-2015 por el mecánico Francisco Martinez Pineda', '2015-08-28 12:20:19', '192.168.7.158', 3),
(785, 5, 778, 'El usuario ricardo.orellana se inició sesión', '2015-08-28 14:31:24', '192.168.1.254', 1),
(786, 5, 778, 'El usuario ricardo.orellana creó una solicitud de transporte para Ricardo Neftali Orellana Juarez', '2015-08-28 14:36:01', '192.168.1.254', 3),
(787, 5, 778, 'El usuario ricardo.orellana creó una solicitud de transporte para Ricardo Neftali Orellana Juarez', '2015-08-28 14:40:47', '192.168.1.254', 3),
(788, 5, 778, 'El usuario ricardo.orellana creó una solicitud de transporte para Ricardo Neftali Orellana Juarez', '2015-08-28 14:52:43', '192.168.1.254', 3),
(789, 5, 213, 'El usuario doris.reyes se inició sesión', '2015-08-31 11:10:25', '192.168.1.254', 1),
(790, 5, 778, 'El usuario ricardo.orellana se inició sesión', '2015-08-31 11:28:43', '192.168.1.254', 1),
(791, 5, 778, 'El usuario ricardo.orellana creó una solicitud de transporte para Ricardo Neftali Orellana Juarez', '2015-08-31 11:32:44', '192.168.1.254', 3),
(792, 5, 778, 'El usuario ricardo.orellana creó una solicitud de transporte para Ricardo Neftali Orellana Juarez', '2015-08-31 11:39:43', '192.168.1.254', 3),
(793, 5, 70, 'El usuario francisca.ramirez inició sesión', '2015-08-31 13:06:07', '192.168.7.158', 1),
(794, 5, 20, 'El usuario roberto.henriquez se inició sesión', '2015-08-31 13:40:33', '192.168.1.254', 1),
(795, 5, 213, 'El usuario doris.reyes creó una solicitud de transporte para Angel Willian Cruz Garcia', '2015-08-31 13:50:31', '192.168.1.254', 3),
(796, 5, 213, 'El usuario doris.reyes se inició sesión', '2015-08-31 14:37:11', '192.168.1.254', 1),
(797, 5, 213, 'El usuario doris.reyes creó una solicitud de transporte para Jose Franklin Pineda Barahona', '2015-08-31 14:42:31', '192.168.1.254', 3),
(798, 5, 213, 'El usuario doris.reyes creó una solicitud de transporte para Carlos Enrique Martinez Criollo', '2015-08-31 14:46:17', '192.168.1.254', 3),
(799, 5, 213, 'El usuario doris.reyes creó una solicitud de transporte para Angel Willian Cruz Garcia', '2015-08-31 15:06:37', '192.168.1.254', 3),
(800, 5, 16, 'El usuario issa.funes inició sesión', '2015-09-01 09:24:47', '192.168.1.254', 1),
(801, 5, 723, 'El usuario oscar.cruz inició sesión', '2015-09-01 09:25:58', '192.168.41.254', 1),
(802, 5, 16, 'Se registró consumo de combustible, con id_consumo 1082 correspondiente a la factura numero 65172', '2015-09-01 09:25:59', '192.168.1.254', 3),
(803, 5, 16, 'Se registró consumo de combustible, con id_consumo 1083 correspondiente a la factura numero 65186', '2015-09-01 09:26:45', '192.168.1.254', 3),
(804, 5, 699, 'El usuario nelson.argueta se inició sesión', '2015-09-01 09:30:31', '192.168.1.254', 1),
(805, 5, 699, 'El usuario nelson.argueta cerró sesión', '2015-09-01 09:31:32', '192.168.1.254', 2),
(806, 5, 240, 'El usuario eliseo.huezo inició sesión', '2015-09-01 09:31:36', '10.242.2.6', 1),
(807, 5, 723, 'El usuario oscar.cruz inició sesión', '2015-09-01 09:32:49', '192.168.41.254', 1),
(808, 5, 240, 'Se guardó una requicisión  con id_requisicion 207', '2015-09-01 09:43:41', '10.242.2.6', 3),
(809, 5, 240, 'Se guardó una requicisión  con id_requisicion 208', '2015-09-01 09:44:17', '10.242.2.6', 3),
(810, 5, 147, 'El usuario carlos.rosales inició sesión', '2015-09-01 09:55:18', '192.168.45.254', 1),
(811, 5, 147, 'Se guardó una requicisión  con id_requisicion 209', '2015-09-01 09:56:51', '192.168.45.254', 3),
(812, 5, 147, 'El usuario carlos.rosales inició sesión', '2015-09-01 10:00:27', '192.168.45.254', 1),
(813, 5, 147, 'El usuario carlos.rosales cerró sesión', '2015-09-01 10:03:32', '192.168.45.254', 2),
(814, 5, 213, 'El usuario doris.reyes se inició sesión', '2015-09-01 10:11:56', '192.168.1.254', 1),
(815, 5, 692, 'El usuario napoleon.escalante se inició sesión', '2015-09-01 14:27:22', '192.168.1.254', 1),
(816, 5, 692, 'El usuario napoleon.escalante creó una solicitud de transporte para ', '2015-09-01 14:39:49', '192.168.1.254', 3),
(817, 5, 731, 'El usuario oswaldo.pena inició sesión', '2015-09-01 15:01:21', '192.168.33.254', 1),
(818, 5, 731, 'El usuario oswaldo.pena cerró sesión', '2015-09-01 15:04:16', '192.168.33.254', 2),
(819, 5, 778, 'El usuario ricardo.orellana se inició sesión', '2015-09-02 14:32:31', '192.168.1.254', 1),
(820, 5, 778, 'El usuario ricardo.orellana creó una solicitud de transporte para Ricardo Neftali Orellana Juarez', '2015-09-02 14:42:05', '192.168.1.254', 3),
(821, 5, 778, 'El usuario ricardo.orellana creó una solicitud de transporte para Ricardo Neftali Orellana Juarez', '2015-09-02 14:51:57', '192.168.1.254', 3),
(822, 5, 778, 'El usuario ricardo.orellana creó una solicitud de transporte para Ricardo Neftali Orellana Juarez', '2015-09-02 14:59:16', '192.168.1.254', 3),
(823, 5, 778, 'El usuario ricardo.orellana se inició sesión', '2015-09-02 15:02:26', '192.168.1.254', 1),
(824, 5, 213, 'El usuario doris.reyes se inició sesión', '2015-09-03 07:28:07', '192.168.1.254', 1),
(825, 5, 70, 'El usuario francisca.ramirez inició sesión', '2015-09-03 10:48:47', '192.168.7.158', 1),
(826, 5, 70, 'Guardó el registro de alta en el taller del MTPS al vehículo con placa N-7578,\r\n						  el cual fue entregado a Cecilio Bustamante Salinas en la fecha 26-08-2015', '2015-09-03 10:49:48', '192.168.7.158', 3),
(827, 5, 70, 'Guardó el registro de alta en el taller del MTPS al vehículo con placa P-552214,\r\n						  el cual fue entregado a Cecilio Bustamante Salinas en la fecha 31-08-2015', '2015-09-03 10:50:16', '192.168.7.158', 3),
(828, 5, 70, 'Registró el ingreso del vehículo con número de placa N-9083 al taller del MTPS en la fecha 25-08-2015', '2015-09-03 10:51:41', '192.168.7.158', 3),
(829, 5, 70, 'Guardó el registro de alta en el taller del MTPS al vehículo con placa N-9083,\r\n						  el cual fue entregado a Jose Gilberto  Torres Chevez  en la fecha 28-08-2015', '2015-09-03 10:52:34', '192.168.7.158', 3),
(830, 5, 70, 'Registró el ingreso del vehículo con número de placa P-552214 al taller del MTPS en la fecha 26-08-2015', '2015-09-03 10:53:55', '192.168.7.158', 3),
(831, 5, 70, 'Guardó un nuevo registro de mantenimiento vehicular en el taller del MTPS, realizado al vehículo con número de placa: P-552214 en la fecha 27-08-2015 por el mecánico Francisco Martinez Pineda', '2015-09-03 10:55:12', '192.168.7.158', 3),
(832, 5, 70, 'Guardó un nuevo registro de mantenimiento vehicular en el taller del MTPS, realizado al vehículo con número de placa: P-552214 en la fecha 27-08-2015 por el mecánico Francisco Martinez Pineda', '2015-09-03 10:56:04', '192.168.7.158', 3),
(833, 5, 70, 'Guardó el registro de alta en el taller del MTPS al vehículo con placa P-552214,\r\n						  el cual fue entregado a Cecilio Bustamante Salinas en la fecha 27-08-2015', '2015-09-03 10:56:38', '192.168.7.158', 3),
(834, 5, 70, 'Registró el ingreso del vehículo con número de placa N-6103 al taller del MTPS en la fecha 31-08-2015', '2015-09-03 10:57:43', '192.168.7.158', 3),
(835, 5, 70, 'Guardó un nuevo registro de mantenimiento vehicular en el taller del MTPS, realizado al vehículo con número de placa: N-6103 en la fecha 31-08-2015 por el mecánico Francisco Martinez Pineda', '2015-09-03 10:58:37', '192.168.7.158', 3),
(836, 5, 70, 'Guardó el registro de alta en el taller del MTPS al vehículo con placa N-6103,\r\n						  el cual fue entregado a Juan Carlos  Cabrera Henriquez  en la fecha 01-09-2015', '2015-09-03 10:59:00', '192.168.7.158', 3),
(837, 5, 70, 'Registró el ingreso del vehículo con número de placa N-5618 al taller del MTPS en la fecha 01-09-2015', '2015-09-03 10:59:49', '192.168.7.158', 3),
(838, 5, 70, 'Guardó un nuevo registro de mantenimiento vehicular en el taller del MTPS, realizado al vehículo con número de placa: N-5618 en la fecha 01-09-2015 por el mecánico Francisco Martinez Pineda', '2015-09-03 11:00:36', '192.168.7.158', 3),
(840, 5, 70, 'Guardó el registro de alta en el taller del MTPS al vehículo con placa N-5618,\r\n						  el cual fue entregado a Jose Francisco  Vasquez Gutierrez  en la fecha 02-09-2015', '2015-09-03 11:02:04', '192.168.7.158', 3),
(842, 5, 149, 'El usuario carlos.sanchez se inició sesión', '2015-09-03 11:34:52', '192.168.2.99', 1),
(843, 5, 149, 'El usuario carlos.sanchez se inició sesión', '2015-09-03 11:35:21', '192.168.2.99', 1),
(844, 5, 149, 'El usuario carlos.sanchez cerró sesión', '2015-09-03 11:36:32', '192.168.2.99', 2),
(845, 5, 70, 'El usuario francisca.ramirez inició sesión', '2015-09-04 09:07:46', '192.168.7.158', 1),
(848, 5, 70, 'El usuario francisca.ramirez inició sesión', '2015-09-04 11:46:59', '192.168.7.158', 1),
(850, 5, 778, 'El usuario ricardo.orellana se inició sesión', '2015-09-04 11:55:06', '192.168.1.254', 1),
(851, 5, 778, 'El usuario ricardo.orellana creó una solicitud de transporte para Ricardo Neftali Orellana Juarez', '2015-09-04 12:00:50', '192.168.1.254', 3),
(852, 5, 778, 'El usuario ricardo.orellana creó una solicitud de transporte para Ricardo Neftali Orellana Juarez', '2015-09-04 12:05:32', '192.168.1.254', 3),
(853, 5, 778, 'El usuario ricardo.orellana creó una solicitud de transporte para Ricardo Neftali Orellana Juarez', '2015-09-04 12:12:05', '192.168.1.254', 3),
(854, 5, 240, 'El usuario eliseo.huezo inició sesión', '2015-09-04 15:40:30', '10.242.2.6', 1),
(855, 5, 240, 'El usuario eliseo.huezo inició sesión', '2015-09-04 15:40:47', '10.242.2.6', 1),
(856, 5, 778, 'El usuario ricardo.orellana se inició sesión', '2015-09-07 07:56:23', '192.168.1.254', 1),
(857, 5, 778, 'El usuario ricardo.orellana creó una solicitud de transporte para Ricardo Neftali Orellana Juarez', '2015-09-07 08:01:53', '192.168.1.254', 3),
(858, 5, 778, 'El usuario ricardo.orellana creó una solicitud de transporte para Ricardo Neftali Orellana Juarez', '2015-09-07 08:05:12', '192.168.1.254', 3),
(859, 5, 213, 'El usuario doris.reyes se inició sesión', '2015-09-07 08:19:30', '192.168.1.254', 1),
(860, 5, 213, 'El usuario doris.reyes creó una solicitud de transporte para Napoleon Ernesto Escalante Ramos', '2015-09-07 08:29:51', '192.168.1.254', 3),
(861, 5, 213, 'El usuario doris.reyes creó una solicitud de transporte para Angel Willian Cruz Garcia', '2015-09-07 08:47:35', '192.168.1.254', 3),
(862, 5, 70, 'El usuario francisca.ramirez inició sesión', '2015-09-07 13:43:09', '192.168.7.158', 1),
(863, 5, 20, 'El usuario roberto.henriquez se inició sesión', '2015-09-08 07:29:53', '192.168.1.254', 1),
(864, 11, 20, 'El usuario roberto.henriquez se inició sesión', '2015-09-08 09:05:39', '192.168.1.254', 1),
(865, 5, 70, 'El usuario francisca.ramirez inició sesión', '2015-09-08 09:12:07', '192.168.7.158', 1),
(866, 5, 70, 'Registró el ingreso del vehículo con número de placa N-5435 al taller del MTPS en la fecha 07-09-2015', '2015-09-08 09:22:41', '192.168.7.158', 3),
(867, 5, 70, 'Guardó un nuevo registro de mantenimiento vehicular en el taller del MTPS, realizado al vehículo con número de placa: N-5435 en la fecha 07-09-2015 por el mecánico Francisco Martinez Pineda', '2015-09-08 09:23:33', '192.168.7.158', 3),
(868, 5, 70, 'Guardó un nuevo registro de mantenimiento vehicular en el taller del MTPS, realizado al vehículo con número de placa: N-5435 en la fecha 07-09-2015 por el mecánico Francisco Martinez Pineda', '2015-09-08 09:23:34', '192.168.7.158', 3),
(869, 5, 70, 'Guardó el registro de alta en el taller del MTPS al vehículo con placa N-5435,\r\n						  el cual fue entregado a KENNET SERRANO en la fecha 07-09-2015', '2015-09-08 09:24:08', '192.168.7.158', 3),
(870, 5, 70, 'Registró el ingreso del vehículo con número de placa N-17008 al taller del MTPS en la fecha 07-09-2015', '2015-09-08 09:25:00', '192.168.7.158', 3),
(871, 5, 70, 'Guardó un nuevo registro de mantenimiento vehicular en el taller del MTPS, realizado al vehículo con número de placa: N-17008 en la fecha 07-09-2015 por el mecánico Francisco Martinez Pineda', '2015-09-08 09:26:21', '192.168.7.158', 3),
(872, 5, 70, 'Guardó el registro de alta en el taller del MTPS al vehículo con placa N-17008,\r\n						  el cual fue entregado a Juan Antonio  Jorge Mendez  en la fecha 07-09-2015', '2015-09-08 09:29:43', '192.168.7.158', 3);
INSERT INTO `glb_bitacora` (`id_bitacora`, `id_sistema`, `id_usuario`, `descripcion`, `fecha_hora`, `IP`, `id_accion`) VALUES
(873, 5, 70, 'Registró el ingreso del vehículo con número de placa N-14443 al taller del MTPS en la fecha 07-09-2015', '2015-09-08 09:33:27', '192.168.7.158', 3),
(874, 5, 70, 'Guardó un nuevo registro de mantenimiento vehicular en el taller del MTPS, realizado al vehículo con número de placa: N-14443 en la fecha 08-09-2015 por el mecánico Francisco Martinez Pineda', '2015-09-08 09:34:35', '192.168.7.158', 3),
(875, 5, 70, 'Modificó el registro de ingreso al taller del MTPS con ID 283', '2015-09-08 09:35:37', '192.168.7.158', 4),
(876, 5, 70, 'El usuario francisca.ramirez inició sesión', '2015-09-08 14:29:35', '192.168.7.158', 1),
(877, 5, 240, 'El usuario eliseo.huezo inició sesión', '2015-09-09 08:10:12', '10.242.2.6', 1),
(878, 5, 778, 'El usuario ricardo.orellana se inició sesión', '2015-09-09 10:32:26', '192.168.1.254', 1),
(879, 5, 890, 'El usuario yanira.alfaro inició sesión', '2015-09-09 11:27:23', '192.168.1.254', 1),
(880, 5, 778, 'El usuario ricardo.orellana creó una solicitud de transporte para Ricardo Neftali Orellana Juarez', '2015-09-09 11:53:12', '192.168.1.254', 3),
(881, 5, 778, 'El usuario ricardo.orellana creó una solicitud de transporte para Ricardo Neftali Orellana Juarez', '2015-09-09 11:58:05', '192.168.1.254', 3),
(882, 5, 778, 'El usuario ricardo.orellana creó una solicitud de transporte para Ricardo Neftali Orellana Juarez', '2015-09-09 12:08:23', '192.168.1.254', 3),
(883, 5, 890, 'El usuario yanira.alfaro inició sesión', '2015-09-10 07:45:49', '192.168.1.254', 1),
(884, 9, 20, 'Inicio de session por active directory', '2015-09-10 07:47:38', '192.168.1.254', 1),
(885, 5, 890, 'El usuario yanira.alfaro inició sesión', '2015-09-10 07:47:41', '192.168.2.99', 1),
(886, 5, 890, 'El usuario yanira.alfaro creó una solicitud de transporte para ', '2015-09-10 07:51:51', '192.168.2.99', 3),
(887, 5, 890, 'El usuario yanira.alfaro creó una solicitud de transporte para ', '2015-09-10 07:51:55', '192.168.2.99', 3),
(888, 5, 890, 'El usuario yanira.alfaro creó una solicitud de transporte para ', '2015-09-10 07:51:59', '192.168.2.99', 3),
(889, 5, 890, 'El usuario yanira.alfaro cerró sesión', '2015-09-10 07:52:10', '192.168.2.99', 2),
(890, 9, 20, 'Agregado(s) empleado(s)  para ser evaluados por  id_empleado 13', '2015-09-10 07:55:03', '192.168.1.254', 3),
(891, 9, 20, 'Agregado(s) empleado(s) 830 para ser evaluados por  id_empleado 13', '2015-09-10 07:55:36', '192.168.1.254', 3),
(892, 5, 20, 'El usuario roberto.henriquez se inició sesión', '2015-09-10 09:36:27', '192.168.1.254', 1),
(893, 5, 70, 'El usuario francisca.ramirez inició sesión', '2015-09-10 09:37:17', '192.168.7.158', 1),
(894, 5, 20, 'El usuario roberto.henriquez cerró sesión', '2015-09-10 09:41:32', '192.168.1.254', 2),
(895, 5, 0, 'El usuario  cerró sesión', '2015-09-10 09:41:32', '192.168.1.254', 2),
(896, 5, 213, 'El usuario doris.reyes se inició sesión', '2015-09-10 11:24:20', '192.168.1.254', 1),
(897, 5, 213, 'El usuario doris.reyes creó una solicitud de transporte para Angel Willian Cruz Garcia', '2015-09-10 11:44:19', '192.168.1.254', 3),
(898, 5, 778, 'El usuario ricardo.orellana se inició sesión', '2015-09-10 13:05:23', '192.168.1.254', 1),
(899, 5, 778, 'El usuario ricardo.orellana creó una solicitud de transporte para Ricardo Neftali Orellana Juarez', '2015-09-10 13:09:55', '192.168.1.254', 3),
(900, 5, 778, 'El usuario ricardo.orellana se inició sesión', '2015-09-11 08:32:27', '192.168.1.254', 1),
(901, 5, 778, 'El usuario ricardo.orellana creó una solicitud de transporte para Ricardo Neftali Orellana Juarez', '2015-09-11 08:45:08', '192.168.1.254', 3),
(902, 5, 778, 'El usuario ricardo.orellana creó una solicitud de transporte para Ricardo Neftali Orellana Juarez', '2015-09-11 08:53:04', '192.168.1.254', 3),
(903, 5, 70, 'El usuario francisca.ramirez inició sesión', '2015-09-11 09:09:13', '192.168.7.158', 1),
(904, 5, 20, 'El usuario roberto.henriquez se inició sesión', '2015-09-11 09:28:23', '192.168.1.254', 1),
(905, 5, 20, 'El usuario roberto.henriquez cerró sesión', '2015-09-11 09:29:37', '192.168.1.254', 2),
(906, 5, 228, 'El usuario eduardo.reyes inició sesión', '2015-09-11 09:30:14', '192.168.1.254', 1),
(907, 5, 228, 'El usuario eduardo.reyes cerró sesión', '2015-09-11 09:31:07', '192.168.1.254', 2),
(908, 5, 778, 'El usuario ricardo.orellana se inició sesión', '2015-09-11 12:04:01', '192.168.1.254', 1),
(909, 5, 778, 'El usuario ricardo.orellana creó una solicitud de transporte para Ricardo Neftali Orellana Juarez', '2015-09-11 12:06:32', '192.168.1.254', 3),
(910, 5, 778, 'El usuario ricardo.orellana creó una solicitud de transporte para Ricardo Neftali Orellana Juarez', '2015-09-11 12:10:49', '192.168.1.254', 3),
(911, 5, 204, 'El usuario deysi.renderos inició sesión', '2015-09-11 14:53:56', '192.168.1.254', 1),
(912, 5, 204, 'El usuario deysi.renderos se inició sesión', '2015-09-11 15:05:31', '192.168.1.254', 1),
(913, 5, 62, 'El usuario ana.huezo inició sesión', '2015-09-14 07:48:20', '192.168.1.254', 1),
(914, 5, 62, 'El usuario ana.huezo inició sesión', '2015-09-14 07:56:52', '192.168.1.254', 1),
(915, 5, 304, 'El usuario frida.montes inició sesión', '2015-09-14 08:02:55', '192.168.1.254', 1),
(916, 5, 311, 'El usuario german.herrera inició sesión', '2015-09-14 08:04:27', '192.168.1.254', 1),
(917, 5, 304, 'El usuario frida.montes creó una solicitud de transporte para ', '2015-09-14 08:11:31', '192.168.1.254', 3),
(918, 5, 304, 'El usuario frida.montes cerró sesión', '2015-09-14 08:11:50', '192.168.1.254', 2),
(919, 5, 62, 'El usuario ana.huezo creó una solicitud de transporte para ', '2015-09-14 08:15:22', '192.168.1.254', 3),
(920, 5, 311, 'El usuario german.herrera creó una solicitud de transporte para ', '2015-09-14 08:16:21', '192.168.1.254', 3),
(921, 5, 311, 'El usuario german.herrera cerró sesión', '2015-09-14 08:17:19', '192.168.1.254', 2),
(922, 5, 62, 'El usuario ana.huezo creó una solicitud de transporte para ', '2015-09-14 08:24:10', '192.168.1.254', 3),
(923, 5, 62, 'El usuario ana.huezo creó una solicitud de transporte para ', '2015-09-14 08:24:13', '192.168.1.254', 3),
(924, 5, 62, 'El usuario ana.huezo creó una solicitud de transporte para ', '2015-09-14 08:24:17', '192.168.1.254', 3),
(925, 5, 62, 'El usuario ana.huezo creó una solicitud de transporte para ', '2015-09-14 08:24:21', '192.168.1.254', 3),
(926, 5, 62, 'El usuario ana.huezo creó una solicitud de transporte para ', '2015-09-14 08:24:24', '192.168.1.254', 3),
(927, 5, 62, 'El usuario ana.huezo eliminó (desactivó) la solicitud de transporte con ID 298', '2015-09-14 08:26:16', '192.168.1.254', 5),
(928, 5, 62, 'El usuario ana.huezo eliminó (desactivó) la solicitud de transporte con ID 297', '2015-09-14 08:26:32', '192.168.1.254', 5),
(929, 5, 62, 'El usuario ana.huezo eliminó (desactivó) la solicitud de transporte con ID 296', '2015-09-14 08:26:44', '192.168.1.254', 5),
(930, 5, 62, 'El usuario ana.huezo eliminó (desactivó) la solicitud de transporte con ID 295', '2015-09-14 08:26:56', '192.168.1.254', 5),
(931, 5, 778, 'El usuario ricardo.orellana se inició sesión', '2015-09-14 08:46:45', '192.168.1.254', 1),
(932, 5, 778, 'El usuario ricardo.orellana creó una solicitud de transporte para Ricardo Neftali Orellana Juarez', '2015-09-14 08:52:53', '192.168.1.254', 3),
(933, 5, 164, 'El usuario cecilio.bustamante asignó vehículo/motorista, correspondiente a la solicitud de transporte con ID 294', '2015-09-14 09:16:01', '192.168.7.163', 4),
(934, 5, 164, 'El usuario cecilio.bustamante asignó vehículo/motorista, correspondiente a la solicitud de transporte con ID 288', '2015-09-14 09:20:48', '192.168.7.163', 4),
(935, 5, 164, 'El usuario cecilio.bustamante asignó vehículo/motorista, correspondiente a la solicitud de transporte con ID 289', '2015-09-14 09:21:26', '192.168.7.163', 4),
(936, 5, 164, 'El usuario cecilio.bustamante asignó vehículo/motorista, correspondiente a la solicitud de transporte con ID 291', '2015-09-14 09:22:25', '192.168.7.163', 4),
(937, 5, 164, 'El usuario cecilio.bustamante asignó vehículo/motorista, correspondiente a la solicitud de transporte con ID 299', '2015-09-14 09:23:41', '192.168.7.163', 4),
(938, 9, 15, 'Inicio de session por contraseña', '2015-09-14 10:43:33', '192.168.1.254', 1),
(939, 5, 213, 'El usuario doris.reyes se inició sesión', '2015-09-14 10:44:13', '192.168.1.254', 1),
(940, 5, 692, 'El usuario napoleon.escalante se inició sesión', '2015-09-14 10:45:18', '192.168.1.254', 1),
(941, 5, 692, 'El usuario napoleon.escalante creó una solicitud de transporte para ', '2015-09-14 10:48:53', '192.168.1.254', 3),
(942, 5, 692, 'El usuario napoleon.escalante creó una solicitud de transporte para ', '2015-09-14 10:48:55', '192.168.1.254', 3),
(943, 5, 692, 'El usuario napoleon.escalante creó una solicitud de transporte para ', '2015-09-14 10:48:57', '192.168.1.254', 3),
(944, 5, 692, 'El usuario napoleon.escalante creó una solicitud de transporte para ', '2015-09-14 10:48:59', '192.168.1.254', 3),
(945, 5, 692, 'El usuario napoleon.escalante creó una solicitud de transporte para ', '2015-09-14 10:49:00', '192.168.1.254', 3),
(946, 5, 692, 'El usuario napoleon.escalante creó una solicitud de transporte para ', '2015-09-14 10:49:02', '192.168.1.254', 3),
(947, 9, 15, 'Realizada evaluación, guardada con id_evaluacion 1748', '2015-09-14 10:49:06', '192.168.1.254', 3),
(948, 11, 20, 'El usuario roberto.henriquez se inició sesión', '2015-09-14 10:52:44', '192.168.1.254', 1),
(949, 5, 213, 'El usuario doris.reyes creó una solicitud de transporte para Angel Willian Cruz Garcia', '2015-09-14 10:59:27', '192.168.1.254', 3),
(950, 9, 15, 'Realizada una revision de la evaluación, guardada con id_evaluacion_version: 72', '2015-09-14 11:20:13', '192.168.1.254', 3),
(951, 9, 15, 'Inicio de session por contraseña', '2015-09-14 11:22:27', '192.168.1.254', 1),
(952, 9, 15, 'Quitado(s) empleado(s) 4 para asignarlos a id_empleado 13', '2015-09-14 11:38:08', '192.168.1.254', 5),
(953, 9, 15, 'Agregado(s) empleado(s) 4 para ser evaluados por  id_empleado 13', '2015-09-14 11:38:08', '192.168.1.254', 3),
(954, 9, 15, 'Agregado(s) empleado(s)  para ser evaluados por  id_empleado 13', '2015-09-14 11:40:01', '192.168.1.254', 3),
(955, 9, 15, 'Quitado(s) empleado(s) 162,192,261,271,318,431,434,592,628,744,1000055,1000056,1000057 para asignarlos a id_empleado 1000094', '2015-09-14 11:45:25', '192.168.1.254', 5),
(956, 9, 15, 'Agregado(s) empleado(s) 162,192,261,271,318,431,434,592,628,744,1000055,1000056,1000057 para ser evaluados por  id_empleado 1000094', '2015-09-14 11:45:25', '192.168.1.254', 3),
(957, 9, 15, 'Agregado(s) empleado(s)  para ser evaluados por  id_empleado 1000094', '2015-09-14 11:46:50', '192.168.1.254', 3),
(958, 5, 228, 'El usuario eduardo.reyes inició sesión', '2015-09-16 07:59:56', '192.168.1.254', 1),
(959, 5, 228, 'El usuario eduardo.reyes creó una solicitud de transporte para ', '2015-09-16 08:05:22', '192.168.1.254', 3),
(960, 5, 228, 'El usuario eduardo.reyes cerró sesión', '2015-09-16 08:05:36', '192.168.1.254', 2),
(961, 5, 758, 'El usuario raquel.garcia inició sesión', '2015-09-16 08:06:00', '192.168.1.254', 1),
(962, 5, 777, 'El usuario ricardo.herrera inició sesión', '2015-09-16 08:07:29', '192.168.1.254', 1),
(963, 5, 758, 'El usuario raquel.garcia creó una solicitud de transporte para ', '2015-09-16 08:11:25', '192.168.1.254', 3),
(964, 5, 758, 'El usuario raquel.garcia cerró sesión', '2015-09-16 08:11:37', '192.168.1.254', 2),
(965, 5, 777, 'El usuario ricardo.herrera creó una solicitud de transporte para ', '2015-09-16 08:12:55', '192.168.1.254', 3),
(966, 5, 777, 'El usuario ricardo.herrera cerró sesión', '2015-09-16 08:13:21', '192.168.1.254', 2),
(967, 5, 778, 'El usuario ricardo.orellana se inició sesión', '2015-09-17 07:08:14', '192.168.1.254', 1),
(968, 5, 778, 'El usuario ricardo.orellana se inició sesión', '2015-09-17 07:09:23', '192.168.1.254', 1),
(969, 5, 861, 'El usuario sulma.quintanilla inició sesión', '2015-09-17 07:21:12', '192.168.1.254', 1),
(970, 5, 861, 'El usuario sulma.quintanilla inició sesión', '2015-09-17 07:24:44', '192.168.1.254', 1),
(971, 5, 861, 'El usuario sulma.quintanilla creó una solicitud de transporte para ', '2015-09-17 07:29:50', '192.168.1.254', 3),
(972, 5, 861, 'El usuario sulma.quintanilla cerró sesión', '2015-09-17 07:29:59', '192.168.1.254', 2),
(973, 5, 890, 'El usuario yanira.alfaro inició sesión', '2015-09-17 08:06:20', '192.168.1.254', 1),
(974, 5, 890, 'El usuario yanira.alfaro creó una solicitud de transporte para ', '2015-09-17 08:09:28', '192.168.1.254', 3),
(975, 5, 890, 'El usuario yanira.alfaro creó una solicitud de transporte para ', '2015-09-17 08:09:32', '192.168.1.254', 3),
(976, 5, 890, 'El usuario yanira.alfaro cerró sesión', '2015-09-17 08:10:09', '192.168.1.254', 2),
(977, 5, 70, 'El usuario francisca.ramirez inició sesión', '2015-09-17 08:35:10', '192.168.7.158', 1),
(978, 5, 70, 'Registró el ingreso del vehículo con número de placa N-9083 al taller del MTPS en la fecha 17-09-2015', '2015-09-17 08:38:22', '192.168.7.158', 3),
(979, 5, 70, 'Guardó un nuevo registro de mantenimiento vehicular en el taller del MTPS, realizado al vehículo con número de placa: N-9083 en la fecha 17-09-2015 por el mecánico Francisco Martinez Pineda', '2015-09-17 08:39:35', '192.168.7.158', 3),
(980, 5, 70, 'Registró el ingreso del vehículo con número de placa P-552214 al taller del MTPS en la fecha 26-08-2015', '2015-09-17 08:41:35', '192.168.7.158', 3),
(981, 5, 70, 'Guardó un nuevo registro de mantenimiento vehicular en el taller del MTPS, realizado al vehículo con número de placa: P-552214 en la fecha 27-08-2015 por el mecánico Francisco Martinez Pineda', '2015-09-17 08:42:18', '192.168.7.158', 3),
(985, 5, 677, 'El usuario miguel.cuellar inició sesión', '2015-09-17 08:53:53', '192.168.1.254', 1),
(986, 5, 677, 'El usuario miguel.cuellar creó una solicitud de transporte para Gladys Cecilia Sosa Rivera', '2015-09-17 09:05:52', '192.168.1.254', 3),
(987, 5, 164, 'El usuario cecilio.bustamante asignó vehículo/motorista, correspondiente a la solicitud de transporte con ID 309', '2015-09-17 09:08:06', '192.168.7.163', 4),
(988, 5, 677, 'El usuario miguel.cuellar cerró sesión', '2015-09-17 09:15:35', '192.168.1.254', 2),
(989, 5, 164, 'El usuario cecilio.bustamante asignó vehículo/motorista, correspondiente a la solicitud de transporte con ID 311', '2015-09-17 09:22:05', '192.168.7.163', 4),
(990, 5, 164, 'El usuario cecilio.bustamante asignó vehículo/motorista, correspondiente a la solicitud de transporte con ID 307', '2015-09-17 09:22:33', '192.168.7.163', 4),
(991, 5, 164, 'El usuario cecilio.bustamante asignó vehículo/motorista, correspondiente a la solicitud de transporte con ID 313', '2015-09-17 09:25:08', '192.168.7.163', 4),
(992, 5, 164, 'El usuario cecilio.bustamante asignó vehículo/motorista, correspondiente a la solicitud de transporte con ID 308', '2015-09-17 09:28:21', '192.168.7.163', 4),
(993, 5, 164, 'El usuario cecilio.bustamante asignó vehículo/motorista, correspondiente a la solicitud de transporte con ID 310', '2015-09-17 09:28:53', '192.168.7.163', 4),
(994, 5, 70, 'El usuario francisca.ramirez inició sesión', '2015-09-17 09:33:42', '192.168.7.158', 1),
(995, 5, 70, 'Guardó un nuevo registro de mantenimiento vehicular en el taller del MTPS, realizado al vehículo con número de placa: P-552214 en la fecha 17-09-2015 por el mecánico Francisco Martinez Pineda', '2015-09-17 09:35:17', '192.168.7.158', 3),
(996, 5, 699, 'El usuario nelson.argueta se inició sesión', '2015-09-17 09:57:53', '192.168.1.254', 1),
(997, 5, 70, 'El usuario francisca.ramirez inició sesión', '2015-09-17 10:02:08', '192.168.7.158', 1),
(999, 5, 70, 'El usuario francisca.ramirez inició sesión', '2015-09-17 10:37:21', '192.168.7.158', 1),
(1000, 5, 677, 'El usuario miguel.cuellar se inició sesión', '2015-09-17 10:39:04', '192.168.1.254', 1),
(1001, 5, 677, 'El usuario miguel.cuellar se inició sesión', '2015-09-17 10:40:05', '192.168.1.254', 1),
(1002, 5, 677, 'El usuario miguel.cuellar cerró sesión', '2015-09-17 10:40:13', '192.168.1.254', 2),
(77893, 11, 20, 'El usuario roberto.henriquez cerró sesión', '2017-11-15 10:52:02', '::1', 2),
(77894, 11, 20, 'El usuario roberto.henriquez inició sesión', '2017-11-15 10:52:08', '::1', 1),
(77895, 11, 20, 'El usuario roberto.henriquez cerró sesión', '2017-11-15 10:52:59', '::1', 2),
(77896, 11, 1, 'El usuario willian.rivera inició sesión', '2017-11-15 10:53:04', '::1', 1),
(77897, 11, 20, 'El usuario roberto.henriquez inició sesión', '2017-11-15 11:28:05', '::1', 1),
(77898, 11, 20, 'El usuario roberto.henriquez inició sesión', '2017-11-19 22:27:26', '::1', 1),
(77899, 11, 20, 'El usuario roberto.henriquez inició sesión', '2017-11-20 01:57:03', '::1', 1),
(77900, 11, 20, 'El usuario roberto.henriquez inició sesión', '2017-11-20 21:32:08', '::1', 1),
(77901, 11, 20, 'El usuario roberto.henriquez inició sesión', '2017-11-22 00:27:18', '::1', 1),
(77902, 11, 20, 'El usuario roberto.henriquez inició sesión', '2017-11-22 16:38:05', '::1', 1),
(77903, 11, 20, 'El usuario roberto.henriquez inició sesión', '2017-11-22 22:16:17', '::1', 1);

-- --------------------------------------------------------

--
-- Estructura de tabla para la tabla `org_genero`
--

CREATE TABLE `org_genero` (
  `id_genero` varchar(5) NOT NULL,
  `genero` varchar(45) NOT NULL
) ENGINE=InnoDB DEFAULT CHARSET=latin1;

--
-- Volcado de datos para la tabla `org_genero`
--

INSERT INTO `org_genero` (`id_genero`, `genero`) VALUES
('00001', 'MASCULINO'),
('00002', 'FEMENINO');

-- --------------------------------------------------------

--
-- Estructura de tabla para la tabla `org_modulo`
--

CREATE TABLE `org_modulo` (
  `id_modulo` int(10) UNSIGNED NOT NULL,
  `id_sistema` int(10) UNSIGNED NOT NULL,
  `nombre_modulo` text NOT NULL,
  `descripcion_modulo` text,
  `orden` int(10) UNSIGNED DEFAULT NULL,
  `dependencia` int(10) UNSIGNED DEFAULT NULL,
  `url_modulo` text,
  `img_modulo` text,
  `opciones_modulo` int(10) UNSIGNED DEFAULT NULL
) ENGINE=InnoDB DEFAULT CHARSET=latin1;

--
-- Volcado de datos para la tabla `org_modulo`
--

INSERT INTO `org_modulo` (`id_modulo`, `id_sistema`, `nombre_modulo`, `descripcion_modulo`, `orden`, `dependencia`, `url_modulo`, `img_modulo`, `opciones_modulo`) VALUES
(1, 1, 'FACTURAS', '', 1, 0, 'mod=facturas&secc=guardar', NULL, NULL),
(2, 1, 'PEDIDOS', '', 2, 0, 'mod=pedidos&secc=guardar', NULL, NULL),
(3, 1, 'PRODUCTOS', '', 3, 0, 'mod=productos&secc=guardar', NULL, NULL),
(4, 1, 'PROVEEDORES', '', 4, 0, 'mod=proveedores&secc=guardar', NULL, NULL),
(5, 1, 'UNIDADES DE PRODUCTOS', '', 5, 0, 'mod=unidades de productos&secc=guardar', NULL, NULL),
(6, 1, 'REPORTES', '', 6, 0, 'mod=reportes', NULL, NULL),
(7, 1, 'FUENTES DE FONDO', '', 7, 0, 'mod=fuentes de fondo&secc=guardar', NULL, NULL),
(8, 1, 'OBJETO ESPECIFICO', '', 8, 0, 'mod=objeto especifico&secc=guardar', NULL, NULL),
(9, 1, 'PERFIL', '', 10, 0, 'mod=perfil', NULL, NULL),
(10, 1, 'CORTE', '', 9, 0, 'mod=corte&secc=guardar', NULL, NULL),
(11, 2, 'SISTEMAS', '', 1, 0, 'mod=sistemas&secc=guardar', NULL, NULL),
(12, 2, 'MODULOS', '', 2, 0, 'mod=modulos&secc=guardar', NULL, NULL),
(13, 2, 'ROLES', '', 3, 0, 'mod=roles&secc=guardar', NULL, NULL),
(14, 2, 'PERMISOS', '', 4, 0, 'mod=permisos&secc=guardar', NULL, NULL),
(15, 2, 'USUARIOS', '', 5, 0, 'mod=usuarios&secc=guardar', NULL, NULL),
(16, 2, 'USUARIO ROL', '', 6, 0, 'mod=usuario rol&secc=guardar', NULL, NULL),
(17, 2, 'SECCIONES', '', 7, 0, 'mod=secciones&secc=guardar', NULL, NULL),
(18, 1, 'CONTEO FISICO', '', 11, 0, 'mod=conteo fisico&secc=guardar', NULL, NULL),
(19, 3, 'CATALOGOS', NULL, 1, 0, NULL, NULL, NULL),
(20, 3, 'CUENTAS CONTABLES', NULL, 1, 19, 'mod=cuentas contables&secc=guardar', NULL, NULL),
(21, 3, 'CATEGORIAS', NULL, 2, 19, 'mod=categorias&secc=guardar', NULL, NULL),
(22, 3, 'SUB CATEGORIAS', NULL, 3, 19, 'mod=sub categorias&secc=seleccionar', NULL, NULL),
(23, 3, 'MOVIMIENTOS', NULL, 4, 19, 'mod=movimientos&secc=guardar', NULL, NULL),
(24, 3, 'OFICINAS', NULL, 5, 19, 'mod=oficinas&secc=guardar', NULL, NULL),
(25, 3, 'ALMACENES', NULL, 6, 19, 'mod=almacenes&secc=guardar', NULL, NULL),
(26, 3, 'MARCAS', NULL, 7, 19, 'mod=marcas&secc=guardar', NULL, NULL),
(27, 3, 'DOCUMENTOS', NULL, 8, 19, 'mod=documentos&secc=guardar', NULL, NULL),
(28, 3, 'CONDICION', NULL, 9, 19, 'mod=condicion&secc=guardar', NULL, NULL),
(29, 3, 'PROYECTOS', NULL, 10, 19, 'mod=proyectos&secc=guardar', NULL, NULL),
(30, 3, 'REGISTRO', NULL, 2, 0, NULL, NULL, NULL),
(31, 3, 'DATOS COMUNES', NULL, 1, 30, 'mod=datos comunes&secc=guardar', NULL, NULL),
(32, 3, 'COD ACTIVOS', NULL, 2, 30, 'mod=cod activos&secc=guardar', NULL, NULL),
(33, 3, 'COD TERRENOS Y EDIF', NULL, 3, 30, 'mod=cod terrenos y edif&secc=guardar', NULL, NULL),
(34, 3, 'REG MOVIMIENTOS', NULL, 5, 30, 'mod=reg movimientos&secc=guardar', NULL, NULL),
(35, 3, 'REPORTES', NULL, 3, 0, 'mod=reportes', NULL, NULL),
(36, 3, 'PERFIL', NULL, 4, 0, 'mod=perfil', NULL, NULL),
(37, 3, 'COD AUTOMOVILES', NULL, 4, 30, 'mod=cod autos&secc=guardar', NULL, NULL),
(38, 4, 'PERSONAL', 'Registro de información personal', 1, 0, 'mod=personal&secc=guardar&ses=0', NULL, NULL),
(39, 4, 'EXPEDIENTES', 'Registro de información laboral del empleado', 2, 0, 'blank', NULL, NULL),
(40, 4, 'CAPACITACION', 'Menú principal de capacitaciones', 3, 0, 'blank', NULL, NULL),
(41, 4, 'CAPACITACIONES', 'Registro de capacitaciones', 1, 40, 'mod=capacitaciones&secc=guardar', NULL, NULL),
(42, 4, 'CAPACITADORES', 'Registro de personal del MTPS que imparte capacitaciones', 2, 40, 'mod=capacitadores&secc=guardar', NULL, NULL),
(43, 4, 'CATALOGOS', 'Menú principal de catálogos SFERH', 4, 0, 'blank.php', NULL, NULL),
(44, 4, 'NIVEL ACADEMICO', 'Registro de niveles academicos', 1, 43, 'mod=nivel academico&secc=guardar', NULL, NULL),
(45, 4, 'DOCUMENTOS', 'Catalogo de tipos de documentos usados en RRHH', 2, 43, 'mod=documentos&secc=guardar', NULL, NULL),
(46, 4, 'LICENCIAS', 'Catalogo de tipos de licencias usada en RRHH', 3, 43, 'mod=licencias&secc=guardar', NULL, NULL),
(47, 4, 'CARGOS FUNCIONALES', 'Catalogo de cargos funcionales en RRHH', 4, 43, 'mod=cargos funcionales&secc=guardar', NULL, NULL),
(48, 4, 'CARGOS NOMINALES', 'Catalogo de cargos nominales usados en RRHH', 5, 43, 'mod=cargos nominales&secc=guardar', NULL, NULL),
(49, 4, 'REPORTES', 'Listado de reportes que se pueden generar en RRHH', 5, 0, 'mod=reportes', NULL, NULL),
(50, 4, 'EXPEDIENTE', 'Información general del expediente del empleado, se considera a futuro el registro de información del expediente (ubicación física u otros)', 1, 39, 'mod=expediente&secc=lista', NULL, NULL),
(51, 4, 'LABORAL', 'Registro de información laboral del empleado', 2, 39, 'mod=laboral&secc=guardar', NULL, NULL),
(52, 4, 'LICENCIA', 'Registro de las licencias del empleado', 3, 39, 'mod=licencia&secc=guardar', NULL, NULL),
(53, 4, 'TITULOS', 'Registro de títulos del empleado ', 4, 39, 'mod=titulos&secc=guardar', NULL, NULL),
(54, 4, 'FAMILIARES', 'Registro de familiares del empleado', 5, 39, 'mod=familiares&secc=guardar', NULL, NULL),
(55, 4, 'RECORD', 'Registro del record del personal', 6, 39, 'mod=record&secc=lista', NULL, NULL),
(56, 4, 'PERFIL', 'Cambio de credenciales', 7, 0, 'mod=perfil', NULL, NULL),
(57, 3, 'PROVEEDORES', NULL, 11, 19, 'mod=proveedores&secc=guardar', NULL, NULL),
(59, 4, 'BENEFICIOS', '', 6, 0, '', NULL, NULL),
(60, 4, 'ARTICULOS', 'Vinculación de beneficios', 2, 59, 'mod=articulos&secc=guardar', NULL, NULL),
(61, 4, 'BENEFICIOS', 'Registro de beneficios', 1, 59, 'mod=beneficios&secc=guardar', NULL, NULL),
(62, 4, 'ASIGNACION', 'Registro de benficios a empleados', 3, 59, 'mod=asignacion&secc=guardar', NULL, NULL),
(63, 3, 'ACTA DESCARGO', 'registro de descargos', 6, 30, 'mod=acta descargo&secc=guardar', NULL, NULL),
(64, 5, 'Gestión de Transporte', 'Registro de solicitudes de Misiones Oficiales', 1, NULL, 'NULL', 'transporte.png', 4),
(65, 5, 'Crear solicitud de Misión Oficial', 'Ingreso de nueva solicitud de prestamo vehicular', 1, 64, 'transporte/solicitud', '', 4),
(66, 5, 'Control de solicitudes', 'Aprobar/Rechazar solicitudes hechas por los usuarios', 2, 64, 'transporte/control_solicitudes', '', 3),
(67, 5, 'Ver solicitudes', 'Ver el estado actual de las solicitudes hechas', 3, 64, 'transporte/ver_solicitudes', '', 4),
(68, 5, 'Asignación de vehículo/motorista', 'Establecer el vehículo y motorista a utilizar en una Misión Oficial', 4, 64, 'transporte/asignar_vehiculo_motorista', '', 3),
(69, 5, 'Ingreso de vales de combustible', 'Ingreso de vales de combustible', 1, 76, 'vales/ingreso_vales', '', 2),
(70, 5, 'Control de salidas/entradas', 'Registro del estado inicial y final del vehículo', 5, 64, 'transporte/control_salidas_entradas', '', 3),
(71, 5, 'Reportes y formularios', 'Consolidado de datos para exportación a hoja electronica/pdf', 6, 64, 'NULL', '', 4),
(72, 5, 'Solicitud de Misión Oficial', 'Exportación a pdf de una solicitud', 1, 71, 'transporte/reporte_solicitud', '', 4),
(73, 5, 'Control de salidas/entradas', 'Exportación a hoja electrónica/pdf de los movimientos de los vehículos', 2, 71, 'transporte/reporte_salidas_entradas', '', 3),
(74, 5, 'Bitácora de vehículos', 'Exportación a hoja electrónica/pdf de los movimientos del historial de viajes por vehículo', 3, 71, 'transporte/bitacora_vehiculos', '', 3),
(75, 5, 'Rediminiento vehicular', 'Exportación a hoja electrónica/pdf del rendimiento por combustible de los vehículos', 4, 71, 'transporte/reporte_vehicular', '', 3),
(76, 5, 'Vales de Combustible', 'Registro y Asignación de vales de combustible', 2, NULL, 'NULL', 'vales.png', 3),
(77, 5, 'Cerrar Sesión', 'Salir del Sistema', 6, NULL, 'sessiones/cerrar_session', 'cerrar.png', 1),
(78, 5, 'Mantenimiento Vehicular', 'Lo relacionado al mantenimiento de vehiculos', 3, NULL, 'NULL', 'mantenimiento.png', 2),
(79, 5, 'Control de vehículos', 'Gestión de vehículos ', 3, 78, 'vehiculo/vehiculos', NULL, 2),
(80, 5, 'Control de presupuestos', 'Gestión de presupuestos', 1, 78, 'vehiculo/presupuestos', NULL, 2),
(81, 5, 'Requisición de combustible', 'Ingreso de solicitud de combustible', 2, 76, 'vales/ingreso_requisicion', '', 3),
(82, 5, 'Comsumo de combustible', 'Control de consumo diario de combustible', 5, 76, 'vales/ingreso_consumo', '', 3),
(83, 5, 'Usuarios', 'Control de usuarios y roles', 4, NULL, 'NULL', 'user.png', 1),
(84, 5, 'Control de roles', 'Creación, modificación y eliminacón de roles', 1, 83, 'usuarios/roles', '', 1),
(85, 5, 'Control de usuarios', 'Creación, modificación y eliminacón de usuarios', 2, 83, 'usuarios/usuario', '', 1),
(86, 5, 'Autorizar Requisiciones', 'Muestra las requisiciones con visto bueno', 3, 76, 'vales/autorizacion', '', 1),
(87, 5, 'Entrega de Vales', 'Muestra las requisiciones autorizadas para que puedan ser entregadas', 4, 76, 'vales/entrega', '', 1),
(88, 5, 'Asignaciones de Vales', 'Permite modificar, agregar o eliminar las asignaciones de vales ', 3, 110, 'vales/asignaciones', '', 1),
(89, 5, 'Ver requisiciones', 'Muestra es estado e informacion de la requisicion', 4, 113, 'vales/ver_requisiciones', '', 3),
(90, 7, 'Inicio', 'Dashboard de información del sistema', 1, NULL, NULL, 'fa fa-home', 3),
(91, 7, 'Reportes', 'Consolidado de datos para exportación a hoja electronica/pdf', 6, NULL, NULL, 'fa fa-file-text', 1),
(92, 7, 'Promociones', 'Reporte de promociones realizadas', 1, 91, 'promocion/promociones', 'fa fa-caret-right', 2),
(93, 7, 'Promoción', 'Ingreso de toda la información relacionada a las empresas', 2, NULL, NULL, 'fa fa-building-o', 2),
(94, 7, 'Registrar empleador/a', 'Ingreso de la información básica de empleador', 1, 93, 'promocion/general', 'fa fa-caret-right', 1),
(95, 7, 'Registrar promoción', 'Ingreso de la visita a lugar de trabajo', 6, 93, 'promocion/ingreso', 'fa fa-caret-right', 3),
(96, 7, 'Programar visita', 'Asignación de visitas a empresas por promotores', 4, 93, 'promocion/programa', 'fa fa-caret-right', 3),
(97, 7, 'Capacitación', NULL, 3, NULL, NULL, 'fa fa-group', 2),
(98, 7, 'Programar capacitación', 'Programar capacitación de lugares de trabajo', 2, 97, 'acreditacion/capacitacion', 'fa fa-caret-right', 3),
(99, 7, 'Control asistencia', 'Regsitro de asistencia a capacitaciones', 3, 97, 'acreditacion/asistencia', 'fa fa-caret-right', 3),
(100, 7, 'Acreditación', NULL, 4, NULL, NULL, 'glyphicon glyphicon-check', 2),
(101, 7, 'Verificación', NULL, 5, NULL, NULL, 'fa fa-th-list', 2),
(102, 7, 'Programar visita', 'Asignación de visitas a lugares de trabajo', 2, 101, 'verificacion/programa', 'fa fa-caret-right', 3),
(103, 7, 'Ingreso de control de visita', 'Verificación de cumpliemiento de capacitación', 3, 101, 'verificacion/ingreso', 'fa fa-caret-right', 3),
(104, 7, 'Usuarios', 'Control de usuarios y roles', 6, NULL, NULL, 'glyphicon glyphicon-user', 1),
(105, 7, 'Control de roles', 'Creación, modificación y eliminacón de roles', 1, 104, 'usuarios/roles', 'fa fa-caret-right', 1),
(106, 7, 'Control de usuarios', 'Creación, modificación y eliminacón de usuarios', 2, 104, 'usuarios/usuario', 'fa fa-caret-right', 1),
(107, 7, 'Registrar lugares de trabajo', 'Ingreso de la información básica de lugares de trabajo', 2, 93, 'promocion/lugares_trabajo', 'fa fa-caret-right', 1),
(108, 7, 'Registrar participantes', 'Ingreso de empleados de lugares de trabajo que asistirán a capacitación', 1, 97, 'acreditacion/participantes', 'fa fa-caret-right', 2),
(109, 7, 'Ver asignaciones', 'Calendarización de visitas a lugares de trabajo', 5, 93, 'promocion/ver_asignaciones', 'fa fa-caret-right', 3),
(110, 5, 'Estado y Mantenimiento', 'Muestra el estado de los vales y requisiciones, asi como tambiem mantenimiento de datos para el sistema', 6, 76, 'NULL', '', 3),
(111, 5, 'Estado de Vales', 'Muestra la cantidad de vales con los que se cuenta', 1, 110, 'vales/estado', '', 3),
(112, 5, 'Herramientas', 'Creación, modicación y eliminacion de herramientas que consumen combustible', 2, 110, 'vales/herramientas', '', 3),
(113, 5, 'Informes', 'Muestra informes del consumo de vales de combustible', 6, 76, 'NULL', '', 3),
(114, 5, 'Consumo de vales y asignacion ', 'Muestra un informe de consumo de vales en comparación con lo asignado', 1, 113, 'vales/reporte_consumo', '', 3),
(115, 5, 'Consumo por vehiculo', 'Muestra el consumo por vehiculo', 2, 113, 'vales/reporte_vehiculo', '', 3),
(116, 5, 'Control de Vehículos en Taller Interno', 'Gestiona el proceso de los vehículos en el taller interno', 4, 78, 'vehiculo/control_taller', NULL, 2),
(117, 5, 'Bodega', 'Inventario de los árticulos disponibles en bodega', 2, 78, 'vehiculo/bodega', NULL, 1),
(118, 5, 'Control de Vehículos en Taller Externo', 'Gestiona el proceso de los vehículos en taller externo', 5, 78, 'vehiculo/control_taller_ext', NULL, 2),
(119, 5, 'Fuentes de fondos', 'Gestionar fuente de fondo', 7, 110, 'vales/fuente_fondos', '', 1),
(123, 5, 'Consumo Historico', 'Muestra el consumo historico por vehiculo', 3, 113, 'vales/reporte_historico', '', 3),
(124, 5, 'Asignación de vehiculos', 'Asignación de vehiculos a una sección de consumo', 4, 110, 'vales/asignacion_vehiculo', '', 1),
(125, 7, 'Registrar comité', 'Registro de conformación de comité', 1, 100, 'acreditacion/registrar_comite', 'fa fa-caret-right', 2),
(126, 7, 'Aprobar proceso de acreditaciones', 'Aprobación del registro de conformación de comité', 2, 100, 'acreditacion/aprobar_comite', 'fa fa-caret-right', 2),
(127, 7, 'Imprimir acreditación', 'Impresión de acreditaciones válidadas ', 3, 100, 'acreditacion/imprimir_acreditacion', 'fa fa-caret-right', 2),
(128, 7, 'Capacitaciones', 'Reporte de capacitaciones ', 2, 91, 'acreditacion/capacitaciones', 'fa fa-caret-right', 2),
(129, 7, 'Acreditaciones', 'Reporte de acreditaciones', 3, 91, 'acreditacion/acreditaciones', 'fa fa-caret-right', 2),
(130, 7, 'Verificaciones', 'Reporte de verificaciones', 4, 91, 'verificacion/verificaciones', 'fa fa-caret-right', 2),
(131, 5, 'Asignacion y Entrega ', 'Reporte de asignación y entrega de vales', 4, 113, 'vales/reporte_asignacion', NULL, 1),
(132, 7, 'Asignar visita', 'Asignación de visitas a empresas por promotores', 3, 93, 'promocion/asignacion', 'fa fa-caret-right', 2),
(133, 7, 'Asignar visita', 'Asignación de visitas a empresas por promotores', 1, 101, 'verificacion/asignacion', 'fa fa-caret-right', 2),
(134, 7, 'Informe mensual', 'Resumen del informe mensual de las actividades realizadas', 6, 91, 'inicio/informe_mensual', 'fa fa-caret-right', 2),
(135, 5, 'Perfil', 'Ver informacion de usuario y cambiar clave', 5, NULL, 'usuarios/perfil', 'user.png', 4),
(136, 5, 'Informes', 'Generar informes del área de mantenimiento vehicular', 6, 78, 'NULL', NULL, 2),
(137, 5, 'Ver facturas', 'Administración de facturas', 5, 110, 'vales/ver_facturas', NULL, 3),
(138, 5, 'Liquidacion de combustible', 'Ver reporte de liquidacion de combustible mensual', 4, 113, 'vales/reporte_liquidacion', NULL, 3),
(139, 8, 'NOTICIASOFERTAS', NULL, 0, 0, NULL, NULL, NULL),
(140, 5, 'Gasolineras', 'Gestionar gasolineras', 7, 110, 'vales/gasolineras', '', 1),
(141, 5, 'Kardex de artículos', 'Genera un Kardex de los artículos', 2, 136, 'vehiculo/kardex_articulo', NULL, 1),
(142, 5, 'Mantenimientos', 'Genera un informe estadístico de los mantenimientos realizados a los vehículo', 3, 136, 'vehiculo/reporte_mantenimientos', NULL, 2),
(143, 5, 'Hoja de control por vehículo', 'Genera la hoja de reparación y mantenimiento en Taller Interno', 4, 136, 'vehiculo/hoja_control_vehiculo', NULL, 1),
(144, 5, 'Hoja de control de encargado de mantenimiento', 'Generar hoja de control de encargado de mantenimiento por vehículo', 1, 136, 'vehiculo/hoja_mtto_preventivo', NULL, 2),
(145, 7, 'Incumplimiento de LGPRLT', 'Reporte de incumplimientos de LGPRLT', 5, 91, 'inicio/incumplimiento_LGPRLT', 'fa fa-caret-right', 2),
(146, 9, 'Capacitaciones', 'Gestionar capacitaciones y programar las mismas', 2, NULL, '', 'fa fa-group icon-sidebar', 1),
(147, 9, 'Factores', 'Gestionar factores  a evaluar', 3, NULL, 'factores', 'fa fa-flask icon-sidebar', 1),
(148, 9, 'Perfiles de evaluación', 'Gestionar criterios de evaluación para una determinada categoría de empleados y empleadas', 4, NULL, 'factores/perfiles', 'fa fa-edit icon-sidebar', 1),
(149, 9, 'Evaluación', 'Gestionar todo lo relacionado a la evaluacion', 5, NULL, '', 'fa fa-bar-chart-o icon-sidebar', 1),
(150, 9, 'Asignación', 'Asignación de personas que evaluarán y empleados correspondientes', 2, 149, 'evaluacion/asignacion', '', 3),
(151, 9, 'Realizar evaluación', 'Realizar evaluaciones del personal', 3, 149, 'evaluacion/realizar', '', 3),
(152, 9, 'Gestionar capacitaciones', 'Gestionar capacitaciones sugeridas al final de la  evaluacion', 2, 146, 'capacitacion/lista', '', 1),
(153, 9, 'Programar capacitaciones', 'Programar las capacitaciones mas solicitadas', 3, 146, 'capacitacion/programacion', '', 1),
(154, 9, 'Inconformidades', 'Revisión de evaluaciones', 4, 149, 'evaluacion/inconformes', '', 1),
(155, 9, 'Inicio', 'Información general del sistema', 1, NULL, 'inicio/', 'fa fa-dashboard icon-sidebar', 3),
(156, 9, 'Reportes', 'Ver reportes del sistema', 6, NULL, NULL, 'fa fa-file-text icon-sidebar', 1),
(157, 9, 'Gestionar áreas', 'Gestionar áreas de capacitaciones', 1, 146, 'capacitacion/areas', '', 1),
(158, 9, 'Ediciones de evaluación', 'Gestionar ediciones de evaluación y perfiles de evaluacion', 1, 149, 'evaluacion/ediciones', '', 1),
(159, 5, 'Presupuestos', 'Genera los informes referentes a los presupuestos', 5, 136, 'vehiculo/reporte_presupuesto', NULL, 1),
(166, 9, 'Capacitaciones', 'Muestra las capacitaciones solicitadas por oficina', 1, 156, 'reportes/capacitaciones', NULL, 1),
(168, 10, 'Inicio', 'Dashboard de información del sistema', 1, NULL, NULL, 'fa fa-home', 3),
(169, 10, 'Plan Estratégico Institucional', NULL, 2, NULL, NULL, 'fa fa-file', 1),
(170, 10, 'Plan Anual de Trabajo', NULL, 3, NULL, NULL, 'fa fa-flag', 3),
(171, 10, 'Monitorieo de Planificación', NULL, 4, NULL, NULL, 'fa fa-pencil', 3),
(172, 10, 'Usuarios', 'Control de usuarios y roles', 6, NULL, NULL, 'glyphicon glyphicon-user', 1),
(173, 10, 'Control de roles', 'Creación, modificación y eliminacón de roles', 1, 172, 'usuarios/roles', 'fa fa-caret-right', 1),
(174, 10, 'Informe de Avance', 'Estado actual del desarrollo de las actividades', 1, 175, 'reportes/avance', NULL, 3),
(175, 10, 'Reportes', 'Consolidado de datos para exportación a hoja electrónica/pdf', 5, NULL, NULL, 'fa fa-file-text', 3),
(176, 10, 'Configuración PEI', 'Configuración inicial del PEI', 1, 169, 'pei/documento', NULL, 1),
(177, 10, 'Configuración PAT', 'Configuración inicial del PAT', 1, 170, 'pat/configuracion', NULL, 1),
(178, 10, 'Validación PAT', 'Revisión y validación de las actividades del PAT', 3, 170, 'pat/validacion', NULL, 1),
(179, 10, 'Control de cumplimiento PAT', 'Ingreso de cumplimiento de metas mensuales plasmadas en el PAT', 1, 171, 'monitoreo/pat', NULL, 3),
(180, 10, 'Control PAT', 'Mantenimiento del PAT', 2, 170, 'pat/cpat', '', 3),
(181, 10, 'Control PEI', 'Mantenimiento del PEI', 2, 169, 'pei/objetivos', NULL, 1),
(182, 9, 'Puntuaciones', 'Muestra las puntuaciones en diferentes clasificaciones', 2, 156, 'reportes/por_niveles', NULL, 1),
(183, 9, 'Usuarios', 'Permite gestionar el acceso al sistema', 7, NULL, NULL, 'fa fa-user icon-sidebar', 1),
(184, 9, 'Enviar Contraseñas', 'Envia las contraseñas a los evaluadores', 1, 183, 'usuarios/enviar_claves', NULL, 1),
(185, 9, 'Usuarios', 'Administrar usuarios', 1, 183, 'usuarios/usuarios', NULL, 1),
(186, 9, 'Roles', 'Administrar roles', 1, 183, 'usuarios/roles', NULL, 1),
(187, 9, 'No evaluados', 'Muestra las razones por la cual no fueron evaluados algunos empleados', 3, 156, 'reportes/razones', '', 1),
(188, 11, 'Usuarios', 'Control de Usuarios', 1, NULL, 'usuarios/usuario', 'usuarios.png', 1),
(189, 11, 'Roles', 'Control de Roles', 2, NULL, 'usuarios/roles', 'roles.png', 1),
(190, 11, 'Bitácora', 'Control la bitácora de los Sistemas', 3, NULL, 'seguridad/bitacora', 'bitacora.png', 1),
(191, 11, 'Base de Datos', 'Control de Base de Datos', 4, NULL, 'seguridad/base_datos', 'base.png', 1),
(192, 11, 'Cerrar Sesión', 'Salir del Sistema', 5, NULL, 'sessiones/cerrar_session', 'cerrar.png', 1),
(193, 3, 'CAMBIO DE PROYECTO', 'módulo para cambio de proyecto en bienes', 7, 30, 'mod=cambio de proyecto&secc=guardar', NULL, NULL),
(194, 5, 'Gasolina para vehiculos en taller', 'Habilita que se pueda depositar combustible a vehículos en taller', 5, NULL, NULL, NULL, 1),
(195, 13, 'Productos', 'registro de productos', 1, 0, '', 'icon-price', 1),
(196, 13, 'Unidad Medida', 'registro de unidad medida para Bodega', 1, 195, 'Bodega/Unidadmedidas', 'icon-unidad', 4),
(197, 13, 'Producto y Servicios', 'registro de productos para Bodega', 2, 195, 'Bodega/Productos', 'icon-price', 4),
(198, 13, 'Especificos', 'registro de especificos para Bodega', 3, 195, 'Bodega/Especificos', 'icon-especifico', 4),
(199, 13, 'Detalle Producto', 'registro de detalle Producto para Bodega', 0, 198, 'Bodega/detalleProductos', '', 4),
(200, 13, 'Facturas', 'registro de facturas', 2, 0, '', 'icon-file-text2', 1),
(201, 13, 'Proveedores', 'registro de proveedores para Bodega', 2, 200, 'Bodega/Proveedores', 'icon-proveedores', 4),
(202, 13, 'Fuente de Fondos', 'registro de fuente de fondos para Bodega', 3, 200, 'Bodega/Fuentefondos', 'icon-fuente', 4),
(203, 13, 'Factura', 'registro de facturas para Bodega', 4, 200, 'Bodega/Factura', 'icon-factura', 4),
(204, 13, 'Detalle Factura', 'registro de detalle facturas para Bodega', 0, 203, 'Bodega/Detallefactura', '', 4),
(205, 13, 'Bodega', 'gestionar bodega', 3, 0, '', 'icon-database', 1),
(206, 13, 'Solicitudes', 'gention de solicitudes para Bodega', 1, 205, '', 'icon-solicitud', 4),
(207, 13, '1-Solicitud de Bodega', 'registro de solicitudes para Bodega', 1, 206, 'Bodega/Solicitud', 'icon-solicitud', 4),
(208, 13, 'Detalle Solicitud', 'registro de detalle Solicitud para Bodega', 0, 207, 'Bodega/detalle_solicitud_producto', '', 4),
(209, 13, '3-Retiro', 'registro de retiros para Bodega', 3, 206, 'Bodega/Retiro', 'icon-retiro', 4),
(210, 13, 'Detalle Retiro', 'registro de detalle retiro para Bodega', 0, 209, 'Bodega/detalle_retiro', '', 4),
(211, 13, '2-Control Solicitud', 'Control Solicitud para Bodega', 2, 206, 'Bodega/Solicitud_control', 'icon-equalizer2', 2),
(212, 13, 'Detalle Solicitud Control', 'registro de detalle Solicitud Control para Bodega', 0, 211, 'Bodega/detalle_solicitud_control', '', 4),
(213, 13, 'Conteo Fisico', 'registro de conteo conteo fisico para Bodega', 2, 205, 'Bodega/ConteoFisico', 'icon-pencil', 4),
(214, 13, 'Detalle Conteo', 'registro de detalle conteo para Bodega', 0, 213, 'Bodega/DetalleConteo', '', 4),
(215, 13, 'Reportes', 'registro de reportes para Bodega', 3, 205, '', 'icon-reporte', 1),
(216, 13, '1-Generación KARDEX', 'generacion kardex peps para Bodega', 1, 215, 'Bodega/kardex/ReporteKardex', 'icon-stats-dots', 1),
(217, 13, '2-Inventario General', 'inventario general para Bodega', 2, 215, 'Bodega/Kardex/ReporteGeneral', 'icon-calculator', 1),
(218, 13, '3-Salidas y Saldos por OE ', 'salidas y saldos para Bodega', 3, 215, 'Bodega/retiro/reporte', 'icon-upload', 1),
(219, 13, '4-Proveedor, Factura y Especifico', 'Proveedor, Factura y Especifico para Bodega', 4, 215, 'Bodega/Proveedores/Reporte', 'icon-proveedores', 1),
(220, 13, '5-Gasto Global por Sección ', 'Gasto Global por Sección para Bodega', 5, 215, 'Bodega/detalle_solicitud_producto/reporteGastoSeccion', 'icon-coin-dollar', 1),
(221, 13, '6-Ingreso Global por Sección ', 'Ingreso Global por Sección para Bodega', 6, 215, 'Bodega/factura/reporteIngresoSeccion', 'icon-download', 1),
(222, 13, '7-Productos con lento movimiento', 'Productos con lento movimiento para Bodega', 7, 215, 'Bodega/Productos/reporte', 'icon-hour-glass', 1),
(223, 13, '8-Comparación Conteo Físico', 'comparación conteo físico para Bodega', 8, 215, 'Bodega/ConteoFisico/Reporte', 'icon-pencil', 1),
(224, 13, '9-Kardex Existencias Detallado', 'inventario general peps para Bodega', 9, 215, 'Bodega/Kardex_Todos/ReporteKardex', 'icon-sphere', 1),
(225, 13, '10-Kardex Resumido', 'kardex resumido para Bodega', 10, 215, 'Bodega/Kardex_Todos/KardexResumido', 'icon-paragraph-left', 1),
(226, 13, 'Compras', 'gestionar compras', 4, 0, '', 'icon-compra', 1),
(227, 13, '1-Solicitud de Compras', 'registro de solicitudes de compras', 1, 226, 'Compras/Solicitud_Compra', 'icon-solicitud', 4),
(228, 13, 'Detalle Solicitud Compras', 'registro de detalle Solicitud de Compras', 0, 227, 'Compras/Solicitud_Compra/Detalle_Solicitud_Compra', '', 4),
(229, 13, 'Estado de solicitud de compras', 'Estado de solicitud de compras', 0, 227, 'Compras/Estado_solicitud', '', 4),
(230, 13, '2-Aprobar Solicitud', 'Aprobar/Denegar solictudes compra', 2, 226, 'Compras/Aprobar_Solicitud', 'icon-aprobar-compra', 2),
(231, 13, 'Aprobar Detalle Solicitud Compra ', 'registro de detalle Solicitud de compra', 0, 230, 'Compras/Aprobar_Solicitud/Detalle_Solicitud_Compra', '', 4),
(232, 13, '5-Orden de Compras', 'registro de orden de compras', 5, 226, 'Compras/Orden_Compra', 'icon-file-text2', 4),
(233, 13, 'Detalle Orden de Compras', 'registro de orden de compras', 0, 232, 'Compras/Detalle_orden_compra', '', 4),
(234, 13, '3-Gestionar Solicitud', 'gestión de solicitudes por jefe de compras', 3, 226, 'Compras/Gestionar_Solicitud', 'icon-equalizer2', 4),
(235, 13, 'Gestion Detalle Solicitud Compra ', 'registro de detalle Solicitud de compra', 0, 234, 'Compras/Gestionar_Solicitud/Detalle_Solicitud_Compra', '', 4),
(236, 13, '6-Compromiso Presupuestario', 'registro de compromiso presupuestario', 6, 226, 'Compras/Compromiso_Presupuestario', 'icon-compromiso', 4),
(237, 13, '4-Solicitud Disponibilidad', 'registro de solicitud de disponibilidad financiera', 4, 226, 'Compras/Solicitud_Disponibilidad', 'icon-disponibilidad', 4),
(239, 13, 'Activos Fijos', 'gestionar activos fijos', 5, 0, '', 'icon-office', 1),
(240, 13, 'Datos Comunes', 'gention de datos comunes de los bienes', 1, 239, '', 'icon-datos', 4),
(241, 13, 'Tipos de movimiento', 'registro de tipos de movimiento', 1, 240, 'ActivoFijo/Tipo_movimiento', 'icon-cog', 4),
(242, 13, 'Marcas', 'registro de marcas', 2, 240, 'ActivoFijo/Marcas', 'icon-stackoverflow', 4),
(243, 13, 'Documentos de amparo', 'registro de documentos de amparo', 3, 240, 'ActivoFijo/Doc_ampara', 'icon-ampara', 4),
(244, 13, 'Cuentas Contables', 'Registro de cuentas contables', 4, 240, 'ActivoFijo/Cuenta_Contable', 'icon-contable', 4),
(245, 13, 'Datos comunes', 'Registro de datos comunes de los bienes', 5, 240, 'ActivoFijo/Datos_comunes', 'icon-comun', 4),
(246, 13, 'Codificación de bienes', 'gention de codificacion de bienes', 2, 239, '', 'icon-bien', 4),
(247, 13, 'Bienes muebles', 'registro de bienes muebles', 1, 246, 'ActivoFijo/Bienes_muebles', 'icon-road', 4),
(248, 13, 'Bienes inmuebles', 'registro de bienes inmuebles', 2, 246, 'ActivoFijo/Bienes_Inmuebles', 'icon-muebles', 4),
(249, 13, 'Categorías', 'registro de categorías', 3, 246, 'ActivoFijo/Categoria', 'icon-list-numbered', 4),
(250, 13, 'Subcategorías', 'registro de Subcategorías', 4, 246, 'ActivoFijo/Seleccion_categoria', 'icon-price', 4),
(251, 13, 'Registro de Subcategorías', 'registro de Subcategorías', 0, 250, 'ActivoFijo/Subcategoria', '', 4),
(252, 13, 'Condiciones del bien', 'registro de condiciones del bien', 5, 246, 'ActivoFijo/Condicion_bien', 'icon-table', 4),
(253, 13, 'Institucionales', 'gention de catalogos institucionales', 3, 239, '', 'icon-stack', 4),
(254, 13, 'Oficinas', 'registro de oficinas', 2, 253, 'ActivoFijo/Oficinas', 'icon-oficina', 4),
(255, 13, 'Almacenes', 'registro de Almacenes', 3, 253, 'ActivoFijo/Almacenes', 'icon-floppy-disk', 4),
(256, 13, 'Procesos', 'gestion de procesos referentes a AF', 4, 239, '', 'icon-users', 4),
(257, 13, 'Movimientos', 'registro de movimientos', 1, 256, 'ActivoFijo/Movimiento', 'icon-share', 4),
(258, 13, 'Detalle Movimiento', 'registro de detalle de movimiento', 0, 257, 'ActivoFijo/Detalle_Movimiento', '', 4),
(259, 13, 'Reportes', 'Generar reportes para Activo Fijo', 5, 239, '', 'icon-reporte', 1),
(260, 13, '1-Bienes por usuario', 'generacion de reporte bienes por usuario', 1, 259, 'ActivoFijo/Reportes/Bienes_por_usuario/reporte', 'icon-user', 1),
(261, 13, '2-Bienes por Unidad', 'generacion de reporte bienes por unidad', 2, 259, 'ActivoFijo/Reportes/Bienes_por_unidad/reporte', 'icon-make-group', 1),
(262, 13, '3-Bienes por Proyecto', 'generacion de reporte bienes por proyecto', 3, 259, 'ActivoFijo/Reportes/Bienes_por_proyecto/reporte', 'icon-fuente', 1),
(263, 13, '4-Datos del bien', 'generacion de reporte datos del bien', 4, 259, 'ActivoFijo/Reportes/Datos_del_bien/reporte', 'icon-comun', 1),
(264, 13, 'Historial de movimientos', 'Consultar el historial de movimientos del bien', 0, 263, 'ActivoFijo/Reportes/Historial_movimientos', '', 1),
(265, 13, '5-Reporte General', 'generacion de reporte general', 5, 259, 'ActivoFijo/Reportes/Reporte_general/reporte', 'icon-table', 1),
(266, 13, '6- Reporte de Movimiento por Oficina', 'generacion ', 6, 259, 'ActivoFijo/Reportes/Movimientos_por_oficina/Reporte', 'icon-share', 1),
(267, 13, '7- Resumen Cuenta Contable', 'resumen de las cuentas contables ', 7, 259, 'ActivoFijo/Reportes/Resumen_cuenta_contable/Reporte', 'icon-file-zip', 1),
(268, 13, 'Rastreabilidad', 'Reporte de rastreabilidad de los usuarios', 6, 0, 'Rastreabilidad/reporte', 'icon-table', 1),
(269, 13, 'Usuario Rol', 'Registro de los usuarios con suus respectivos roles de SICBAF', 7, 0, 'Usuario_Rol', 'icon-user', 4),
(270, 13, 'Reportes', 'Generar reportes Compras', 7, 226, NULL, 'icon-reporte', 1),
(271, 13, '1-Reporte Orden de Compra', 'Generar reporte de orden de compra por fechas', 1, 270, 'Compras/Reportes/Reporte_orden_compra/reporte', 'icon-table', 1),
(272, 13, '2-Reporte Disponibilidad Financiera', 'Generar reporte de solicitudes de disponibilidad finaciera por fechas', 2, 270, 'Compras/Reportes/Reporte_solicitud_disponibilidad/reporteDisponibilidad', 'icon-coin-dollar', 1),
(273, 13, '3-Reporte por linea presupuestaria', 'Generar reporte por linea presupuestaria', 3, 270, 'Compras/Reportes/Reporte_linea_presupuestaria/reporte', 'icon-stats-dots', 1),
(275, 13, 'Equipo Informático', 'gestión de equipos informaticos', 5, 239, '', 'icon-display', 4),
(276, 13, 'Procesadores', 'registro de procesadores', 1, 275, 'ActivoFijo/Procesador', 'icon-cogs', 4),
(277, 13, 'Discos Duros', 'registro de discos duros', 2, 275, 'ActivoFijo/Disco_Duro', 'icon-drawer', 4),
(278, 13, 'Memorias', 'registro de memorias', 3, 275, 'ActivoFijo/Memoria', 'icon-meter', 4),
(279, 13, 'Sistemas operativos', 'registro de versiones de sistemas operativos', 4, 275, 'ActivoFijo/Sistema_operativo', 'icon-terminal', 4),
(280, 13, '4-Reporte Solicitudes Denegadas', 'Generar reporte de solicitudes de compras denegadas por fechas', 4, 270, 'Compras/Reportes/Reporte_solicitudes_denegadas/reporte', 'icon-cancel-circle', 1),
(281, 13, 'Office', 'registro de versiones de office', 5, 275, 'ActivoFijo/Office', 'icon-files-empty', 4),
(282, 13, '4-Solicitud + Retiro', 'ingresar solicitud, y realizar ell retiro de bodega directamente', 4, 206, 'Bodega/Solicitud_retiro', 'icon-power', 4),
(283, 13, '8- Reporte Depreciacion por Cuenta Contable', 'Reporte Depreciacion por Cuenta Contable', 8, 259, 'ActivoFijo/Reportes/Depreciacion_cuenta_contable/reporte', 'icon-sort-amount-desc', 1),
(285, 13, 'Equipo informático\n', 'Registro de Equipo Informático', 0, 247, 'ActivoFijo/Equipo_informatico', '', 4),
(286, 13, 'Detalle de productos', 'registro de detalle Solicitud de disponibilidad financiera', 0, 237, 'Compras/Detalle_Solicitud_Disponibilidad', '', 4),
(287, 13, 'Detalle de montos', 'registro de detalle Solicitud de disponibilidad financiera', 0, 237, 'Compras/Detalle_disponibilidad_montos', '', 4),
(288, 13, 'Categoría proveedores', 'registro de categoria de proveedores para Bodega', 1, 200, 'Bodega/Categoria_proveedor', 'icon-address-book', 4),
(289, 13, '9- Reporte de Ingresos de Bienes Adquiridos', 'Detalle de bienes adquiridos en intervalos de fecha', 9, 259, 'ActivoFijo/Reportes/Reporte_ingreso/reporte', 'icon-bienadquirido', 1),
(290, 13, '10- Reporte Tipo Computadora', 'Detalle de bienes de categoria equipo informatico por tipo de computadora', 10, 259, 'ActivoFijo/Reportes/Reporte_tipo_computadora/Reporte', 'icon-display', 1),
(291, 13, '11- Reporte por Version de Sistema Operativo', 'Reporte por Version de Sistema Operativo', 11, 259, 'ActivoFijo/Reportes/Reporte_sistema_operativo/Reporte', 'icon-terminal', 1),
(292, 13, '12- Reporte por versión de office', 'Reporte por versión de office', 12, 259, 'ActivoFijo/Reportes/Reporte_version_office/Reporte', 'icon-libreoffice', 1),
(293, 13, 'Detalle Orden de Compras Resumen', 'Registro de los productos que serviran como resumen del detalle de la OC', 0, 232, 'Compras/Detalle_orden_resumen', '', 4),
(294, 13, 'Detalle Proveedor', 'datos de los proveedores', 0, 201, 'Bodega/DetalleProveedor', '', 4),
(295, 13, 'Solicitud de movimientos', 'Ingreso de solicitud de movimientos', 2, 256, 'ActivoFijo/Solicitud_movimiento', 'icon-solicitud', 4),
(296, 13, 'Detalle Solicitud Movimiento', 'ingreso de detalle solicitud de movimiento', 0, 295, 'ActivoFijo/Detalle_solicitud_movimiento', '', 4),
(297, 13, 'Aprobar movimiento', 'Aprobacion de solicitudes de movimientos', 3, 256, 'ActivoFijo/Aprobar_movimiento', 'icon-aprobar-compra', 4),
(298, 13, 'Detalle Aprobar Movimiento', 'ingreso de detalle de aprobacion solicitud de movimiento', 0, 297, 'ActivoFijo/Detalle_aprobar_movimiento', '', 4),
(299, 13, 'Gestionar movimiento', 'Gestion de solicitudes de movimientos', 5, 256, 'ActivoFijo/Gestionar_movimiento', 'icon-equalizer2', 4),
(300, 13, 'Detalle Gestionar Movimientos', 'gestion de  solicitudes de movimientos', 0, 299, 'ActivoFijo/Detalle_gestionar_movimiento', '', 4),
(301, 13, '14- Reporte por tipo de movimiento', '14- Reporte por tipo de movimiento', 14, 259, 'ActivoFijo/Reportes/Reporte_tipo_movimiento/Reporte', 'icon-share', 1),
(302, 13, '13- Reporte estadistico', 'Reporte para oficina estadistica e informatica laboral', 13, 259, 'ActivoFijo/Reportes/Reporte_estadistico/RecibirDatos', 'icon-pie-chart', 1),
(303, 13, '15-Reporte bienes sin movimientos', 'Reporte bienes sin movimientos', 15, 259, 'ActivoFijo/Reportes/Reporte_bienes_sin_movimiento/reporte', 'icon-loop', 1),
(304, 13, 'Detalle de movimiento', 'Detalle de movimiento para el reporte', 0, 301, 'ActivoFijo/Reportes/Detalle_movimiento', '', 1),
(305, 13, '5-Reporte de Total de Solicitudes', 'Generar reporte de total de solicitudes por nivel', 5, 270, 'Compras/Reportes/Reporte_total_solicitudes/reporte', 'icon-table', 1),
(307, 13, 'Aprobar movimiento autorizante', 'aprobacion de solicitudes de movimientos para direccion administrativa', 4, 256, 'ActivoFijo/Aprobar_movimiento_autorizante', 'icon-aprobar-compra', 4),
(308, 13, 'Detalle Aprobar Movimiento Autorizante', 'registro de detalle de movimiento', 0, 307, 'ActivoFijo/Detalle_aprobar_movimiento_autorizante', '', 4),
(309, 13, 'Empleados enlace', 'registro de empleados enlace', 8, 0, 'ActivoFijo/Enlace_af', 'icon-enlace', 4),
(310, 13, 'Migrar pedidos', 'modulo para migrar pedidos a solicitudes de productos de bodega', 4, 205, 'Bodega/Migrar_pedidos', 'icon-database', 1),
(311, 13, 'Detalle de Solicitudes de Compra', 'solicitudes asociadas a la OC', 0, 232, 'Compras/Detalle_solicitud_orden', '', 4),
(312, 14, 'Sistemas mtps', '', 1, 0, '#!', 'mdi mdi-settings', 0),
(313, 14, 'Sistemas', '', 1, 312, 'sistemas', 'mdi mdi-label', 0),
(314, 14, 'Modulos', '', 2, 312, 'modulos', 'mdi mdi-label', 0),
(315, 14, 'Usuarios', '', 2, 0, '#!', 'mdi mdi-account-multiple', 0),
(316, 14, 'Usuarios', '', 1, 315, 'usuarios', 'mdi mdi-label', 0),
(317, 14, 'Roles', '', 3, 0, '#!', 'mdi mdi-buffer', 0),
(318, 14, 'Roles', '', 1, 317, '/roles/roles', 'mdi mdi-format-list-bulleted', 0),
(319, 14, 'Permisos', '', 2, 317, '/roles/rol_modulo_permiso', 'mdi mdi-lan', 0),
(320, 14, 'Asignar rol', '', 3, 317, '/roles/asignar_rol', 'mdi mdi-settings', 0),
(321, 14, 'Bitacora', '', 4, 0, '#!', 'mdi mdi-history', 0),
(322, 14, 'Bitacora', '', 1, 321, '/bitacora/bitacora', 'mdi mdi-label', 0),
(323, 15, 'Configuraciones', '', 1, 0, '#!', 'mdi mdi-settings', 0),
(324, 15, 'Bancos', '', 1, 323, 'bancos', 'mdi mdi-label', 0),
(325, 15, 'Horarios de viaticos', '', 2, 323, 'Horarios', 'mdi mdi-label', 0),
(326, 15, 'Oficinas del mtps', '', 3, 323, 'oficinas', 'mdi mdi-label', 0),
(327, 15, 'Gestion de rutas', '', 4, 323, 'rutas', 'mdi mdi-label', 0),
(328, 15, 'Viaticos y pasajes', '', 2, 0, '#!', 'mdi mdi-bus', 0),
(329, 15, 'Creacion de solicitud', '', 1, 328, 'Solicitud', 'mdi mdi-label', 0),
(330, 15, 'Crear justificacion', '', 2, 328, 'justificacion', 'mdi mdi-label', 0),
(331, 15, 'Solicitudes de viaticos', '', 3, 328, 'solicitud_viatico', 'mdi mdi-label', 0),
(332, 15, 'Usuarios', '', 3, 0, '#!', 'mdi mdi-account-multiple', 0),
(333, 15, 'Usuarios', '', 1, 332, 'usuarios', 'mdi mdi-label', 0),
(334, 15, 'Cargos', '', 2, 332, 'cargos', 'mdi mdi-label', 0);

-- --------------------------------------------------------

--
-- Estructura de tabla para la tabla `org_permiso`
--

CREATE TABLE `org_permiso` (
  `id_permiso` int(10) UNSIGNED NOT NULL,
  `permiso` text NOT NULL
) ENGINE=InnoDB DEFAULT CHARSET=latin1;

--
-- Volcado de datos para la tabla `org_permiso`
--

INSERT INTO `org_permiso` (`id_permiso`, `permiso`) VALUES
(1, 'SELECT'),
(2, 'INSERT'),
(3, 'DELETE'),
(4, 'UPDATE');

-- --------------------------------------------------------

--
-- Estructura de tabla para la tabla `org_rol`
--

CREATE TABLE `org_rol` (
  `id_rol` int(10) UNSIGNED NOT NULL,
  `nombre_rol` text NOT NULL,
  `descripcion_rol` text
) ENGINE=InnoDB DEFAULT CHARSET=latin1;

--
-- Volcado de datos para la tabla `org_rol`
--

INSERT INTO `org_rol` (`id_rol`, `nombre_rol`, `descripcion_rol`) VALUES
(1, 'BODEGA', 'USUARIO DE BODEGA'),
(2, 'SIB_REPORTES', 'USUARIO DE BODEGA REPORTES'),
(3, 'ADMINISTRADOR', 'ADMIN'),
(4, 'SAF_ADMINISTRADOR', 'USUARIO ADMINISTRADOR SISTEMA DE ACTIVO FIJO'),
(5, 'SAF_USUARIO', 'USUARIO SISTEMA DE ACTIVO FIJO'),
(6, 'REGISTRO DE PERSONAL', 'Rol para registro de personal de RRHH'),
(7, 'ADMINISTRACION DE EXPEDIENTES', 'Rol que administra los expedientes de RRHH'),
(8, 'CAPACITACIONES', 'Rol de la sección de capacitaciones'),
(9, 'ADMINISTRACIÓN DE EXPEDIENTES Y PERSONAL', 'ROL DE PERSONAL CON FUNCIÓN DUAL'),
(10, 'JEFE RRHH', 'JEFE DEL DEPARTAMENTO DE RRHH'),
(12, 'BENEFICIOS SFERH', 'REGISTRO DE BENEFICIOS A EMPLEADOS'),
(13, 'SAF_REPORTE_USUARIO', 'CONSULTA DE BIENES ASIGNADOS A USUARIO LOGUEADO'),
(14, 'ADMINISTRADOR SITCOM', 'Administrador Transporte, Combustible y Mantenimiento Vehicular. Permite el acceso a todas las opciones de SITCOM'),
(15, 'APROBADOR DE SOLICITUDES DE TRANSPORTE DE SECCIóN SITCOM', 'Usuario autorizado para crear, aprobar y ver solicitudes de su sección'),
(16, 'USUARIO GENERAL SITCOM', 'Usuario General que sólo puede ver sus propios procesos de solicitud de transporte'),
(17, 'ADMINISTRADOR DE OFICINA DEPARTAMENTAL SITCOM', 'Usuario autorizado para administrar lo relacionado con su ubicación geográfica'),
(18, 'DELGADO DE VALES', 'Este rol permite realizar solicitudes solo para su seccion'),
(19, 'SECCION VALES', 'Usuario ingresa informacion de  los vales a nivel de seccion'),
(20, 'ENLACE DE SECCIóN STICOM', 'Permite crear y ver los estados de las solicitudes pertenecientes a la misma sección'),
(21, 'ADMINISTRADOR SRCS', 'Administrador del Sistema de Registro de Comités de Seguridad y Salud Ocupacional Acreditados '),
(22, 'JEFE DEPARTAMENTAL SRCS', 'Rol Jefe Sistema de Registro de Comités de Seguridad y Salud Ocupacional Acreditados '),
(23, 'TéCNICO EDUCADOR SRCS', 'Técnico Educador del Sistema de Registro de Comités de Seguridad y Salud Ocupacional Acreditados '),
(24, 'JEFE SAN SALVADOR SRCS', 'Rol Jefe Sistema de Registro de Comités de Seguridad y Salud Ocupacional Acreditados'),
(25, 'ADMINISTRADOR DE VALES', 'Administrador de vales a nivel nacional'),
(26, 'AUTORIZAR VALES Y REPORTES SITCOM', 'Autoriza Vales'),
(27, 'CONSULTA VALES', ''),
(28, 'CONSULTA VALES', ''),
(29, 'MECáNICO DE TALLER INSTITUCIONAL ', 'Este rol contiene lo relacionado a los talleres interno y externo, para controlar los mantenimientos realizados a los vehículos en ambos talleres '),
(30, 'PUBLICADOR DE NOTICIAS, SISTEMA OFERTAS EMPLEO', NULL),
(31, 'TéCNICO TALLER', 'Rol que permite el ingreso de artículos a bodega, ingresos de mantenimientos internos y externos, y, permite imprimir hojas de kardex y de mantenimientos'),
(32, 'JEFE DE TALLER', 'Muestra todas las opciones referentes al módulo de taller'),
(33, 'ADMINISTRADOR SEDP', 'Tiene acceso total al sistema de evaluación de desempeño'),
(34, 'ADMINISTRADOR SIPAT', 'Usuario administrador del Sistema de Planificación Anual de Trabajo'),
(35, 'EVALUADOR SEDP (DEFAULT)', 'Este es el Rol que SEDP asigna a las personas evaluadoras. Si se borrar causar inestabilidad'),
(36, 'TODAS LAS EVALUACIONES (SEDP)', 'Este rol permite ver y evaluar toda las evaluaciones de los empleados'),
(37, 'ADMINISTRADOR DE SEGURIDAD SIMTPS', ''),
(38, 'ENLACE SIPLAN', 'Enlace de Oficina del PAT'),
(39, 'APROBADOR AUTOMATICO', 'Este rol permite la creación de la solicitud y la aprobación automática de la misma.'),
(40, 'SAF_USUARIO_AUDITOR', 'USUARIO SAF AUDITOR'),
(41, 'COORDINADOR SIPLAN', 'Usuario administrador del SIPAT delegado en la Oficina de Coordinación y Desarrollo Institucional.'),
(42, 'AUDITOR TRANSPORTE', 'Para control y verificación del consumo de combustible.'),
(43, 'MONITOREO SIPAT', 'Acceso a reportes, consultas y dashboard para monitorear el seguimiento al PEI y PATs institucionales.'),
(44, 'GESTOR DE EVALUACIóN', 'Permite gestionar tareas administrativas de la evaluación.'),
(45, 'ENLACE SIPLAN 2', 'Enlace de pruebas debido a fallas en el ingreso y visualización de registros'),
(46, 'ADMINISTRADOR SICBAF', 'Administrador'),
(47, 'DIRECTOR ADMINISTRATIVO', 'Para control de solicitudes'),
(48, 'COLABORADOR BODEGA', 'Podra ingresar productos, facturas, proveedores, unidad medida'),
(49, 'JEFE BODEGA', 'Para control de solicitudes y administrador'),
(50, 'JEFE UNIDAD', 'Para control de solicitudes'),
(51, 'USUARIO SICBAF', 'usuario visitante'),
(52, 'JEFE COMPRAS', 'Para gestion de solicitudes'),
(54, 'JEFE AF', 'Para gestion de Activos fijos'),
(55, 'COLABORADOR AF', 'Para soporte a gestion de Activos fijos'),
(56, 'COLABORADOR COMPRAS', 'Para soporte a gestion de Compras'),
(58, 'TECNICO UDT', 'Para gestion de Activos fijos especificamente equipo informatico'),
(59, 'Colaborador', 'Rol de colaborador');

-- --------------------------------------------------------

--
-- Estructura de tabla para la tabla `org_rol_modulo_permiso`
--

CREATE TABLE `org_rol_modulo_permiso` (
  `id_rol_permiso` int(10) UNSIGNED NOT NULL,
  `id_rol` int(10) UNSIGNED NOT NULL,
  `id_modulo` int(10) UNSIGNED NOT NULL,
  `id_permiso` int(10) UNSIGNED NOT NULL,
  `estado` int(10) UNSIGNED NOT NULL
) ENGINE=InnoDB DEFAULT CHARSET=latin1;

--
-- Volcado de datos para la tabla `org_rol_modulo_permiso`
--

INSERT INTO `org_rol_modulo_permiso` (`id_rol_permiso`, `id_rol`, `id_modulo`, `id_permiso`, `estado`) VALUES
(1, 1, 1, 1, 1),
(2, 1, 1, 2, 1),
(3, 1, 1, 3, 1),
(4, 1, 1, 4, 1),
(5, 1, 2, 1, 1),
(6, 1, 2, 2, 1),
(7, 1, 2, 3, 1),
(8, 1, 2, 4, 1),
(9, 1, 3, 1, 1),
(10, 1, 3, 2, 1),
(11, 1, 3, 3, 1),
(12, 1, 3, 4, 1),
(13, 1, 4, 1, 1),
(14, 1, 4, 2, 1),
(15, 1, 4, 3, 1),
(16, 1, 4, 4, 1),
(17, 1, 5, 1, 1),
(18, 1, 5, 2, 1),
(19, 1, 5, 3, 1),
(20, 1, 5, 4, 1),
(21, 1, 6, 1, 1),
(22, 1, 6, 2, 1),
(23, 1, 6, 3, 1),
(24, 1, 6, 4, 1),
(25, 1, 7, 1, 1),
(26, 1, 7, 2, 1),
(27, 1, 7, 3, 1),
(28, 1, 7, 4, 1),
(29, 1, 8, 1, 1),
(30, 1, 8, 2, 1),
(31, 1, 8, 3, 1),
(32, 1, 8, 4, 1),
(37, 1, 9, 1, 1),
(38, 1, 9, 2, 1),
(39, 1, 9, 3, 1),
(40, 1, 9, 4, 1),
(41, 2, 1, 1, 0),
(42, 2, 1, 2, 0),
(43, 2, 1, 3, 0),
(44, 2, 1, 4, 0),
(45, 2, 2, 1, 0),
(46, 2, 2, 2, 0),
(47, 2, 2, 3, 0),
(48, 2, 2, 4, 0),
(49, 2, 3, 1, 0),
(50, 2, 3, 2, 0),
(51, 2, 3, 3, 0),
(52, 2, 3, 4, 0),
(53, 2, 4, 1, 0),
(54, 2, 4, 2, 0),
(55, 2, 4, 3, 0),
(56, 2, 4, 4, 0),
(57, 2, 5, 1, 0),
(58, 2, 5, 2, 0),
(59, 2, 5, 3, 0),
(60, 2, 5, 4, 0),
(61, 2, 6, 1, 1),
(62, 2, 6, 2, 0),
(63, 2, 6, 3, 0),
(64, 2, 6, 4, 0),
(65, 2, 7, 1, 0),
(66, 2, 7, 2, 0),
(67, 2, 7, 3, 0),
(68, 2, 7, 4, 0),
(69, 2, 8, 1, 0),
(70, 2, 8, 2, 0),
(71, 2, 8, 3, 0),
(72, 2, 8, 4, 0),
(73, 2, 9, 1, 1),
(74, 2, 9, 2, 1),
(75, 2, 9, 3, 1),
(76, 2, 9, 4, 1),
(77, 1, 10, 1, 1),
(78, 1, 10, 2, 1),
(79, 1, 10, 3, 0),
(80, 1, 10, 4, 0),
(81, 3, 11, 1, 1),
(82, 3, 11, 2, 1),
(83, 3, 11, 3, 1),
(84, 3, 11, 4, 1),
(85, 3, 12, 1, 1),
(86, 3, 12, 2, 1),
(87, 3, 12, 3, 1),
(88, 3, 12, 4, 1),
(89, 3, 13, 1, 1),
(90, 3, 13, 2, 1),
(91, 3, 13, 3, 1),
(92, 3, 13, 4, 1),
(93, 3, 14, 1, 1),
(94, 3, 14, 2, 1),
(95, 3, 14, 3, 1),
(96, 3, 14, 4, 1),
(97, 3, 15, 1, 1),
(98, 3, 15, 2, 1),
(99, 3, 15, 3, 1),
(100, 3, 15, 4, 1),
(101, 3, 16, 1, 1),
(102, 3, 16, 2, 1),
(103, 3, 16, 3, 1),
(104, 3, 16, 4, 1),
(105, 3, 17, 1, 1),
(106, 3, 17, 2, 1),
(107, 3, 17, 3, 1),
(108, 3, 17, 4, 1),
(109, 1, 18, 1, 1),
(110, 1, 18, 2, 1),
(111, 1, 18, 3, 1),
(112, 1, 18, 4, 1),
(113, 4, 19, 1, 1),
(114, 4, 19, 2, 1),
(115, 4, 19, 3, 1),
(116, 4, 19, 4, 1),
(117, 4, 20, 1, 1),
(118, 4, 20, 2, 1),
(119, 4, 20, 3, 1),
(120, 4, 20, 4, 1),
(121, 4, 21, 1, 1),
(122, 4, 21, 2, 1),
(123, 4, 21, 3, 1),
(124, 4, 21, 4, 1),
(125, 4, 22, 1, 1),
(126, 4, 22, 2, 1),
(127, 4, 22, 3, 1),
(128, 4, 22, 4, 1),
(129, 4, 23, 1, 1),
(130, 4, 23, 2, 1),
(131, 4, 23, 3, 1),
(132, 4, 23, 4, 1),
(133, 4, 24, 1, 1),
(134, 4, 24, 2, 1),
(135, 4, 24, 3, 1),
(136, 4, 24, 4, 1),
(137, 4, 25, 1, 1),
(138, 4, 25, 2, 1),
(139, 4, 25, 3, 1),
(140, 4, 25, 4, 1),
(141, 4, 26, 1, 1),
(142, 4, 26, 2, 1),
(143, 4, 26, 3, 1),
(144, 4, 26, 4, 1),
(145, 4, 27, 1, 1),
(146, 4, 27, 2, 1),
(147, 4, 27, 3, 1),
(148, 4, 27, 4, 1),
(149, 4, 28, 1, 1),
(150, 4, 28, 2, 1),
(151, 4, 28, 3, 1),
(152, 4, 28, 4, 1),
(153, 4, 29, 1, 1),
(154, 4, 29, 2, 1),
(155, 4, 29, 3, 1),
(156, 4, 29, 4, 1),
(157, 4, 30, 1, 1),
(158, 4, 30, 2, 1),
(159, 4, 30, 3, 1),
(160, 4, 30, 4, 1),
(161, 4, 31, 1, 1),
(162, 4, 31, 2, 1),
(163, 4, 31, 3, 1),
(164, 4, 31, 4, 1),
(165, 4, 32, 1, 1),
(166, 4, 32, 2, 1),
(167, 4, 32, 3, 1),
(168, 4, 32, 4, 1),
(169, 4, 33, 1, 1),
(170, 4, 33, 2, 1),
(171, 4, 33, 3, 1),
(172, 4, 33, 4, 1),
(173, 4, 34, 1, 1),
(174, 4, 34, 2, 1),
(175, 4, 34, 3, 1),
(176, 4, 34, 4, 1),
(177, 4, 35, 1, 1),
(178, 4, 35, 2, 1),
(179, 4, 35, 3, 1),
(180, 4, 35, 4, 1),
(181, 4, 36, 1, 1),
(182, 4, 36, 2, 1),
(183, 4, 36, 3, 1),
(184, 4, 36, 4, 1),
(185, 4, 37, 1, 0),
(186, 4, 37, 2, 0),
(187, 4, 37, 3, 0),
(188, 4, 37, 4, 0),
(246, 5, 19, 1, 1),
(247, 5, 19, 2, 0),
(248, 5, 19, 3, 0),
(249, 5, 19, 4, 0),
(250, 5, 20, 1, 1),
(251, 5, 20, 2, 0),
(252, 5, 20, 3, 0),
(253, 5, 20, 4, 0),
(254, 5, 21, 1, 1),
(255, 5, 21, 2, 0),
(256, 5, 21, 3, 0),
(257, 5, 21, 4, 0),
(258, 5, 22, 1, 1),
(259, 5, 22, 2, 0),
(260, 5, 22, 3, 0),
(261, 5, 22, 4, 0),
(262, 5, 23, 1, 1),
(263, 5, 23, 2, 0),
(264, 5, 23, 3, 0),
(265, 5, 23, 4, 0),
(266, 5, 24, 1, 1),
(267, 5, 24, 2, 0),
(268, 5, 24, 3, 0),
(269, 5, 24, 4, 0),
(270, 5, 25, 1, 1),
(271, 5, 25, 2, 0),
(272, 5, 25, 3, 0),
(273, 5, 25, 4, 0),
(274, 5, 26, 1, 1),
(275, 5, 26, 2, 1),
(276, 5, 26, 3, 1),
(277, 5, 26, 4, 0),
(278, 5, 27, 1, 1),
(279, 5, 27, 2, 0),
(280, 5, 27, 3, 0),
(281, 5, 27, 4, 0),
(282, 5, 28, 1, 1),
(283, 5, 28, 2, 0),
(284, 5, 28, 3, 0),
(285, 5, 28, 4, 0),
(286, 5, 29, 1, 1),
(287, 5, 29, 2, 0),
(288, 5, 29, 3, 0),
(289, 5, 29, 4, 0),
(290, 5, 30, 1, 1),
(291, 5, 30, 2, 0),
(292, 5, 30, 3, 0),
(293, 5, 30, 4, 0),
(294, 5, 31, 1, 1),
(295, 5, 31, 2, 1),
(296, 5, 31, 3, 1),
(297, 5, 31, 4, 1),
(298, 5, 32, 1, 1),
(299, 5, 32, 2, 1),
(300, 5, 32, 3, 1),
(301, 5, 32, 4, 1),
(302, 5, 33, 1, 1),
(303, 5, 33, 2, 1),
(304, 5, 33, 3, 1),
(305, 5, 33, 4, 0),
(306, 5, 34, 1, 1),
(307, 5, 34, 2, 1),
(308, 5, 34, 3, 1),
(309, 5, 34, 4, 1),
(310, 5, 35, 1, 1),
(311, 5, 35, 2, 0),
(312, 5, 35, 3, 0),
(313, 5, 35, 4, 0),
(314, 5, 36, 1, 1),
(315, 5, 36, 2, 1),
(316, 5, 36, 3, 1),
(317, 5, 36, 4, 1),
(318, 5, 37, 1, 0),
(319, 5, 37, 2, 0),
(320, 5, 37, 3, 0),
(321, 5, 37, 4, 0),
(322, 4, 10, 1, 1),
(323, 4, 10, 2, 1),
(324, 4, 10, 3, 1),
(325, 4, 10, 4, 1),
(326, 4, 11, 1, 1),
(327, 4, 11, 2, 1),
(328, 4, 11, 3, 1),
(329, 4, 11, 4, 1),
(330, 4, 15, 1, 1),
(331, 4, 15, 2, 1),
(332, 4, 15, 3, 1),
(333, 4, 15, 4, 1),
(334, 4, 16, 1, 1),
(335, 4, 16, 2, 1),
(336, 4, 16, 3, 1),
(337, 4, 16, 4, 1),
(338, 4, 17, 1, 1),
(339, 4, 17, 2, 1),
(340, 4, 17, 3, 1),
(341, 4, 17, 4, 1),
(342, 4, 18, 1, 1),
(343, 4, 18, 2, 1),
(344, 4, 18, 3, 1),
(345, 4, 18, 4, 1),
(346, 4, 21, 1, 1),
(347, 4, 21, 2, 1),
(348, 4, 21, 3, 1),
(349, 4, 21, 4, 1),
(350, 4, 23, 1, 1),
(351, 4, 23, 2, 1),
(352, 4, 23, 3, 1),
(353, 4, 23, 4, 1),
(354, 4, 29, 1, 1),
(355, 4, 29, 2, 1),
(356, 4, 29, 3, 1),
(357, 4, 29, 4, 1),
(358, 5, 11, 1, 1),
(359, 5, 11, 2, 1),
(360, 5, 11, 3, 1),
(361, 5, 11, 4, 1),
(362, 5, 23, 1, 1),
(363, 5, 23, 2, 1),
(364, 5, 23, 3, 1),
(365, 5, 23, 4, 1),
(366, 5, 24, 1, 1),
(367, 5, 24, 2, 1),
(368, 5, 24, 3, 1),
(369, 5, 24, 4, 1),
(370, 5, 25, 1, 1),
(371, 5, 25, 2, 1),
(372, 5, 25, 3, 1),
(373, 5, 25, 4, 1),
(374, 5, 26, 1, 1),
(375, 5, 26, 2, 1),
(376, 5, 26, 3, 1),
(377, 5, 26, 4, 1),
(378, 5, 27, 1, 1),
(379, 5, 27, 2, 1),
(380, 5, 27, 3, 1),
(381, 5, 27, 4, 1),
(382, 5, 28, 1, 1),
(383, 5, 28, 2, 1),
(384, 5, 28, 3, 1),
(385, 5, 28, 4, 1),
(386, 5, 29, 1, 1),
(387, 5, 29, 2, 1),
(388, 5, 29, 3, 1),
(389, 5, 29, 4, 1),
(446, 6, 38, 1, 1),
(447, 6, 38, 2, 1),
(448, 6, 38, 3, 1),
(449, 6, 38, 4, 1),
(450, 6, 39, 1, 1),
(451, 6, 39, 2, 1),
(452, 6, 39, 3, 1),
(453, 6, 39, 4, 1),
(454, 6, 43, 1, 1),
(455, 6, 43, 2, 1),
(456, 6, 43, 3, 1),
(457, 6, 43, 4, 1),
(458, 6, 44, 1, 1),
(459, 6, 44, 2, 1),
(460, 6, 44, 3, 1),
(461, 6, 44, 4, 1),
(462, 6, 45, 1, 1),
(463, 6, 45, 2, 1),
(464, 6, 45, 3, 1),
(465, 6, 45, 4, 1),
(466, 6, 46, 1, 1),
(467, 6, 46, 2, 1),
(468, 6, 46, 3, 1),
(469, 6, 46, 4, 1),
(470, 6, 48, 1, 1),
(471, 6, 48, 2, 1),
(472, 6, 48, 3, 1),
(473, 6, 48, 4, 1),
(474, 6, 50, 1, 1),
(475, 6, 50, 2, 1),
(476, 6, 50, 3, 1),
(477, 6, 50, 4, 1),
(478, 6, 56, 1, 1),
(479, 6, 56, 2, 1),
(480, 6, 56, 3, 1),
(481, 6, 56, 4, 1),
(514, 7, 39, 1, 1),
(515, 7, 39, 2, 1),
(516, 7, 39, 3, 1),
(517, 7, 39, 4, 1),
(518, 7, 50, 1, 1),
(519, 7, 50, 2, 1),
(520, 7, 50, 3, 1),
(521, 7, 50, 4, 1),
(522, 7, 51, 1, 1),
(523, 7, 51, 2, 1),
(524, 7, 51, 3, 1),
(525, 7, 51, 4, 1),
(526, 7, 52, 1, 1),
(527, 7, 52, 2, 1),
(528, 7, 52, 3, 1),
(529, 7, 52, 4, 1),
(530, 7, 53, 1, 1),
(531, 7, 53, 2, 1),
(532, 7, 53, 3, 1),
(533, 7, 53, 4, 1),
(534, 7, 54, 1, 1),
(535, 7, 54, 2, 1),
(536, 7, 54, 3, 1),
(537, 7, 54, 4, 1),
(538, 7, 55, 1, 1),
(539, 7, 55, 2, 1),
(540, 7, 55, 3, 1),
(541, 7, 55, 4, 1),
(542, 7, 56, 1, 1),
(543, 7, 56, 2, 1),
(544, 7, 56, 3, 1),
(545, 7, 56, 4, 1),
(546, 8, 39, 1, 1),
(547, 8, 39, 2, 1),
(548, 8, 39, 3, 1),
(549, 8, 39, 4, 1),
(550, 8, 40, 1, 1),
(551, 8, 40, 2, 1),
(552, 8, 40, 3, 1),
(553, 8, 40, 4, 1),
(554, 8, 41, 1, 1),
(555, 8, 41, 2, 1),
(556, 8, 41, 3, 1),
(557, 8, 41, 4, 1),
(558, 8, 42, 1, 1),
(559, 8, 42, 2, 1),
(560, 8, 42, 3, 1),
(561, 8, 42, 4, 1),
(562, 8, 50, 1, 1),
(563, 8, 50, 2, 1),
(564, 8, 50, 3, 1),
(565, 8, 50, 4, 1),
(566, 8, 56, 1, 1),
(567, 8, 56, 2, 1),
(568, 8, 56, 3, 1),
(569, 8, 56, 4, 1),
(570, 9, 38, 1, 1),
(571, 9, 38, 2, 1),
(572, 9, 38, 3, 1),
(573, 9, 38, 4, 1),
(574, 9, 39, 1, 1),
(575, 9, 39, 2, 1),
(576, 9, 39, 3, 1),
(577, 9, 39, 4, 1),
(578, 9, 50, 1, 1),
(579, 9, 50, 2, 1),
(580, 9, 50, 3, 1),
(581, 9, 50, 4, 1),
(582, 9, 51, 1, 1),
(583, 9, 51, 2, 1),
(584, 9, 51, 3, 1),
(585, 9, 51, 4, 1),
(586, 9, 52, 1, 1),
(587, 9, 52, 2, 1),
(588, 9, 52, 3, 1),
(589, 9, 52, 4, 1),
(590, 9, 53, 1, 1),
(591, 9, 53, 2, 1),
(592, 9, 53, 3, 1),
(593, 9, 53, 4, 1),
(594, 9, 54, 1, 1),
(595, 9, 54, 2, 1),
(596, 9, 54, 3, 1),
(597, 9, 54, 4, 1),
(598, 9, 55, 1, 1),
(599, 9, 55, 2, 1),
(600, 9, 55, 3, 1),
(601, 9, 55, 4, 1),
(602, 9, 56, 1, 1),
(603, 9, 56, 2, 1),
(604, 9, 56, 3, 1),
(605, 9, 56, 4, 1),
(606, 7, 38, 1, 1),
(607, 7, 38, 2, 1),
(608, 7, 38, 3, 1),
(609, 7, 38, 4, 1),
(610, 6, 47, 1, 1),
(611, 6, 47, 2, 1),
(612, 6, 47, 3, 1),
(613, 6, 47, 4, 1),
(614, 4, 57, 1, 1),
(615, 4, 57, 2, 1),
(616, 4, 57, 3, 1),
(617, 4, 57, 4, 1),
(619, 10, 38, 1, 1),
(620, 10, 39, 1, 1),
(621, 10, 40, 1, 1),
(622, 10, 41, 1, 1),
(623, 10, 42, 1, 1),
(624, 10, 43, 1, 1),
(625, 10, 44, 1, 1),
(626, 10, 45, 1, 1),
(627, 10, 46, 1, 1),
(628, 10, 47, 1, 1),
(629, 10, 48, 1, 1),
(630, 10, 50, 1, 1),
(631, 10, 51, 1, 1),
(632, 10, 52, 1, 1),
(633, 10, 53, 1, 1),
(634, 10, 54, 1, 1),
(635, 10, 55, 1, 1),
(636, 10, 56, 1, 1),
(637, 12, 59, 1, 1),
(638, 12, 59, 2, 1),
(639, 12, 59, 3, 1),
(640, 12, 59, 4, 1),
(641, 12, 50, 1, 1),
(642, 12, 62, 1, 1),
(643, 12, 62, 2, 1),
(644, 12, 62, 3, 1),
(645, 12, 62, 4, 1),
(646, 12, 61, 1, 1),
(647, 12, 61, 2, 1),
(648, 12, 61, 3, 1),
(649, 12, 61, 4, 1),
(650, 12, 60, 1, 1),
(651, 12, 60, 2, 1),
(652, 12, 60, 3, 1),
(653, 12, 60, 4, 1),
(654, 5, 57, 1, 1),
(655, 5, 57, 2, 1),
(656, 5, 57, 3, 1),
(657, 5, 57, 4, 1),
(658, 13, 19, 1, 0),
(659, 13, 19, 2, 0),
(660, 13, 19, 3, 0),
(661, 13, 19, 4, 0),
(662, 13, 20, 1, 0),
(663, 13, 20, 2, 0),
(664, 13, 20, 3, 0),
(665, 13, 20, 4, 0),
(666, 13, 21, 1, 0),
(667, 13, 21, 2, 0),
(668, 13, 21, 3, 0),
(669, 13, 21, 4, 0),
(670, 13, 22, 1, 0),
(671, 13, 22, 2, 0),
(672, 13, 22, 3, 0),
(673, 13, 22, 4, 0),
(674, 13, 23, 1, 0),
(675, 13, 23, 2, 0),
(676, 13, 23, 3, 0),
(677, 13, 23, 4, 0),
(678, 13, 24, 1, 0),
(679, 13, 24, 2, 0),
(680, 13, 24, 3, 0),
(681, 13, 24, 4, 0),
(682, 13, 25, 1, 0),
(683, 13, 25, 2, 0),
(684, 13, 25, 3, 0),
(685, 13, 25, 4, 0),
(686, 13, 26, 1, 0),
(687, 13, 26, 2, 0),
(688, 13, 26, 3, 0),
(689, 13, 26, 4, 0),
(690, 13, 27, 1, 0),
(691, 13, 27, 2, 0),
(692, 13, 27, 3, 0),
(693, 13, 27, 4, 0),
(694, 13, 28, 1, 0),
(695, 13, 28, 2, 0),
(696, 13, 28, 3, 0),
(697, 13, 28, 4, 0),
(698, 13, 29, 1, 0),
(699, 13, 29, 2, 0),
(700, 13, 29, 3, 0),
(701, 13, 29, 4, 0),
(702, 13, 30, 1, 0),
(703, 13, 30, 2, 0),
(704, 13, 30, 3, 0),
(705, 13, 30, 4, 0),
(706, 13, 31, 1, 0),
(707, 13, 31, 2, 0),
(708, 13, 31, 3, 0),
(709, 13, 31, 4, 0),
(710, 13, 32, 1, 0),
(711, 13, 32, 2, 0),
(712, 13, 32, 3, 0),
(713, 13, 32, 4, 0),
(714, 13, 33, 1, 0),
(715, 13, 33, 2, 0),
(716, 13, 33, 3, 0),
(717, 13, 33, 4, 0),
(718, 13, 34, 1, 0),
(719, 13, 34, 2, 0),
(720, 13, 34, 3, 0),
(721, 13, 34, 4, 0),
(722, 13, 35, 1, 1),
(723, 13, 35, 2, 0),
(724, 13, 35, 3, 0),
(725, 13, 35, 4, 0),
(726, 13, 36, 1, 1),
(727, 13, 36, 2, 1),
(728, 13, 36, 3, 1),
(729, 13, 36, 4, 1),
(730, 4, 63, 1, 1),
(731, 4, 63, 2, 1),
(732, 4, 63, 3, 1),
(733, 4, 63, 4, 1),
(734, 5, 63, 1, 1),
(735, 5, 63, 2, 0),
(736, 5, 63, 3, 0),
(737, 5, 63, 4, 0),
(764, 15, 65, 2, 1),
(765, 15, 64, 2, 1),
(766, 15, 66, 2, 1),
(767, 15, 67, 2, 1),
(768, 15, 72, 2, 1),
(769, 15, 71, 2, 1),
(770, 15, 77, 3, 1),
(777, 17, 65, 4, 1),
(778, 17, 64, 4, 1),
(779, 17, 66, 4, 1),
(780, 17, 67, 4, 1),
(781, 17, 68, 4, 1),
(782, 17, 70, 4, 1),
(783, 17, 72, 4, 1),
(784, 17, 71, 4, 1),
(785, 17, 77, 3, 1),
(786, 18, 81, 2, 1),
(787, 18, 76, 2, 1),
(788, 18, 77, 3, 1),
(1260, 23, 90, 1, 1),
(1261, 23, 94, 3, 1),
(1262, 23, 93, 3, 1),
(1263, 23, 107, 3, 1),
(1264, 23, 96, 1, 1),
(1265, 23, 109, 1, 1),
(1266, 23, 95, 1, 1),
(1267, 23, 108, 4, 1),
(1268, 23, 97, 4, 1),
(1269, 23, 98, 3, 1),
(1270, 23, 99, 1, 1),
(1271, 23, 127, 4, 1),
(1272, 23, 100, 4, 1),
(1273, 23, 102, 1, 1),
(1274, 23, 101, 1, 1),
(1275, 23, 103, 1, 1),
(1276, 23, 71, 3, 1),
(1358, 27, 114, 3, 1),
(1359, 27, 113, 3, 1),
(1360, 27, 76, 3, 1),
(1361, 27, 115, 3, 1),
(1362, 27, 123, 3, 1),
(1363, 27, 89, 3, 1),
(1364, 27, 131, 3, 1),
(1365, 27, 77, 3, 1),
(1366, 28, 114, 3, 1),
(1367, 28, 113, 3, 1),
(1368, 28, 76, 3, 1),
(1369, 28, 115, 3, 1),
(1370, 28, 123, 3, 1),
(1371, 28, 89, 3, 1),
(1372, 28, 131, 3, 1),
(1373, 28, 77, 3, 1),
(1422, 26, 86, 3, 1),
(1423, 26, 76, 3, 1),
(1424, 26, 114, 3, 1),
(1425, 26, 113, 3, 1),
(1426, 26, 115, 3, 1),
(1427, 26, 123, 3, 1),
(1428, 26, 89, 3, 1),
(1429, 26, 135, 3, 1),
(1430, 26, 77, 3, 1),
(1431, 26, 77, 3, 1),
(1493, 30, 139, 1, 1),
(1494, 30, 139, 2, 1),
(1495, 30, 139, 3, 1),
(1496, 30, 139, 4, 1),
(1554, 32, 80, 3, 1),
(1555, 32, 78, 3, 1),
(1556, 32, 117, 3, 1),
(1557, 32, 79, 3, 1),
(1558, 32, 116, 3, 1),
(1559, 32, 118, 3, 1),
(1560, 32, 144, 3, 1),
(1561, 32, 136, 3, 1),
(1562, 32, 141, 3, 1),
(1563, 32, 142, 3, 1),
(1564, 32, 143, 3, 1),
(1565, 32, 77, 3, 1),
(1672, 22, 90, 4, 1),
(1673, 22, 94, 3, 1),
(1674, 22, 93, 3, 1),
(1675, 22, 107, 3, 1),
(1676, 22, 132, 4, 1),
(1677, 22, 96, 4, 1),
(1678, 22, 109, 4, 1),
(1679, 22, 95, 4, 1),
(1680, 22, 108, 4, 1),
(1681, 22, 97, 4, 1),
(1682, 22, 98, 4, 1),
(1683, 22, 99, 4, 1),
(1684, 22, 126, 4, 1),
(1685, 22, 100, 4, 1),
(1686, 22, 127, 4, 1),
(1687, 22, 133, 4, 1),
(1688, 22, 101, 4, 1),
(1689, 22, 102, 4, 1),
(1690, 22, 103, 4, 1),
(1691, 22, 92, 4, 1),
(1692, 22, 91, 4, 1),
(1693, 22, 128, 4, 1),
(1694, 22, 129, 4, 1),
(1695, 22, 130, 4, 1),
(1696, 22, 145, 4, 1),
(1697, 22, 134, 4, 1),
(1698, 22, 71, 3, 1),
(1699, 24, 90, 3, 1),
(1700, 24, 94, 3, 1),
(1701, 24, 93, 3, 1),
(1702, 24, 107, 3, 1),
(1703, 24, 132, 4, 1),
(1704, 24, 96, 4, 1),
(1705, 24, 109, 4, 1),
(1706, 24, 95, 4, 1),
(1707, 24, 108, 4, 1),
(1708, 24, 97, 4, 1),
(1709, 24, 98, 4, 1),
(1710, 24, 99, 4, 1),
(1711, 24, 126, 4, 1),
(1712, 24, 100, 4, 1),
(1713, 24, 127, 4, 1),
(1714, 24, 133, 4, 1),
(1715, 24, 101, 4, 1),
(1716, 24, 102, 4, 1),
(1717, 24, 103, 4, 1),
(1718, 24, 92, 3, 1),
(1719, 24, 91, 3, 1),
(1720, 24, 128, 3, 1),
(1721, 24, 129, 3, 1),
(1722, 24, 130, 3, 1),
(1723, 24, 145, 3, 1),
(1724, 24, 134, 3, 1),
(1725, 24, 71, 3, 1),
(1748, 29, 117, 3, 1),
(1749, 29, 78, 3, 1),
(1750, 29, 79, 3, 1),
(1751, 29, 116, 3, 1),
(1752, 29, 118, 3, 1),
(1753, 29, 144, 3, 1),
(1754, 29, 136, 3, 1),
(1755, 29, 142, 3, 1),
(1756, 29, 143, 3, 1),
(1757, 29, 77, 3, 1),
(1758, 29, 77, 3, 1),
(1778, 19, 81, 2, 1),
(1779, 19, 76, 2, 1),
(1780, 19, 82, 2, 1),
(1781, 19, 137, 2, 1),
(1782, 19, 110, 2, 1),
(1783, 19, 135, 3, 1),
(1784, 19, 77, 3, 1),
(1785, 19, 77, 3, 1),
(2056, 35, 77, 3, 1),
(2057, 35, 155, 2, 1),
(2058, 35, 151, 2, 1),
(2059, 35, 149, 2, 1),
(2060, 35, 77, 3, 1),
(2085, 36, 77, 3, 1),
(2086, 36, 155, 3, 1),
(2087, 36, 151, 3, 1),
(2088, 36, 149, 3, 1),
(2089, 36, 77, 3, 1),
(2090, 37, 188, 3, 1),
(2091, 37, 189, 3, 1),
(2092, 37, 190, 3, 1),
(2093, 37, 191, 3, 1),
(2094, 37, 192, 3, 1),
(2095, 37, 77, 3, 1),
(2101, 39, 65, 1, 1),
(2102, 39, 64, 1, 1),
(2103, 39, 67, 1, 1),
(2104, 39, 135, 1, 1),
(2105, 39, 77, 3, 1),
(2106, 39, 77, 3, 1),
(2107, 40, 19, 1, 1),
(2108, 40, 19, 2, 0),
(2109, 40, 19, 3, 0),
(2110, 40, 19, 4, 0),
(2111, 40, 20, 1, 1),
(2112, 40, 20, 2, 0),
(2113, 40, 20, 3, 0),
(2114, 40, 20, 4, 0),
(2115, 40, 21, 1, 1),
(2116, 40, 21, 2, 0),
(2117, 40, 21, 3, 0),
(2118, 40, 21, 4, 0),
(2119, 40, 22, 1, 1),
(2120, 40, 22, 2, 0),
(2121, 40, 22, 3, 0),
(2122, 40, 22, 4, 0),
(2123, 40, 23, 1, 1),
(2124, 40, 23, 2, 0),
(2125, 40, 23, 3, 0),
(2126, 40, 23, 4, 0),
(2127, 40, 24, 1, 1),
(2128, 40, 24, 2, 0),
(2129, 40, 24, 3, 0),
(2130, 40, 24, 4, 0),
(2131, 40, 25, 1, 1),
(2132, 40, 25, 2, 0),
(2133, 40, 25, 3, 0),
(2134, 40, 25, 4, 0),
(2135, 40, 26, 1, 1),
(2136, 40, 26, 2, 0),
(2137, 40, 26, 3, 0),
(2138, 40, 26, 4, 0),
(2139, 40, 27, 1, 1),
(2140, 40, 27, 2, 0),
(2141, 40, 27, 3, 0),
(2142, 40, 27, 4, 0),
(2143, 40, 28, 1, 1),
(2144, 40, 28, 2, 0),
(2145, 40, 28, 3, 0),
(2146, 40, 28, 4, 0),
(2147, 40, 29, 1, 1),
(2148, 40, 29, 2, 0),
(2149, 40, 29, 3, 0),
(2150, 40, 29, 4, 0),
(2151, 40, 30, 1, 1),
(2152, 40, 30, 2, 0),
(2153, 40, 30, 3, 0),
(2154, 40, 30, 4, 0),
(2155, 40, 31, 1, 1),
(2156, 40, 31, 2, 0),
(2157, 40, 31, 3, 0),
(2158, 40, 31, 4, 0),
(2159, 40, 32, 1, 1),
(2160, 40, 32, 2, 0),
(2161, 40, 32, 3, 0),
(2162, 40, 32, 4, 0),
(2163, 40, 33, 1, 1),
(2164, 40, 33, 2, 0),
(2165, 40, 33, 3, 0),
(2166, 40, 33, 4, 0),
(2167, 40, 34, 1, 1),
(2168, 40, 34, 2, 0),
(2169, 40, 34, 3, 0),
(2170, 40, 34, 4, 0),
(2171, 40, 35, 1, 1),
(2172, 40, 35, 2, 0),
(2173, 40, 35, 3, 0),
(2174, 40, 35, 4, 0),
(2175, 40, 36, 1, 1),
(2176, 40, 36, 2, 0),
(2177, 40, 36, 3, 0),
(2178, 40, 36, 4, 0),
(2179, 40, 37, 1, 1),
(2180, 40, 37, 2, 0),
(2181, 40, 37, 3, 0),
(2182, 40, 37, 4, 0),
(2183, 40, 57, 1, 1),
(2184, 40, 57, 2, 0),
(2185, 40, 57, 3, 0),
(2186, 40, 57, 4, 0),
(2187, 40, 63, 1, 1),
(2188, 40, 63, 2, 0),
(2189, 40, 63, 3, 0),
(2190, 40, 63, 4, 0),
(2199, 4, 193, 1, 1),
(2200, 4, 193, 2, 1),
(2201, 4, 193, 3, 1),
(2202, 4, 193, 4, 1),
(2203, 5, 193, 1, 1),
(2204, 5, 193, 2, 1),
(2205, 5, 193, 3, 1),
(2206, 5, 193, 4, 1),
(2207, 40, 193, 1, 1),
(2208, 40, 193, 2, 0),
(2209, 40, 193, 3, 0),
(2210, 40, 193, 4, 0),
(2211, 34, 168, 3, 1),
(2212, 34, 176, 3, 1),
(2213, 34, 169, 3, 1),
(2214, 34, 181, 3, 1),
(2215, 34, 177, 3, 1),
(2216, 34, 170, 3, 1),
(2217, 34, 180, 3, 1),
(2218, 34, 178, 3, 1),
(2219, 34, 179, 3, 1),
(2220, 34, 171, 3, 1),
(2221, 34, 174, 3, 1),
(2222, 34, 175, 3, 1),
(2223, 34, 173, 3, 1),
(2224, 34, 172, 3, 1),
(2225, 34, 77, 3, 1),
(2239, 31, 117, 3, 1),
(2240, 31, 78, 3, 1),
(2241, 31, 79, 3, 1),
(2242, 31, 116, 3, 1),
(2243, 31, 118, 3, 1),
(2244, 31, 144, 3, 1),
(2245, 31, 136, 3, 1),
(2246, 31, 141, 3, 1),
(2247, 31, 142, 3, 1),
(2248, 31, 143, 3, 1),
(2249, 31, 77, 3, 1),
(2250, 31, 77, 3, 1),
(2271, 42, 111, 3, 1),
(2272, 42, 110, 3, 1),
(2273, 42, 76, 3, 1),
(2274, 42, 114, 3, 1),
(2275, 42, 113, 3, 1),
(2276, 42, 115, 3, 1),
(2277, 42, 123, 3, 1),
(2278, 42, 89, 3, 1),
(2279, 42, 131, 3, 1),
(2280, 42, 138, 3, 1),
(2281, 42, 135, 3, 1),
(2282, 42, 77, 3, 1),
(2283, 42, 77, 3, 1),
(2284, 25, 69, 3, 1),
(2285, 25, 76, 3, 1),
(2286, 25, 81, 3, 1),
(2287, 25, 86, 3, 1),
(2288, 25, 87, 3, 1),
(2289, 25, 82, 3, 1),
(2290, 25, 111, 3, 1),
(2291, 25, 110, 3, 1),
(2292, 25, 112, 3, 1),
(2293, 25, 88, 3, 1),
(2294, 25, 124, 3, 1),
(2295, 25, 137, 3, 1),
(2296, 25, 114, 3, 1),
(2297, 25, 113, 3, 1),
(2298, 25, 115, 3, 1),
(2299, 25, 123, 3, 1),
(2300, 25, 89, 3, 1),
(2301, 25, 131, 3, 1),
(2302, 25, 138, 3, 1),
(2303, 25, 135, 3, 1),
(2304, 25, 194, 3, 1),
(2305, 25, 77, 3, 1),
(2306, 25, 77, 3, 1),
(2358, 21, 90, 3, 1),
(2359, 21, 94, 3, 1),
(2360, 21, 93, 3, 1),
(2361, 21, 107, 3, 1),
(2362, 21, 132, 3, 1),
(2363, 21, 96, 3, 1),
(2364, 21, 109, 3, 1),
(2365, 21, 95, 3, 1),
(2366, 21, 108, 3, 1),
(2367, 21, 97, 3, 1),
(2368, 21, 98, 3, 1),
(2369, 21, 99, 3, 1),
(2370, 21, 125, 3, 1),
(2371, 21, 100, 3, 1),
(2372, 21, 126, 3, 1),
(2373, 21, 127, 3, 1),
(2374, 21, 133, 3, 1),
(2375, 21, 101, 3, 1),
(2376, 21, 102, 3, 1),
(2377, 21, 103, 3, 1),
(2378, 21, 92, 3, 1),
(2379, 21, 91, 3, 1),
(2380, 21, 128, 3, 1),
(2381, 21, 129, 3, 1),
(2382, 21, 130, 3, 1),
(2383, 21, 145, 3, 1),
(2384, 21, 134, 3, 1),
(2385, 21, 105, 3, 1),
(2386, 21, 104, 3, 1),
(2387, 21, 106, 3, 1),
(2388, 21, 77, 3, 1),
(2430, 33, 77, 3, 1),
(2431, 33, 155, 3, 1),
(2432, 33, 157, 3, 1),
(2433, 33, 146, 3, 1),
(2434, 33, 152, 3, 1),
(2435, 33, 153, 3, 1),
(2436, 33, 147, 3, 1),
(2437, 33, 148, 3, 1),
(2438, 33, 158, 3, 1),
(2439, 33, 149, 3, 1),
(2440, 33, 150, 3, 1),
(2441, 33, 151, 3, 1),
(2442, 33, 154, 3, 1),
(2443, 33, 166, 3, 1),
(2444, 33, 156, 3, 1),
(2445, 33, 182, 3, 1),
(2446, 33, 187, 3, 1),
(2447, 33, 184, 3, 1),
(2448, 33, 183, 3, 1),
(2449, 33, 77, 3, 1),
(2500, 43, 168, 3, 1),
(2501, 43, 179, 3, 1),
(2502, 43, 171, 3, 1),
(2503, 43, 174, 3, 1),
(2504, 43, 175, 3, 1),
(2505, 43, 77, 3, 1),
(2514, 16, 65, 1, 1),
(2515, 16, 64, 1, 1),
(2516, 16, 67, 1, 1),
(2517, 16, 72, 1, 1),
(2518, 16, 71, 1, 1),
(2519, 16, 77, 3, 1),
(2520, 16, 77, 3, 1),
(2521, 8, 49, 1, 1),
(2541, 45, 180, 2, 1),
(2542, 45, 170, 2, 1),
(2543, 45, 178, 3, 1),
(2544, 45, 179, 2, 1),
(2545, 45, 171, 2, 1),
(2546, 45, 174, 2, 1),
(2547, 45, 175, 2, 1),
(2548, 45, 77, 3, 1),
(2559, 38, 77, 3, 1),
(2560, 38, 168, 4, 1),
(2561, 38, 180, 4, 1),
(2562, 38, 170, 4, 1),
(2563, 38, 179, 4, 1),
(2564, 38, 171, 4, 1),
(2565, 38, 174, 4, 1),
(2566, 38, 175, 4, 1),
(2567, 38, 77, 3, 1),
(2568, 41, 77, 3, 1),
(2569, 41, 168, 3, 1),
(2570, 41, 176, 3, 1),
(2571, 41, 169, 3, 1),
(2572, 41, 181, 3, 1),
(2573, 41, 177, 3, 1),
(2574, 41, 170, 3, 1),
(2575, 41, 180, 3, 1),
(2576, 41, 178, 3, 1),
(2577, 41, 179, 3, 1),
(2578, 41, 171, 3, 1),
(2579, 41, 174, 3, 1),
(2580, 41, 175, 3, 1),
(2581, 41, 77, 3, 1),
(2588, 44, 77, 3, 1),
(2589, 44, 155, 3, 1),
(2590, 44, 158, 3, 1),
(2591, 44, 149, 3, 1),
(2592, 44, 150, 3, 1),
(2593, 44, 184, 3, 1),
(2594, 44, 183, 3, 1),
(2595, 44, 77, 3, 1),
(2596, 46, 195, 1, 1),
(2597, 47, 195, 1, 1),
(2598, 49, 195, 1, 1),
(2599, 48, 195, 1, 1),
(2600, 46, 196, 1, 1),
(2601, 46, 196, 2, 1),
(2602, 46, 196, 3, 1),
(2603, 46, 196, 4, 1),
(2605, 49, 196, 1, 1),
(2606, 49, 196, 2, 1),
(2607, 49, 196, 3, 1),
(2608, 49, 196, 4, 1),
(2609, 48, 196, 1, 1),
(2610, 46, 197, 1, 1),
(2611, 46, 197, 2, 1),
(2612, 46, 197, 3, 1),
(2613, 46, 197, 4, 1),
(2614, 47, 197, 1, 1),
(2615, 49, 197, 1, 1),
(2616, 49, 197, 2, 1),
(2617, 49, 197, 3, 1),
(2618, 49, 197, 4, 1),
(2619, 48, 197, 1, 1),
(2620, 46, 198, 1, 1),
(2621, 46, 198, 2, 1),
(2622, 46, 198, 3, 1),
(2623, 46, 198, 4, 1),
(2624, 47, 198, 1, 1),
(2625, 49, 198, 1, 1),
(2626, 49, 198, 2, 1),
(2627, 49, 198, 3, 1),
(2628, 49, 198, 4, 1),
(2629, 48, 198, 1, 1),
(2630, 46, 200, 1, 1),
(2631, 49, 200, 1, 1),
(2632, 48, 200, 1, 1),
(2635, 52, 200, 1, 1),
(2636, 46, 201, 1, 1),
(2637, 46, 201, 2, 1),
(2638, 46, 201, 3, 1),
(2639, 46, 201, 4, 1),
(2650, 52, 201, 1, 1),
(2651, 52, 201, 2, 1),
(2652, 52, 201, 3, 1),
(2653, 52, 201, 4, 1),
(2654, 56, 201, 1, 1),
(2660, 46, 202, 1, 1),
(2661, 46, 202, 2, 1),
(2662, 46, 202, 3, 1),
(2663, 46, 202, 4, 1),
(2684, 46, 203, 1, 1),
(2685, 46, 203, 2, 1),
(2686, 46, 203, 3, 1),
(2687, 46, 203, 4, 1),
(2688, 49, 203, 1, 1),
(2689, 49, 203, 2, 1),
(2690, 49, 203, 3, 1),
(2691, 49, 203, 4, 1),
(2692, 48, 203, 1, 1),
(2693, 46, 205, 1, 1),
(2694, 49, 205, 1, 1),
(2695, 47, 205, 1, 1),
(2696, 48, 205, 1, 1),
(2697, 51, 205, 1, 1),
(2698, 50, 205, 1, 1),
(2700, 52, 205, 1, 1),
(2701, 54, 205, 1, 1),
(2702, 55, 205, 1, 1),
(2703, 56, 205, 1, 1),
(2705, 46, 206, 1, 1),
(2706, 49, 206, 1, 1),
(2707, 47, 206, 1, 1),
(2708, 48, 206, 1, 1),
(2709, 51, 206, 1, 1),
(2710, 50, 206, 1, 1),
(2712, 52, 206, 1, 1),
(2713, 54, 206, 1, 1),
(2714, 55, 206, 1, 1),
(2715, 56, 206, 1, 1),
(2717, 46, 207, 1, 1),
(2718, 46, 207, 2, 1),
(2719, 46, 207, 3, 1),
(2720, 46, 207, 4, 1),
(2721, 49, 207, 1, 1),
(2722, 49, 207, 2, 1),
(2723, 49, 207, 3, 1),
(2724, 49, 207, 4, 1),
(2725, 47, 207, 1, 1),
(2726, 47, 207, 2, 1),
(2727, 47, 207, 3, 1),
(2728, 47, 207, 4, 1),
(2729, 48, 207, 1, 1),
(2730, 48, 207, 2, 1),
(2731, 48, 207, 3, 1),
(2732, 48, 207, 4, 1),
(2733, 51, 207, 1, 1),
(2734, 51, 207, 2, 1),
(2735, 51, 207, 3, 1),
(2736, 51, 207, 4, 1),
(2737, 50, 207, 1, 1),
(2738, 50, 207, 2, 1),
(2739, 50, 207, 3, 1),
(2740, 50, 207, 4, 1),
(2745, 52, 207, 1, 1),
(2746, 52, 207, 2, 1),
(2747, 52, 207, 3, 1),
(2748, 52, 207, 4, 1),
(2749, 54, 207, 1, 1),
(2750, 54, 207, 2, 1),
(2751, 54, 207, 3, 1),
(2752, 54, 207, 4, 1),
(2753, 55, 207, 1, 1),
(2754, 55, 207, 2, 1),
(2755, 55, 207, 3, 1),
(2756, 55, 207, 4, 1),
(2757, 56, 207, 1, 1),
(2758, 56, 207, 2, 1),
(2759, 56, 207, 3, 1),
(2760, 56, 207, 4, 1),
(2765, 46, 209, 1, 1),
(2766, 46, 209, 2, 1),
(2767, 46, 209, 3, 1),
(2768, 46, 209, 4, 1),
(2769, 49, 209, 1, 1),
(2770, 49, 209, 2, 1),
(2771, 49, 209, 3, 1),
(2772, 49, 209, 4, 1),
(2773, 48, 209, 1, 1),
(2774, 48, 209, 2, 1),
(2775, 48, 209, 3, 1),
(2776, 48, 209, 4, 1),
(2777, 46, 211, 1, 1),
(2778, 46, 211, 4, 1),
(2779, 49, 211, 1, 1),
(2780, 49, 211, 4, 1),
(2781, 54, 211, 1, 1),
(2782, 54, 211, 4, 1),
(2783, 52, 211, 1, 1),
(2784, 52, 211, 4, 1),
(2787, 47, 211, 1, 1),
(2788, 47, 211, 4, 1),
(2789, 50, 211, 1, 1),
(2790, 50, 211, 4, 1),
(2791, 46, 213, 1, 1),
(2792, 46, 213, 2, 1),
(2793, 46, 213, 3, 1),
(2794, 46, 213, 4, 1),
(2795, 49, 213, 1, 1),
(2796, 49, 213, 2, 1),
(2797, 49, 213, 3, 1),
(2798, 49, 213, 4, 1),
(2799, 46, 215, 1, 1),
(2800, 49, 215, 1, 1),
(2801, 47, 215, 1, 1),
(2802, 48, 215, 1, 1),
(2803, 46, 216, 1, 1),
(2804, 49, 216, 1, 1),
(2805, 47, 216, 1, 1),
(2806, 48, 216, 1, 1),
(2807, 46, 217, 1, 1),
(2808, 49, 217, 1, 1),
(2809, 47, 217, 1, 1),
(2810, 48, 217, 1, 1),
(2811, 46, 218, 1, 1),
(2812, 49, 218, 1, 1),
(2813, 47, 218, 1, 1),
(2814, 48, 218, 1, 1),
(2815, 46, 219, 1, 1),
(2816, 49, 219, 1, 1),
(2817, 47, 219, 1, 1),
(2818, 48, 219, 1, 1),
(2819, 46, 220, 1, 1),
(2820, 49, 220, 1, 1),
(2821, 47, 220, 1, 1),
(2822, 48, 220, 1, 1),
(2823, 46, 221, 1, 1),
(2824, 49, 221, 1, 1),
(2825, 47, 221, 1, 1),
(2826, 48, 221, 1, 1),
(2827, 46, 222, 1, 1),
(2828, 49, 222, 1, 1),
(2829, 47, 222, 1, 1),
(2830, 48, 222, 1, 1),
(2831, 46, 223, 1, 1),
(2832, 49, 223, 1, 1),
(2833, 47, 223, 1, 1),
(2834, 48, 223, 1, 1),
(2835, 46, 224, 1, 1),
(2836, 49, 224, 1, 1),
(2837, 47, 224, 1, 1),
(2838, 48, 224, 1, 1),
(2839, 46, 225, 1, 1),
(2840, 49, 225, 1, 1),
(2841, 47, 225, 1, 1),
(2842, 48, 225, 1, 1),
(2843, 46, 226, 1, 1),
(2844, 49, 226, 1, 1),
(2845, 47, 226, 1, 1),
(2846, 48, 226, 1, 1),
(2847, 51, 226, 1, 1),
(2848, 50, 226, 1, 1),
(2850, 52, 226, 1, 1),
(2851, 54, 226, 1, 1),
(2852, 55, 226, 1, 1),
(2853, 56, 226, 1, 1),
(2855, 46, 227, 1, 1),
(2856, 46, 227, 2, 1),
(2857, 46, 227, 3, 1),
(2858, 46, 227, 4, 1),
(2859, 49, 227, 1, 1),
(2860, 49, 227, 2, 1),
(2861, 49, 227, 3, 1),
(2862, 49, 227, 4, 1),
(2863, 47, 227, 1, 1),
(2864, 47, 227, 2, 1),
(2865, 47, 227, 3, 1),
(2866, 47, 227, 4, 1),
(2867, 48, 227, 1, 1),
(2868, 48, 227, 2, 1),
(2869, 48, 227, 3, 1),
(2870, 48, 227, 4, 1),
(2871, 51, 227, 1, 1),
(2872, 51, 227, 2, 1),
(2873, 51, 227, 3, 1),
(2874, 51, 227, 4, 1),
(2875, 50, 227, 1, 1),
(2876, 50, 227, 2, 1),
(2877, 50, 227, 3, 1),
(2878, 50, 227, 4, 1),
(2883, 52, 227, 1, 1),
(2884, 52, 227, 2, 1),
(2885, 52, 227, 3, 1),
(2886, 52, 227, 4, 1),
(2887, 54, 227, 1, 1),
(2888, 54, 227, 2, 1),
(2889, 54, 227, 3, 1),
(2890, 54, 227, 4, 1),
(2891, 55, 227, 1, 1),
(2892, 55, 227, 2, 1),
(2893, 55, 227, 3, 1),
(2894, 55, 227, 4, 1),
(2895, 56, 227, 1, 1),
(2896, 56, 227, 2, 1),
(2897, 56, 227, 3, 1),
(2898, 56, 227, 4, 1),
(2903, 46, 230, 1, 1),
(2904, 46, 230, 4, 1),
(2905, 49, 230, 1, 1),
(2906, 49, 230, 4, 1),
(2907, 47, 230, 1, 1),
(2908, 47, 230, 4, 1),
(2909, 50, 230, 1, 1),
(2910, 50, 230, 4, 1),
(2913, 52, 230, 1, 1),
(2914, 52, 230, 4, 1),
(2915, 54, 230, 1, 1),
(2916, 54, 230, 4, 1),
(2917, 46, 232, 1, 1),
(2918, 46, 232, 2, 1),
(2919, 46, 232, 3, 1),
(2920, 46, 232, 4, 1),
(2921, 52, 232, 1, 1),
(2922, 52, 232, 2, 1),
(2923, 52, 232, 3, 1),
(2924, 52, 232, 4, 1),
(2925, 56, 232, 1, 1),
(2926, 56, 232, 2, 1),
(2927, 56, 232, 3, 1),
(2928, 56, 232, 4, 1),
(2937, 46, 233, 1, 1),
(2938, 46, 233, 2, 1),
(2939, 46, 233, 3, 1),
(2940, 46, 233, 4, 1),
(2941, 52, 233, 1, 1),
(2942, 52, 233, 2, 1),
(2943, 52, 233, 3, 1),
(2944, 52, 233, 4, 1),
(2945, 56, 233, 1, 1),
(2946, 56, 233, 2, 1),
(2947, 56, 233, 3, 1),
(2948, 56, 233, 4, 1),
(2957, 46, 234, 1, 1),
(2958, 46, 234, 2, 1),
(2959, 46, 234, 3, 1),
(2960, 46, 234, 4, 1),
(2961, 52, 234, 1, 1),
(2962, 52, 234, 2, 1),
(2963, 52, 234, 3, 1),
(2964, 52, 234, 4, 1),
(2965, 56, 234, 1, 1),
(2966, 56, 234, 2, 1),
(2967, 56, 234, 3, 1),
(2968, 56, 234, 4, 1),
(2977, 46, 236, 1, 1),
(2978, 46, 236, 2, 1),
(2979, 46, 236, 3, 1),
(2980, 46, 236, 4, 1),
(2989, 46, 237, 1, 1),
(2990, 46, 237, 2, 1),
(2991, 46, 237, 3, 1),
(2992, 46, 237, 4, 1),
(3001, 46, 239, 1, 1),
(3002, 54, 239, 1, 1),
(3003, 55, 239, 1, 1),
(3004, 46, 240, 1, 1),
(3005, 54, 240, 1, 1),
(3006, 55, 240, 1, 1),
(3007, 46, 241, 1, 1),
(3008, 46, 241, 2, 1),
(3009, 46, 241, 3, 1),
(3010, 46, 241, 4, 1),
(3011, 54, 241, 1, 1),
(3012, 54, 241, 2, 1),
(3013, 54, 241, 3, 1),
(3014, 54, 241, 4, 1),
(3015, 55, 241, 1, 1),
(3016, 55, 241, 2, 1),
(3017, 55, 241, 3, 1),
(3018, 55, 241, 4, 1),
(3019, 46, 242, 1, 1),
(3020, 46, 242, 2, 1),
(3021, 46, 242, 3, 1),
(3022, 46, 242, 4, 1),
(3023, 54, 242, 1, 1),
(3024, 54, 242, 2, 1),
(3025, 54, 242, 3, 1),
(3026, 54, 242, 4, 1),
(3027, 55, 242, 1, 1),
(3028, 55, 242, 2, 1),
(3029, 55, 242, 3, 1),
(3030, 55, 242, 4, 1),
(3031, 46, 243, 1, 1),
(3032, 46, 243, 2, 1),
(3033, 46, 243, 3, 1),
(3034, 46, 243, 4, 1),
(3035, 54, 243, 1, 1),
(3036, 54, 243, 2, 1),
(3037, 54, 243, 3, 1),
(3038, 54, 243, 4, 1),
(3039, 55, 243, 1, 1),
(3040, 55, 243, 2, 1),
(3041, 55, 243, 3, 1),
(3042, 55, 243, 4, 1),
(3043, 46, 244, 1, 1),
(3044, 46, 244, 2, 1),
(3045, 46, 244, 3, 1),
(3046, 46, 244, 4, 1),
(3047, 54, 244, 1, 1),
(3048, 54, 244, 2, 1),
(3049, 54, 244, 3, 1),
(3050, 54, 244, 4, 1),
(3051, 55, 244, 1, 1),
(3052, 55, 244, 2, 1),
(3053, 55, 244, 3, 1),
(3054, 55, 244, 4, 1),
(3055, 46, 245, 1, 1),
(3056, 46, 245, 2, 1),
(3057, 46, 245, 3, 1),
(3058, 46, 245, 4, 1),
(3059, 54, 245, 1, 1),
(3060, 54, 245, 2, 1),
(3061, 54, 245, 3, 1),
(3062, 54, 245, 4, 1),
(3063, 55, 245, 1, 1),
(3064, 55, 245, 2, 1),
(3065, 55, 245, 3, 1),
(3066, 55, 245, 4, 1),
(3067, 46, 246, 1, 1),
(3068, 54, 246, 1, 1),
(3069, 55, 246, 1, 1),
(3070, 46, 247, 1, 1),
(3071, 46, 247, 2, 1),
(3072, 46, 247, 3, 1),
(3073, 46, 247, 4, 1),
(3074, 54, 247, 1, 1),
(3075, 54, 247, 2, 1),
(3076, 54, 247, 3, 1),
(3077, 54, 247, 4, 1),
(3078, 55, 247, 1, 1),
(3079, 55, 247, 2, 1),
(3080, 55, 247, 3, 1),
(3081, 55, 247, 4, 1),
(3082, 46, 248, 1, 1),
(3083, 46, 248, 2, 1),
(3084, 46, 248, 3, 1),
(3085, 46, 248, 4, 1),
(3086, 54, 248, 1, 1),
(3087, 54, 248, 2, 1),
(3088, 54, 248, 3, 1),
(3089, 54, 248, 4, 1),
(3090, 55, 248, 1, 1),
(3091, 55, 248, 2, 1),
(3092, 55, 248, 3, 1),
(3093, 55, 248, 4, 1),
(3094, 46, 249, 1, 1),
(3095, 46, 249, 2, 1),
(3096, 46, 249, 3, 1),
(3097, 46, 249, 4, 1),
(3098, 54, 249, 1, 1),
(3099, 54, 249, 2, 1),
(3100, 54, 249, 3, 1),
(3101, 54, 249, 4, 1),
(3102, 55, 249, 1, 1),
(3103, 55, 249, 2, 1),
(3104, 55, 249, 3, 1),
(3105, 55, 249, 4, 1),
(3106, 46, 250, 1, 1),
(3107, 46, 250, 2, 1),
(3108, 46, 250, 3, 1),
(3109, 46, 250, 4, 1),
(3110, 54, 250, 1, 1),
(3111, 54, 250, 2, 1),
(3112, 54, 250, 3, 1),
(3113, 54, 250, 4, 1),
(3114, 55, 250, 1, 1),
(3115, 55, 250, 2, 1),
(3116, 55, 250, 3, 1),
(3117, 55, 250, 4, 1),
(3118, 46, 251, 1, 1),
(3119, 46, 251, 2, 1),
(3120, 46, 251, 3, 1),
(3121, 46, 251, 4, 1),
(3122, 54, 251, 1, 1),
(3123, 54, 251, 2, 1),
(3124, 54, 251, 3, 1),
(3125, 54, 251, 4, 1),
(3126, 55, 251, 1, 1),
(3127, 55, 251, 2, 1),
(3128, 55, 251, 3, 1),
(3129, 55, 251, 4, 1),
(3130, 46, 252, 1, 1),
(3131, 46, 252, 2, 1),
(3132, 46, 252, 3, 1),
(3133, 46, 252, 4, 1),
(3134, 54, 252, 1, 1),
(3135, 54, 252, 2, 1),
(3136, 54, 252, 3, 1),
(3137, 54, 252, 4, 1),
(3138, 55, 252, 1, 1),
(3139, 55, 252, 2, 1),
(3140, 55, 252, 3, 1),
(3141, 55, 252, 4, 1),
(3142, 46, 253, 1, 1),
(3143, 54, 253, 1, 1),
(3144, 55, 253, 1, 1),
(3145, 46, 254, 1, 1),
(3146, 46, 254, 2, 1),
(3147, 46, 254, 3, 1),
(3148, 46, 254, 4, 1),
(3149, 54, 254, 1, 1),
(3150, 54, 254, 2, 1),
(3151, 54, 254, 3, 1),
(3152, 54, 254, 4, 1),
(3153, 55, 254, 1, 1),
(3154, 55, 254, 2, 1),
(3155, 55, 254, 3, 1),
(3156, 55, 254, 4, 1),
(3157, 46, 255, 1, 1),
(3158, 46, 255, 2, 1),
(3159, 46, 255, 3, 1),
(3160, 46, 255, 4, 1),
(3161, 54, 255, 1, 1),
(3162, 54, 255, 2, 1),
(3163, 54, 255, 3, 1),
(3164, 54, 255, 4, 1),
(3165, 55, 255, 1, 1),
(3166, 55, 255, 2, 1),
(3167, 55, 255, 3, 1),
(3168, 55, 255, 4, 1),
(3169, 46, 256, 1, 1),
(3170, 54, 256, 1, 1),
(3171, 55, 256, 1, 1),
(3172, 46, 257, 1, 1),
(3173, 46, 257, 2, 1),
(3174, 46, 257, 3, 1),
(3175, 46, 257, 4, 1),
(3176, 54, 257, 1, 1),
(3177, 54, 257, 2, 1),
(3178, 54, 257, 3, 1),
(3179, 54, 257, 4, 1),
(3180, 55, 257, 1, 1),
(3181, 55, 257, 2, 1),
(3182, 55, 257, 3, 1),
(3183, 55, 257, 4, 1),
(3184, 46, 259, 1, 1),
(3185, 54, 259, 1, 1),
(3186, 55, 259, 1, 1),
(3187, 46, 260, 1, 1),
(3188, 54, 260, 1, 1),
(3189, 55, 260, 1, 1),
(3190, 46, 261, 1, 1),
(3191, 54, 261, 1, 1),
(3192, 55, 261, 1, 1),
(3193, 46, 262, 1, 1),
(3194, 54, 262, 1, 1),
(3195, 55, 262, 1, 1),
(3196, 46, 263, 1, 1),
(3197, 54, 263, 1, 1),
(3198, 55, 263, 1, 1),
(3199, 46, 265, 1, 1),
(3200, 54, 265, 1, 1),
(3201, 55, 265, 1, 1),
(3202, 46, 266, 1, 1),
(3203, 54, 266, 1, 1),
(3204, 55, 266, 1, 1),
(3205, 46, 267, 1, 1),
(3206, 54, 267, 1, 1),
(3207, 55, 267, 1, 1),
(3208, 46, 268, 1, 1),
(3209, 46, 269, 1, 1),
(3210, 46, 269, 2, 1),
(3211, 46, 269, 3, 1),
(3212, 46, 269, 4, 1),
(3213, 46, 270, 1, 1),
(3214, 52, 270, 1, 1),
(3215, 56, 270, 1, 1),
(3218, 46, 271, 1, 1),
(3219, 52, 271, 1, 1),
(3220, 56, 271, 1, 1),
(3223, 46, 272, 1, 1),
(3226, 46, 273, 1, 1),
(3227, 52, 273, 1, 1),
(3228, 56, 273, 1, 1),
(3234, 46, 275, 1, 1),
(3237, 58, 275, 1, 1),
(3238, 46, 276, 1, 1),
(3239, 46, 276, 2, 1),
(3240, 46, 276, 3, 1),
(3241, 46, 276, 4, 1),
(3250, 58, 276, 1, 1),
(3251, 58, 276, 2, 1),
(3252, 58, 276, 3, 1),
(3253, 58, 276, 4, 1),
(3254, 46, 277, 1, 1),
(3255, 46, 277, 2, 1),
(3256, 46, 277, 3, 1),
(3257, 46, 277, 4, 1),
(3266, 58, 277, 1, 1),
(3267, 58, 277, 2, 1),
(3268, 58, 277, 3, 1),
(3269, 58, 277, 4, 1),
(3270, 46, 278, 1, 1),
(3271, 46, 278, 2, 1),
(3272, 46, 278, 3, 1),
(3273, 46, 278, 4, 1),
(3282, 58, 278, 1, 1),
(3283, 58, 278, 2, 1),
(3284, 58, 278, 3, 1),
(3285, 58, 278, 4, 1),
(3286, 46, 279, 1, 1),
(3287, 46, 279, 2, 1),
(3288, 46, 279, 3, 1),
(3289, 46, 279, 4, 1),
(3298, 58, 279, 1, 1),
(3299, 58, 279, 2, 1),
(3300, 58, 279, 3, 1),
(3301, 58, 279, 4, 1),
(3302, 46, 280, 1, 1),
(3303, 52, 280, 1, 1),
(3304, 56, 280, 1, 1),
(3307, 46, 281, 1, 1),
(3308, 46, 281, 2, 1),
(3309, 46, 281, 3, 1),
(3310, 46, 281, 4, 1),
(3319, 58, 281, 1, 1),
(3320, 58, 281, 2, 1),
(3321, 58, 281, 3, 1),
(3322, 58, 281, 4, 1),
(3323, 58, 205, 1, 1),
(3324, 58, 206, 1, 1),
(3325, 58, 205, 1, 1),
(3326, 58, 207, 1, 1),
(3327, 58, 207, 2, 1),
(3328, 58, 207, 3, 1),
(3329, 58, 207, 4, 1),
(3330, 58, 226, 4, 1),
(3331, 58, 227, 1, 1),
(3332, 58, 227, 2, 1),
(3333, 58, 227, 3, 1),
(3334, 58, 227, 4, 1),
(3335, 58, 239, 1, 1),
(3353, 58, 246, 1, 1),
(3354, 58, 247, 1, 1),
(3387, 58, 256, 1, 1),
(3392, 46, 282, 1, 1),
(3393, 46, 282, 2, 1),
(3394, 46, 282, 3, 1),
(3395, 46, 282, 4, 1),
(3396, 49, 282, 1, 1),
(3397, 49, 282, 2, 1),
(3398, 49, 282, 3, 1),
(3399, 49, 282, 4, 1),
(3400, 48, 282, 1, 1),
(3401, 48, 282, 2, 1),
(3402, 48, 282, 3, 1),
(3403, 48, 282, 4, 1),
(3404, 46, 283, 1, 1),
(3405, 54, 283, 1, 1),
(3406, 55, 283, 1, 1),
(3408, 52, 239, 1, 1),
(3410, 49, 239, 1, 1),
(3411, 50, 239, 1, 1),
(3412, 47, 239, 1, 1),
(3413, 56, 239, 1, 1),
(3415, 48, 239, 1, 1),
(3416, 51, 239, 1, 1),
(3555, 51, 254, 1, 1),
(3564, 51, 255, 1, 1),
(3565, 52, 256, 1, 1),
(3567, 49, 256, 1, 1),
(3568, 50, 256, 1, 1),
(3569, 47, 256, 1, 1),
(3570, 56, 256, 1, 1),
(3572, 48, 256, 1, 1),
(3573, 51, 256, 1, 1),
(3608, 46, 285, 1, 1),
(3609, 46, 285, 2, 1),
(3610, 46, 285, 3, 1),
(3611, 46, 285, 4, 1),
(3612, 54, 285, 1, 1),
(3613, 54, 285, 2, 1),
(3614, 54, 285, 3, 1),
(3615, 54, 285, 4, 1),
(3616, 55, 285, 1, 1),
(3617, 55, 285, 2, 1),
(3618, 55, 285, 3, 1),
(3619, 55, 285, 4, 1),
(3620, 58, 285, 1, 1),
(3621, 58, 285, 2, 1),
(3622, 58, 285, 3, 1),
(3623, 58, 285, 4, 1),
(3624, 20, 65, 2, 1),
(3625, 20, 64, 2, 1),
(3626, 20, 67, 2, 1),
(3627, 20, 72, 2, 1),
(3628, 20, 71, 2, 1),
(3629, 20, 77, 3, 1),
(3630, 20, 77, 3, 1),
(3631, 46, 288, 1, 1),
(3632, 46, 288, 2, 1),
(3633, 46, 288, 3, 1),
(3634, 46, 288, 4, 1),
(3645, 52, 288, 1, 1),
(3646, 52, 288, 2, 1),
(3647, 52, 288, 3, 1),
(3648, 52, 288, 4, 1),
(3649, 56, 288, 1, 1),
(3655, 46, 289, 1, 1),
(3656, 54, 289, 1, 1),
(3657, 55, 289, 1, 1),
(3659, 46, 290, 1, 1),
(3662, 58, 290, 1, 1),
(3663, 46, 291, 1, 1),
(3666, 58, 291, 1, 1),
(3667, 46, 292, 1, 1),
(3670, 58, 292, 1, 1),
(3671, 46, 295, 1, 1),
(3672, 46, 295, 2, 1),
(3673, 46, 295, 3, 1),
(3674, 46, 295, 4, 1),
(3675, 54, 295, 1, 1),
(3676, 54, 295, 2, 1),
(3677, 54, 295, 3, 1),
(3678, 54, 295, 4, 1),
(3679, 46, 297, 1, 1),
(3680, 46, 297, 2, 1),
(3681, 46, 297, 3, 1),
(3682, 46, 297, 4, 1),
(3683, 54, 297, 1, 1),
(3684, 54, 297, 2, 1),
(3685, 54, 297, 3, 1),
(3686, 54, 297, 4, 1),
(3687, 50, 297, 1, 1),
(3688, 50, 297, 2, 1),
(3689, 50, 297, 3, 1),
(3690, 50, 297, 4, 1),
(3691, 46, 299, 1, 1),
(3692, 46, 299, 2, 1),
(3693, 46, 299, 3, 1),
(3694, 46, 299, 4, 1),
(3695, 54, 299, 1, 1),
(3696, 54, 299, 2, 1),
(3697, 54, 299, 3, 1),
(3698, 54, 299, 4, 1),
(3699, 46, 301, 1, 1),
(3700, 54, 301, 1, 1),
(3701, 55, 301, 1, 1),
(3702, 46, 302, 1, 1),
(3703, 54, 302, 1, 1),
(3704, 55, 302, 1, 1),
(3705, 46, 303, 1, 1),
(3706, 54, 303, 1, 1),
(3707, 55, 303, 1, 1),
(3708, 46, 305, 1, 1),
(3709, 52, 305, 1, 1),
(3710, 56, 305, 1, 1),
(3713, 14, 65, 3, 1),
(3714, 14, 64, 3, 1),
(3715, 14, 66, 3, 1),
(3716, 14, 67, 3, 1),
(3717, 14, 68, 3, 1),
(3718, 14, 70, 3, 1),
(3719, 14, 72, 3, 1),
(3720, 14, 71, 3, 1),
(3721, 14, 73, 3, 1),
(3722, 14, 74, 3, 1),
(3723, 14, 75, 3, 1),
(3724, 14, 69, 3, 1),
(3725, 14, 76, 3, 1),
(3726, 14, 81, 3, 1),
(3727, 14, 86, 3, 1),
(3728, 14, 87, 3, 1),
(3729, 14, 82, 3, 1),
(3730, 14, 111, 3, 1),
(3731, 14, 110, 3, 1),
(3732, 14, 112, 3, 1),
(3733, 14, 88, 3, 1),
(3734, 14, 124, 3, 1),
(3735, 14, 137, 3, 1),
(3736, 14, 119, 3, 1),
(3737, 14, 140, 3, 1),
(3738, 14, 114, 3, 1),
(3739, 14, 113, 3, 1),
(3740, 14, 115, 3, 1),
(3741, 14, 123, 3, 1),
(3742, 14, 89, 3, 1),
(3743, 14, 131, 3, 1),
(3744, 14, 138, 3, 1),
(3745, 14, 80, 3, 1),
(3746, 14, 78, 3, 1),
(3747, 14, 117, 3, 1),
(3748, 14, 79, 3, 1),
(3749, 14, 116, 3, 1),
(3750, 14, 118, 3, 1),
(3751, 14, 144, 3, 1),
(3752, 14, 136, 3, 1),
(3753, 14, 141, 3, 1),
(3754, 14, 142, 3, 1),
(3755, 14, 143, 3, 1),
(3756, 14, 159, 3, 1),
(3757, 14, 84, 3, 1),
(3758, 14, 83, 3, 1),
(3759, 14, 85, 3, 1),
(3760, 14, 135, 3, 1),
(3761, 14, 194, 3, 1),
(3762, 14, 77, 3, 1),
(3763, 14, 77, 3, 1),
(3780, 49, 295, 1, 1),
(3781, 49, 295, 2, 1),
(3782, 49, 295, 3, 1),
(3783, 49, 295, 4, 1),
(3784, 47, 295, 1, 1),
(3785, 47, 295, 2, 1),
(3786, 47, 295, 3, 1),
(3787, 47, 295, 4, 1),
(3788, 48, 295, 1, 1),
(3789, 48, 295, 2, 1),
(3790, 48, 295, 3, 1),
(3791, 48, 295, 4, 1),
(3792, 51, 295, 1, 1),
(3793, 51, 295, 2, 1),
(3794, 51, 295, 3, 1),
(3795, 51, 295, 4, 1),
(3796, 50, 295, 1, 1),
(3797, 50, 295, 2, 1),
(3798, 50, 295, 3, 1),
(3799, 50, 295, 4, 1),
(3800, 52, 295, 1, 1),
(3801, 52, 295, 2, 1),
(3802, 52, 295, 3, 1),
(3803, 52, 295, 4, 1),
(3804, 55, 295, 1, 1),
(3805, 55, 295, 2, 1),
(3806, 55, 295, 3, 1),
(3807, 55, 295, 4, 1),
(3808, 56, 295, 1, 1),
(3809, 56, 295, 2, 1),
(3810, 56, 295, 3, 1),
(3811, 56, 295, 4, 1),
(3812, 58, 295, 1, 1),
(3813, 58, 295, 2, 1),
(3814, 58, 295, 3, 1),
(3815, 58, 295, 4, 1),
(3816, 49, 297, 1, 1),
(3817, 49, 297, 2, 1),
(3818, 49, 297, 3, 1),
(3819, 49, 297, 4, 1),
(3824, 52, 297, 1, 1),
(3825, 52, 297, 2, 1),
(3826, 52, 297, 3, 1),
(3827, 52, 297, 4, 1),
(3836, 46, 307, 1, 1),
(3837, 46, 307, 2, 1),
(3838, 46, 307, 3, 1),
(3839, 46, 307, 4, 1),
(3840, 47, 307, 1, 1),
(3841, 47, 307, 2, 1),
(3842, 47, 307, 3, 1),
(3843, 47, 307, 4, 1),
(3848, 58, 259, 1, 1),
(3849, 52, 236, 1, 1),
(3850, 52, 236, 2, 1),
(3851, 52, 236, 3, 1),
(3852, 52, 236, 4, 1),
(3853, 56, 236, 1, 1),
(3854, 56, 236, 2, 1),
(3855, 56, 236, 3, 1),
(3856, 56, 236, 4, 1),
(3857, 52, 272, 1, 1),
(3858, 56, 272, 1, 1),
(3859, 52, 237, 1, 1),
(3860, 56, 237, 1, 1),
(3861, 52, 237, 2, 1),
(3862, 56, 237, 2, 1),
(3863, 52, 237, 3, 1),
(3864, 56, 237, 3, 1),
(3865, 52, 237, 4, 1),
(3866, 56, 237, 4, 1),
(3867, 47, 200, 1, 1),
(3868, 47, 202, 1, 1),
(3869, 47, 202, 2, 1),
(3870, 47, 202, 3, 1),
(3871, 47, 202, 4, 1),
(3872, 47, 197, 2, 1),
(3873, 47, 197, 3, 1),
(3874, 47, 197, 4, 1),
(3875, 47, 198, 2, 1),
(3876, 47, 198, 3, 1),
(3877, 47, 198, 4, 1),
(3878, 46, 309, 1, 1),
(3879, 46, 309, 2, 1),
(3880, 46, 309, 3, 1),
(3881, 46, 309, 4, 1),
(3882, 54, 309, 1, 1),
(3883, 54, 309, 2, 1),
(3884, 54, 309, 3, 1),
(3885, 54, 309, 4, 1),
(3886, 46, 310, 1, 1),
(3887, 46, 310, 2, 1),
(3888, 46, 310, 3, 1),
(3889, 46, 310, 4, 1),
(3890, 47, 310, 1, 1),
(3891, 47, 310, 2, 1),
(3892, 47, 310, 3, 1),
(3893, 47, 310, 4, 1);

-- --------------------------------------------------------

--
-- Estructura de tabla para la tabla `org_seccion`
--

CREATE TABLE `org_seccion` (
  `id_seccion` int(10) UNSIGNED NOT NULL,
  `nombre_seccion` varchar(200) NOT NULL,
  `depende` int(10) UNSIGNED NOT NULL,
  `nivel` int(10) UNSIGNED NOT NULL
) ENGINE=InnoDB DEFAULT CHARSET=latin1;

--
-- Volcado de datos para la tabla `org_seccion`
--

INSERT INTO `org_seccion` (`id_seccion`, `nombre_seccion`, `depende`, `nivel`) VALUES
(1, 'OFICINA DE ASESORIA JURIDICA', 34, 1),
(2, 'LIQUIDACION LABORAL', 37, 2),
(3, 'ARCHIVO GENERAL', 36, 2),
(4, 'ADMINISTRACION DE PROYECTOS', 34, 1),
(5, 'CENTRO OBRERO COATEPEQUE', 15, 2),
(6, 'CENTRO OBRERO CONCHALIO', 15, 2),
(8, 'CENTRO OBRERO EL TAMARINDO', 15, 2),
(9, 'CENTRO OBRERO LA PALMA', 15, 2),
(10, 'CIUDAD MUJER', 61, 2),
(11, 'CLINICA EMPRESARIAL', 36, 2),
(12, 'CNR', 37, 2),
(13, 'CONSEJO NACIONAL DEL SALARIO MINIMO', 34, 1),
(14, 'CONSEJO SUPERIOR DEL TRABAJO', 34, 1),
(15, 'DEPARTAMENTO DE CENTROS DE RECREACION A TRABAJADORES', 36, 2),
(16, 'DEPARTAMENTO DE INSPECCION AGROPECUARIA', 37, 2),
(17, 'DEPARTAMENTO DE INSPECCION, INDUSTRIA, COMERCIO Y SERVICIO', 37, 2),
(18, 'DEPARTAMENTO DE INSPECCION AGROPECUARIA_NO USAR', 37, 2),
(19, 'DEPARTAMENTO DE RECURSOS HUMANOS', 36, 2),
(20, 'DEPARTAMENTO DE RELACIONES DE TRABAJO', 43, 2),
(21, 'DEPARTAMENTO DE SERVICIOS GENERALES', 36, 2),
(22, 'DEPARTAMENTO NACIONAL DE EMPLEO', 42, 2),
(23, 'DEPARTAMENTO DE EMPLEO BOLSA DE EMPLEO DE APOPA', 42, 2),
(24, 'DEPARTAMENTO DE EMPLEO BOLSA DE EMPLEO DE ILOPANGO', 42, 2),
(25, 'DEPARTAMENTO DE EMPLEO BOLSA DE EMPLEO DE MEJICANOS', 42, 2),
(26, 'DEPARTAMENTO DE EMPLEO BOLSA DE EMPLEO DE NEJAPA', 42, 2),
(27, 'DEPARTAMENTO DE EMPLEO BOLSA DE EMPLEO DE SAN MARCOS', 42, 2),
(28, 'DEPARTAMENTO DE EMPLEO BOLSA DE EMPLEO DE SOYAPANGO', 42, 2),
(29, 'DEPARTAMENTO DE EMPLEO BOLSA DE EMPLEO SAN MARTIN', 42, 2),
(30, 'DEPARTAMENTO NACIONAL DE ORGANIZACIONES SOCIALES', 43, 2),
(31, 'DEPARTAMENTO UACI', 36, 2),
(32, 'DEPTO DE INSPECCION AGRICOLA_NO USAR', 37, 2),
(33, 'DEPTO. DE SEGURIDAD E HIGIENE OCUPACIONAL', 42, 2),
(34, 'DESPACHO MINISTERIAL', 0, 2),
(35, 'DESPACHO VICE MINISTERIAL', 34, 2),
(36, 'DIRECCION ADMINISTRATIVA', 40, 2),
(37, 'DIRECCION GENERAL DE INSPECCION', 40, 2),
(39, 'DIRECCION DE RELACIONES INTERNACIONALES DE TRABAJO', 40, 2),
(40, 'DIRECCION EJECUTIVA', 34, 2),
(41, '117 TRABAJO', 0, 2),
(42, 'DIRECCION GENERAL DE PREVISION SOCIAL', 40, 2),
(43, 'DIRECCION GENERAL DE TRABAJO', 40, 2),
(44, 'INSPECCION SUPERVISORIA 3', 37, 2),
(46, 'EXTRANJERIA MIGRANTES', 42, 2),
(47, 'INFRAESTRUCTURA', 36, 2),
(48, 'INSPECCION AGROPECUARIA_NO USAR', 37, 2),
(49, 'INSPECCION SUPERVISORIA 2', 37, 2),
(51, 'MINISTRO', 34, 2),
(52, 'OFICINA DEPARTAMENTAL DE AHUACHAPAN', 35, 3),
(53, 'OFICINA DEPARTAMENTAL DE CABANAS', 35, 3),
(54, 'OFICINA DEPARTAMENTAL DE CHALATENANGO', 35, 3),
(55, 'OFICINA DEPARTAMENTAL DE CUSCATLAN', 35, 3),
(56, 'OFICINA DEPARTAMENTAL DE LA LIBERTAD', 35, 3),
(57, 'OFICINA DEPARTAMENTAL DE LA UNION', 35, 3),
(58, 'OFICINA DEPARTAMENTAL DE MORAZAN', 35, 3),
(59, 'OFICINA DEPARTAMENTAL DE SAN VICENTE', 35, 3),
(60, 'OFICINA DEPARTAMENTAL DE SONSONATE', 35, 3),
(61, 'OFICINA DEPARTAMENTAL DE USULUTAN', 35, 3),
(64, 'OFICINA PARACENTRAL DE ZACATECOLUCA', 35, 3),
(65, 'OFICINA REGIONAL DE SAN MIGUEL', 35, 3),
(66, 'OFICINA REGIONAL DE SANTA ANA', 35, 3),
(67, 'PAGADURIA INSTITUCIONAL', 34, 2),
(68, 'RAC', 43, 2),
(69, 'SALA CUNA', 43, 2),
(72, 'SECCION DE BODEGA', 36, 2),
(73, 'SECCION DE COMPRAS', 36, 2),
(74, 'SECCION DE CONTABILIDAD', 34, 2),
(75, 'SECCION DE CORRESPONDENCIA', 34, 2),
(76, 'SECCION DE HIGIENE OCUPACIONAL', 42, 2),
(77, 'SECCION DE INTENDENCIA', 21, 2),
(78, 'SECCION DE MANTENIMIENTO', 21, 2),
(79, 'SECCION DE MULTAS', 37, 2),
(80, 'SECCION DE PRESUPUESTO', 34, 2),
(81, 'SECCION DE PREVENCION DE RIESGOS OCUPACIONALES', 42, 2),
(84, 'SECCION DE RECREACION PARA TRABAJADORES', 36, 2),
(86, 'SECCION DE REGLAMENTOS INTERNOS DE TRABAJO', 43, 2),
(87, 'SECCION DE RELACIONES COLECTIVAS DE TRABAJO', 43, 2),
(89, 'SECCION DE RELACIONES INDIVIDUALES DE TRABAJO', 43, 2),
(90, 'SECCION DE SEGURIDAD OCUPACIONAL', 42, 2),
(91, 'SECCION DE TRABAJADORES MIGRANTES', 42, 2),
(92, 'SECCION MULTAS', 37, 2),
(93, 'SECCION NOTIFICADORES DE INSPECCION', 37, 2),
(94, 'SECCION PRESUPUESTO', 34, 2),
(95, 'SECRETARIA DE DIRECCION GENERAL DE TRABAJO', 43, 2),
(97, 'INSPECCION SUPERVISORIA 1', 37, 2),
(98, 'SUB DIRECCION', 36, 2),
(99, 'SUB 36', 0, 2),
(100, 'UNIDAD DE ACCESO A LA INFORMACION PUBLICA', 34, 1),
(101, 'UNIDAD DE ACTIVO FIJO', 36, 2),
(104, 'UNIDAD DE ASESORIA LABORAL', 37, 2),
(105, 'UNIDAD DE ATENCION AL USUARIO', 36, 2),
(106, 'OFICINA DE AUDITORIA Y CONTROL INTERNO', 34, 1),
(107, 'OFICINA DE COORDINACION Y DESARROLLO INSTITUCIONAL', 40, 2),
(108, 'UNIDAD DE DESARROLLO TECNOLOGICO', 40, 1),
(109, 'OFICINA DE ESTADISTICA E INFORMATICA LABORAL', 40, 1),
(111, 'UNIDAD DE NOTIFICADORES', 43, 2),
(112, 'OFICINA DE PRENSA Y RELACIONES PUBLICAS', 40, 1),
(113, 'UNIDAD ESPECIAL DE GENERO Y PREV. ACTOS', 37, 2),
(114, 'UNIDAD ESPECIAL DE PREVENCION DE ACTOS LABORALES DISCRIMINATORIOS', 37, 2),
(115, 'UNIDAD FINANCIERA INSTITUCIONAL', 34, 1),
(116, 'UNIDAD PARA LA EQUIDAD ENTRE LOS GENEROS', 34, 1),
(117, 'UNIDAD DE ANALISIS E INVESTIGACION DEL MERCADO LABORAL', 42, 2),
(118, 'SECCION DE SECTORES VULNERABLES', 22, 2),
(119, 'SECCION COORDINACION DE EMPLEO JUVENIL', 42, 2),
(120, 'UNIDAD DE ATENCION A ADOLESCENTES TRABAJADORES', 36, 2),
(121, 'UNIDAD DE ADQUISICIONES Y CONTRATACIONES INSTITUCIONAL', 36, 1),
(122, 'INSPECCION SUPERVISORIA 4', 37, 2),
(123, 'RECEPCION DE SOLICITUD DE INSPECCION', 37, 2),
(124, 'SITRAMITPS', 0, 2),
(125, 'APELACIONES', 37, 2),
(126, 'INSCRIPCION DE ESTABLECIMIENTOS', 37, 2),
(127, 'COORDINACION DE INDUSTRIA DE COMERCIO', 37, 2),
(128, 'FERIAS DE EMPLEO', 22, 2),
(129, 'COORDINACION BOLSA DE EMPLEO LOCAL', 22, 2),
(130, 'SEMINTRAB', 0, 2),
(131, 'UNIDAD DE DIALOGO SOCIAL', 22, 2),
(132, 'SALA DE USOS MULTIPLES E4N2', 36, 2),
(133, 'SALA DE REUNION CONSEJO SUPERIOR DE TRABAJO', 14, 2),
(134, 'SALA DE REUNION CLINICA', 11, 2),
(135, 'SALA DE CAPACITACION RRHH', 19, 2),
(136, 'OFICINA DE LA PGR', 0, 2),
(137, 'ARCHIVO INSTITUCIONAL', 40, 2),
(138, 'SALA DE REUNION USOS MULTIPLES PREVISION DE RIESGOS', 42, 2),
(139, 'SALA DE REUNION CLINICA', 36, 2),
(140, 'SECCION GENERAL', 0, 2),
(141, 'CAFETERIA', 36, 2),
(142, 'CORTE DE CUENTAS', 36, 2),
(143, 'SECCION GENERAL', 36, 2),
(144, 'SECRETARIA DE DIRECCION GENERAL DE INSPECCION TRABAJO', 37, 2),
(145, 'UNIDAD DE ATENCION A NINOS Y NINAS ADOLESCENTES', 42, 2),
(146, 'UNIDAD DE APRENDICES', 42, 2),
(147, 'DESCARGADO Y DESALOJADO', 40, 2),
(148, 'SUBDIRECCION GENERAL DE INSPECCION', 37, 2),
(149, 'COMITE DE SEGURIDAD OCUPACIONAL', 11, 2),
(150, 'COORDINACION NACIONAL DE INSPECCION DE TRABAJO', 37, 2),
(151, 'SECCION TRANSPORTE', 21, 2),
(152, 'SUPERVISORIA 1', 37, 2),
(153, 'SUPERVISORIA 2', 37, 2),
(154, 'SUPERVISORIA 3', 37, 2),
(155, 'SUPERVISORIA 4', 37, 2),
(156, 'MECANICOS', 21, 2),
(157, 'UNIDAD ENCARGADA DE TRAMITAR CASOS PROVENIENTES DEL DESPACHO Y PROGRAMA CONVERSANDO CON EL PRESIDENTE', 34, 2),
(158, 'UNIDAD CALL CENTER', 36, 2),
(159, 'SECCION DE SEGURIDAD', 21, 2),
(160, 'UBICACION EXTERNA', 0, 2),
(161, 'MTPS', 0, 2),
(162, 'OFICINA RECEPTORA DE QUEJAS', 37, 2),
(163, 'SECCION TALLER', 21, 2),
(164, 'SECCION VIGILANCIA', 36, 2),
(165, 'UNIDAD DE MEDIO AMBIENTE', 34, 2),
(166, 'PLAN DE LA LAGUNA OFICINAS ADMINISTRATIVAS', 36, 2),
(167, 'SUB DIRECCION ADMINISTRATIVA', 36, 2),
(168, 'SUB DIRECCION DE PREVISION SOCIAL', 42, 2),
(169, 'SUB DIRECCION DE TRABAJO', 43, 2),
(170, 'SECRETARIA DE ACTUACIONES', 43, 2),
(171, 'SECCION BOLSA DE EMPLEO', 22, 2),
(172, 'UNIDAD DE EMPLEO JUVENIL Y FERIAS DE EMPLEO', 22, 2),
(174, 'SECCION DE REGISTRO Y CONTROL DE PERSONAL', 19, 2),
(175, 'SECCION DE CAPACITACION', 19, 2),
(176, 'SECCION DE BIENESTAR LABORAL', 19, 2),
(177, 'UNIDAD DE EMPLEO JUVENIL', 22, 2),
(178, 'UNIDAD DE FERIAS DE EMPLEO', 22, 2),
(179, 'FONDO CIRCULANTE', 115, 1),
(180, 'UNIDAD DE GESTION DOCUMENTAL Y ARCHIVOS', 40, 2);

-- --------------------------------------------------------

--
-- Estructura de tabla para la tabla `org_sistema`
--

CREATE TABLE `org_sistema` (
  `id_sistema` int(10) UNSIGNED NOT NULL,
  `nombre_sistema` text NOT NULL,
  `base_url` text NOT NULL
) ENGINE=InnoDB DEFAULT CHARSET=latin1;

--
-- Volcado de datos para la tabla `org_sistema`
--

INSERT INTO `org_sistema` (`id_sistema`, `nombre_sistema`, `base_url`) VALUES
(1, 'SISTEMA INTEGRAL DE BODEGA', ''),
(2, 'SISTEMA DE ADMINISTRACION DE ROLES', ''),
(3, 'SISTEMA DE ACTIVO FIJO', ''),
(4, 'SISTEMA DE REGISTRO DE FICHAS DE EMPLEADOS DE RECURSOS HUMANOS', ''),
(5, 'SISTEMA DE TRANSPORTE, COMBUSTIBLE Y MANTENIMIENTO DE VEHICULOS', ''),
(6, 'SISTEMA DE CONSULTA DE BIENES SAF', ''),
(7, 'SISTEMA DE REGISTRO DE COMITES DE SEGURIDAD Y SALUD OCUPACIONAL ACREDITADOS', ''),
(8, 'SISTEMA DE PUBLICACION DE OFERTAS DE EMPLEO', ''),
(9, 'SISTEMA DE EVALUACION DE DESEMPEÑO DEL PERSONAL', ''),
(10, 'SISTEMA DE PLANIFICACION ANUAL DE TRABAJO', ''),
(11, 'SISTEMA DE SEGURIDAD DE SIMTPS', ''),
(12, 'SISTEMA DE GESTION DE CONTRATOS INDIVIDUALES DE TRABAJO', ''),
(13, 'SISTEMA INTEGRAL DE COMPRAS, BODEGA INSTITUCIONAL Y ACTIVOS FIJOS', ''),
(14, 'SISTEMA DE SEGURIDAD', 'http://localhost/securityplus/'),
(15, 'SISTEMA DE VIATICOS Y PASAJES AL INTERIOR', 'http://localhost/securityPlus');

-- --------------------------------------------------------

--
-- Estructura de tabla para la tabla `org_usuario`
--

CREATE TABLE `org_usuario` (
  `id_usuario` int(10) UNSIGNED NOT NULL,
  `nombre_completo` varchar(100) NOT NULL,
  `nr` varchar(5) DEFAULT NULL,
  `sexo` varchar(5) DEFAULT NULL,
  `usuario` varchar(50) NOT NULL,
  `password` varchar(100) DEFAULT NULL,
  `id_seccion` varchar(5) DEFAULT NULL,
  `estado` int(10) UNSIGNED DEFAULT NULL
) ENGINE=InnoDB DEFAULT CHARSET=latin1;

--
-- Volcado de datos para la tabla `org_usuario`
--

INSERT INTO `org_usuario` (`id_usuario`, `nombre_completo`, `nr`, `sexo`, `usuario`, `password`, `id_seccion`, `estado`) VALUES
(1, 'EDUARDO CALDERON', '2445', 'M', 'eduardo.calderon', '7bb0217d8a73a8145290bc5fa5f36692', '2', 1),
(2, 'HUGO RAMIREZ', '2478', 'M', 'hugo.ramirez', '827ccb0eea8a706c4c34a16891f84e7b', '2', 1),
(3, 'SILVIA MORENO', '332C', 'F', 'silvia.moreno', 'a4e27d1507d2f0a8596a483c0f3f00e3', '108', 1),
(4, 'MARCO CASTRO', '888C', 'M', 'marco.castro', '070d3ebd85611641e2f9af0d2cb3a1a3', '108', 1),
(5, 'JESSICA MENJIVAR', '2790', 'F', 'jessica.menjivar', '070d3ebd85611641e2f9af0d2cb3a1a3', '2', 1),
(6, 'CARLOS COTO', '2793', 'M', 'carlos.coto', '358d6049a7355aeb8456cb6f8bd5f1d4', '2', 1),
(7, 'ELMER HERNANDEZ', '2499', 'M', 'elmer.hernandez', NULL, '101', 1),
(8, 'IRIS LUNA', '2606', 'F', 'iris.luna', 'd28643a37c387267ce7594e32c177274', '101', 1),
(9, 'MAURICIO ARNOLDO CALLEJAS', '2279', 'M', 'mauricio.callejas', '827ccb0eea8a706c4c34a16891f84e7b', '101', 1),
(10, 'MIGUEL ANGEL GIOVANNI MENJIVAR HERNANDEZ', '2689', 'M', 'giovanni.menjivar', '', '101', 1),
(11, 'OQUELI CABRERA', NULL, 'M', 'oqueli.cabrera', '827ccb0eea8a706c4c34a16891f84e7b', '101', 0),
(12, 'JOSE EVER HERNANDEZ VELASQUEZ', '2709', 'M', 'jose.hernandez', NULL, '101', 1),
(13, 'BLANCA NOHEMI CAMPOS', '2681', 'F', 'blanca.campos', '070d3ebd85611641e2f9af0d2cb3a1a3', '19', 1),
(14, 'ERICK ALEXANDER LARA', '2740', 'M', 'erick.lara', '070d3ebd85611641e2f9af0d2cb3a1a3', '19', 1),
(15, 'PATRICIA AGUIÑADA', '2544', 'F', 'patricia.aguinada', '44bd2364df29ad1695847da8dee1a270', '19', 1),
(16, 'ISSA FUNES', '635C', 'F', 'issa.funes', NULL, '19', 1),
(17, 'MANUEL REYES', '2668', 'M', 'manuel.reyes', '070d3ebd85611641e2f9af0d2cb3a1a3', '19', 1),
(18, 'OSCAR RODRIGUEZ', '2811', 'M', 'oscar.rodriguez', '070d3ebd85611641e2f9af0d2cb3a1a3', '19', 1),
(19, 'GUSTAVO DREISS', '2509', 'M', 'gustavo.dreiss', '070d3ebd85611641e2f9af0d2cb3a1a3', '19', 1),
(20, 'ROBERTO HENRIQUEZ', '2588', 'M', 'roberto.henriquez', 'f98cfc8e874e646cc27e448846914628', '108', 1),
(21, 'USUARIO SAF', '0000', 'M', 'usuario.saf', '827ccb0eea8a706c4c34a16891f84e7b', '101', 1),
(22, 'ANA LETICIA BARAHONA DE SANDOVAL', '1690', 'F', 'leticia.sandoval', '070d3ebd85611641e2f9af0d2cb3a1a3', '19', 1),
(23, 'KARLA ARGENTINA CABRERA', '2865', 'F', 'karla.cabrera', '827ccb0eea8a706c4c34a16891f84e7b', NULL, 1),
(24, 'ABEL  CABRERA ROMAN', '335C', 'M', 'abel.cabrera', '', '151', 1),
(25, 'ABELTO  MACIAS ALVARADO', '1834', 'M', 'abelto.macias', '070d3ebd85611641e2f9af0d2cb3a1a3', '5', 1),
(26, 'ADA YASMINIA VILLALTA ALVARENGA', '602C', 'F', 'ada.villalta', '', '16', 1),
(27, 'ADILIO  ALFARO HERNANDEZ', '2585', 'M', 'adilio.alfaro', '070d3ebd85611641e2f9af0d2cb3a1a3', '60', 1),
(28, 'ADRIAN  MENDOZA PEREZ', '2497', 'M', 'adrian.mendoza', '070d3ebd85611641e2f9af0d2cb3a1a3', '65', 1),
(29, 'ADRIANA YAMILETH MORALES MARTINEZ', '811C', 'F', 'adriana.morales', '070d3ebd85611641e2f9af0d2cb3a1a3', '59', 1),
(30, 'AIDA MARGARITA DEL VALLE JIMENEZ', '2454', 'F', 'aida.valle', '', '107', 1),
(31, 'AIDA MARGARITA OLMEDO LAZO', '323C', 'F', 'aida.olmedo', '070d3ebd85611641e2f9af0d2cb3a1a3', '65', 1),
(32, 'AIMEE ISOLINA PORTILLO VIERA', '572C', 'F', 'aimee.portillo', '070d3ebd85611641e2f9af0d2cb3a1a3', '65', 1),
(33, 'ALAN STENIO BAIRES MONCADA', '916C', 'M', 'alan.baires', '', '22', 1),
(34, 'ALEJANDRO ANTONIO SERRANO BARILLAS', '593C', 'M', 'alejandro.serrano', '', '1', 1),
(35, 'ALESSANDRA  VALIENTE GONZALEZ', '2547', 'F', 'alessandra.valiente', '', '109', 1),
(36, 'ALEX DANIEL BARRIENTOS SANTILLANA', '822C', 'M', 'alex.barrientos', '070d3ebd85611641e2f9af0d2cb3a1a3', '52', 1),
(37, 'ALFONSO  RAMOS CAÑAS', '561C', 'M', 'alfonso.ramos', '070d3ebd85611641e2f9af0d2cb3a1a3', '65', 1),
(38, 'ALFREDO ANTONIO GOMEZ ', '622C', 'M', 'alfredo.gomez', '070d3ebd85611641e2f9af0d2cb3a1a3', '64', 1),
(39, 'ALICIA ELISENA APARICIO CHAVEZ', '2774', 'F', 'alicia.aparicio', '', '36', 1),
(40, 'ALICIA BEATRIZ GALDAMEZ MORAN', '2625', 'F', 'alicia.galdamez', '', '42', 1),
(41, 'ALICIA AVIGAIL GODOY GUEVARA', '554C', 'F', 'alicia.godoy', '070d3ebd85611641e2f9af0d2cb3a1a3', '65', 1),
(42, 'ALMA LISSETH HERNANDEZ VALDEZ', '502C', 'F', 'alma.hernandez', '070d3ebd85611641e2f9af0d2cb3a1a3', '65', 1),
(43, 'ALMA STEPHANIE PORTILLO RIVERA', '2864', 'F', 'alma.portillo', '2cf10ae3dcbe9b8f7afb4633a6cbebad', '108', 1),
(44, 'ALTAGRACIA  MARTINEZ ', '2545', 'F', 'altagracia.martinez', '', '22', 1),
(45, 'ALVARO ANTONIO LOPEZ GUERRA', '2844', 'M', 'alvaro.lopez', '', '77', 1),
(46, 'ALVARO ERNESTO MEJIA MIRA', '2101', 'M', 'alvaro.mejia', '070d3ebd85611641e2f9af0d2cb3a1a3', '21', 1),
(47, 'AMADEO ERNESTO RODRIGUEZ CARBAJAL', '458C', 'M', 'amadeo.rodriguez', '070d3ebd85611641e2f9af0d2cb3a1a3', '154', 1),
(48, 'AMERICA GUADALUPE MENA GAVIDIA', '476C', 'F', 'america.mena', '', '89', 1),
(49, 'AMERICO  PORTILLO ESCALANTE', '844C', 'M', 'americo.portillo', '070d3ebd85611641e2f9af0d2cb3a1a3', '61', 1),
(50, 'AMILCAR  LOZANO VALDES', '2253', 'M', 'amilcar.lozano', '', '74', 1),
(51, 'ANA MIRIAM AGUILAR ', '1859', 'F', 'ana.aguilar', '070d3ebd85611641e2f9af0d2cb3a1a3', '65', 1),
(52, 'ANA ARACELY ARTIGA ', '2041', 'F', 'aracely.orantes', '', '121', 1),
(53, 'ANA LETICIA BARAHONA DE SANDOVAL (Invalido)', '1690', 'F', 'leticia.sandoval1', '', '19', 0),
(54, 'ANA ALICIA BERRIOS ', '724C', 'F', 'ana.berrios', '', '51', 1),
(55, 'ANA HORTENSIA BONILLA ', '2380', 'F', 'ana.bonilla', '', '107', 1),
(57, 'ANA JACQUELINE CALDERON TORRES', '563C', 'F', 'ana.calderon', '070d3ebd85611641e2f9af0d2cb3a1a3', '66', 1),
(58, 'ANA MACKENSI CARIAS OSORIO', '853C', 'F', 'ana.carias', '070d3ebd85611641e2f9af0d2cb3a1a3', '52', 1),
(59, 'ANA CECILIA CERNA ', '2861', 'F', 'ana.cerna', '070d3ebd85611641e2f9af0d2cb3a1a3', '66', 1),
(60, 'ANA DEL CARMEN ESCOBAR ', '2561', 'F', 'ana.viana', '', '121', 1),
(61, 'ANA CAROLINA HERNANDEZ AREVALO', '2664', 'F', 'carolina.hernandez', '070d3ebd85611641e2f9af0d2cb3a1a3', '112', 1),
(62, 'ANA CELIA HUEZO CACERES', '1462', 'F', 'ana.huezo', NULL, '152', 1),
(63, 'ANA MIRIAM MARIN ZELAYA', '2630', 'F', 'ana.marin', '', '80', 1),
(64, 'ANA MARITZA NOLASCO ', '466C', 'F', 'ana.nolasco', '070d3ebd85611641e2f9af0d2cb3a1a3', '66', 1),
(65, 'ANA CECILIA PEÑATE ', '517C', 'F', 'ana.penate', '070d3ebd85611641e2f9af0d2cb3a1a3', '66', 1),
(66, 'ANA YANCI PEREZ MONTES', '787C', 'F', 'ana.perez', '070d3ebd85611641e2f9af0d2cb3a1a3', '56', 1),
(67, 'ANA JESUS PINEDA CHAVEZ', '2003', 'F', 'ana.pineda', '070d3ebd85611641e2f9af0d2cb3a1a3', '65', 1),
(68, 'ANA GERALDINE PINEDA PALACIOS', '2779', 'F', 'geraldine.pineda', '', '89', 1),
(69, 'ANA BEATRIZ PONCE SANDOVAL', '894C', 'F', 'ana.ponce', '', '89', 1),
(70, 'ANA FRANCISCA RAMIREZ ', '2505', 'F', 'francisca.ramirez', '070d3ebd85611641e2f9af0d2cb3a1a3', '156', 1),
(71, 'ANA MARIA RAMIREZ ', '2320', 'F', 'ana.ramirez', '', '13', 1),
(72, 'ANA JULIA RAMOS MORENO', '2459', 'F', 'ana.ramos', '070d3ebd85611641e2f9af0d2cb3a1a3', '65', 1),
(73, 'ANA ROCIO RODRIGUEZ FLORES', '2802', 'F', 'ana.rodriguez', '070d3ebd85611641e2f9af0d2cb3a1a3', '37', 1),
(74, 'ANA CAROLINA SALDAÑA MORAN', '2580', 'F', 'ana.saldana', '070d3ebd85611641e2f9af0d2cb3a1a3', '56', 1),
(75, 'ANA MARLENY SALINAS CHAVEZ', '2075', 'F', 'ana.salinas', '', '152', 1),
(76, 'ANA ELIZABETH SANCHEZ ', '936C', 'F', 'ana.sanchez', '', '35', 1),
(77, 'ANA LILIBET SANTOS VILLAFAÑE', '668C', 'F', 'ana.santos', '070d3ebd85611641e2f9af0d2cb3a1a3', '153', 1),
(78, 'ANA MARIA SANTOS ', '2814', 'F', 'maria.santos', '', '22', 1),
(79, 'ANA SARA ZEPEDA ', '795C', 'F', 'ana.zepeda', '070d3ebd85611641e2f9af0d2cb3a1a3', '66', 1),
(80, 'ANABEL  SALINAS ', '778C', 'F', 'anabel.salinas', '070d3ebd85611641e2f9af0d2cb3a1a3', '54', 1),
(81, 'ANDREA DEYANIRA VILLALTA MARTINEZ', '746C', 'F', 'andrea.villalta', '070d3ebd85611641e2f9af0d2cb3a1a3', '153', 1),
(82, 'ANDRES AMILCAR BORJA CUELLAR', '2430', 'M', 'andres.borja', '070d3ebd85611641e2f9af0d2cb3a1a3', '13', 1),
(83, 'ANGEL WILLIAN CRUZ GARCIA', '2665', 'M', 'angel.cruz', '070d3ebd85611641e2f9af0d2cb3a1a3', '108', 1),
(84, 'ANGEL ENRIQUE SANCHEZ ALVAREZ', '2076', 'M', 'angel.sanchez', '', '19', 1),
(85, 'ANGELA ROXANA HERNANDEZ SIBRIAN', '2633', 'F', 'angela.hernandez', '', '109', 1),
(86, 'ANGELICA MARIA CERNA ', '2827', 'F', 'angelica.cerna', '', '22', 1),
(87, 'ANIBAL ALEXANDER PICHINTE AGUILAR', '961C', 'M', 'anibal.pichinte', NULL, '159', 1),
(88, 'ANNA MARIA COPIEN FLORES', '390C', 'F', 'anna.copien', '', '79', 1),
(89, 'ANTONIO ALBERTO PARRA PANIAGUA', '391C', 'M', 'antonio.parra', '', '93', 1),
(90, 'ARACELY DEL CARMEN RODAS ', '2698', 'F', 'aracely.rodas', '070d3ebd85611641e2f9af0d2cb3a1a3', '64', 1),
(91, 'ARGENTINA DE LAS MERCEDES DURAN ROMERO', '2623', 'F', 'argentina.duran', NULL, '112', 1),
(92, 'ARLEN JOHANNA IRAHETA ', '539C', 'F', 'arlen.iraheta', '', '89', 0),
(93, 'ASTRID IVETTE COREAS CERNA', '2479', 'F', 'astrid.coreas', '', '22', 1),
(94, 'ASTRID ELENA FIGUEROA FRANCO', '412C', 'F', 'astrid.figueroa', '', '39', 1),
(95, 'ASTRID SUJEY SANCHEZ ORELLANA', '2612', 'F', 'astrid.sanchez', '070d3ebd85611641e2f9af0d2cb3a1a3', '64', 1),
(96, 'ASUNCION  SANTIAGO IGLESIAS', '826C', 'M', 'asuncion.santiago', '070d3ebd85611641e2f9af0d2cb3a1a3', '58', 1),
(97, 'AUDELIO  SIGUENZA PICHINTE', '800C', 'M', 'audelio.siguenza', '070d3ebd85611641e2f9af0d2cb3a1a3', '55', 1),
(98, 'AURA CAROLINA FLORES AYALA', '2750', 'F', 'aura.flores', '070d3ebd85611641e2f9af0d2cb3a1a3', '52', 1),
(99, 'BANGIE NINETH HERCULES VALLE', '2590', 'F', 'bangie.hercules', '070d3ebd85611641e2f9af0d2cb3a1a3', '100', 1),
(100, 'BEATRIZ EUGENIA SOLANO ', '893C', 'F', 'beatriz.solano', '', '81', 1),
(101, 'BESSY ROXANA LINARES PAULA', '505C', 'F', 'bessy.linares', '070d3ebd85611641e2f9af0d2cb3a1a3', '66', 1),
(103, 'BLANCA MARIBEL CHACON RAMIREZ', '2548', 'F', 'blanca.chacon', '', '15', 1),
(104, 'BLANCA YESENIA HERRERA ', '804C', 'F', 'blanca.herrera', '070d3ebd85611641e2f9af0d2cb3a1a3', '53', 1),
(105, 'BLANCA NOHEMI RAMIREZ HERNANDEZ', '922C', 'F', 'blanca.ramirez', '', '89', 1),
(106, 'BORIS AHMED CLAROS PINEDA', '2638', 'M', 'boris.claros', '', '151', 1),
(107, 'BORIS DOUGLAS GONZALEZ GALEAS', '2477', 'M', 'boris.gonzalez', '', '125', 1),
(108, 'BORYS FRANCISCO CONSTANCIA MORENO', '405C', 'M', 'borys.constancia', '070d3ebd85611641e2f9af0d2cb3a1a3', '65', 1),
(109, 'BRENDA VANESSA LEIVA ', '2457', 'F', 'brenda.recinos', NULL, '39', 1),
(110, 'BRENDA PATRICIA TEOS QUIJADA', '2818', 'F', 'brenda.teos', 'd41d8cd98f00b204e9800998ecf8427e', '81', 1),
(111, 'CALIXTO ELIAS GARCIA ', '2291', 'M', 'calixto.garcia', '', '105', 1),
(112, 'CANDIDA PAULINA CALDERON ERAZO', '2514', 'F', 'candida.calderon', '070d3ebd85611641e2f9af0d2cb3a1a3', '66', 1),
(113, 'CANDIDA PATRICIA PORTILLO MACHUCA', '614C', 'F', 'candida.portillo', '070d3ebd85611641e2f9af0d2cb3a1a3', '61', 1),
(114, 'CANDIDA MARITZA ZEPEDA ', '2473', 'F', 'maritza.zepeda', '070d3ebd85611641e2f9af0d2cb3a1a3', '19', 1),
(115, 'CARLA MARINA ABREGO CASTILLO', '523C', 'F', 'carla.abrego', NULL, '116', 1),
(116, 'CARLA FLORENCE CORTEZ CHAVEZ', '2441', 'F', 'carla.cortez', 'f8b60b3c42ff4e2bac4e8e5c4360d6e8', '153', 1),
(117, 'CARLOS NOE ALVAREZ MELGAR', '565C', 'M', 'carlos.alvarez', '070d3ebd85611641e2f9af0d2cb3a1a3', '57', 1),
(118, 'CARLOS JOSUE ALVAREZ RIVERA', '779C', 'M', 'josue.alvarez', '070d3ebd85611641e2f9af0d2cb3a1a3', '54', 1),
(119, 'CARLOS ALONSO AREVALO RUIZ', '2044', 'M', 'carlos.arevalo', '070d3ebd85611641e2f9af0d2cb3a1a3', '60', 1),
(120, 'CARLOS RENE AVALOS URBINA', '2762', 'M', 'carlos.avalos', '070d3ebd85611641e2f9af0d2cb3a1a3', '9', 1),
(121, 'CARLOS HUMBERTO AYALA RIVERA', '2643', 'M', 'carlos.ayala', NULL, '80', 1),
(122, 'CARLOS EUGENIO BARRIOS LOBOS', '552C', 'M', 'carlos.barrios', '070d3ebd85611641e2f9af0d2cb3a1a3', '61', 1),
(123, 'CARLOS ARMANDO BOLAÑOS PEÑA', '2660', 'M', 'carlos.bolanos', '070d3ebd85611641e2f9af0d2cb3a1a3', '64', 1),
(124, 'CARLOS FRANCISCO CHAVEZ ORTIZ', '707C', 'M', 'carlos.chavez', '070d3ebd85611641e2f9af0d2cb3a1a3', '66', 1),
(125, 'CARLOS ALBERTO COCA MUÑOZ', '762C', 'M', 'carlos.coca', '070d3ebd85611641e2f9af0d2cb3a1a3', '56', 1),
(127, 'CARLOS ANTONIO ERAZO ', '2207', 'M', 'carlos.erazo', '070d3ebd85611641e2f9af0d2cb3a1a3', '9', 1),
(128, 'CARLOS ALBERTO ESCOBAR HERNANDEZ', '2637', 'M', 'carlos.escobar', '070d3ebd85611641e2f9af0d2cb3a1a3', '65', 1),
(129, 'CARLOS ALBERTO ESPINOZA LOPEZ', '1560', 'M', 'carlos.espinoza', '070d3ebd85611641e2f9af0d2cb3a1a3', '55', 1),
(130, 'CARLOS ADOLFO ESTRADA PACHECO', '557C', 'M', 'carlos.estrada', '070d3ebd85611641e2f9af0d2cb3a1a3', '66', 1),
(131, 'CARLOS ALBERTO GALVEZ MIRANDA', '1599', 'M', 'carlos.galvez', '070d3ebd85611641e2f9af0d2cb3a1a3', '6', 1),
(132, 'CARLOS ADOLFO GARCIA PAREDES', '673C', 'M', 'carlos.garcia', '', '115', 1),
(133, 'CARLOS ALEXANDER GARCIA PRIETO PARADA', '920C', 'M', 'alexander.garcia', '', '30', 1),
(134, 'CARLOS ERNESTO GONZALEZ MURRILLO', '507C', 'M', 'carlos.gonzalez', '070d3ebd85611641e2f9af0d2cb3a1a3', '65', 1),
(135, 'CARLOS AUGUSTO GRANDE ARGUMEDO', '790C', 'M', 'carlos.grande', '070d3ebd85611641e2f9af0d2cb3a1a3', '56', 1),
(136, 'CARLOS ROBERTO HENRIQUEZ DOÑAN', '692C', 'M', 'carlos.henriquez', '', '152', 1),
(137, 'CARLOS ERNESTO HERNANDEZ ZUNIGA', '2266', 'M', 'carlos.hernandez', '', '79', 1),
(138, 'CARLOS ERNESTO LUNA SANDOVAL', '2801', 'M', 'carlos.luna', '5a4d96f4cc07836a26af4b6d48f6dff1', '155', 1),
(139, 'CARLOS ENRIQUE MARTINEZ CRIOLLO', '720C', 'M', 'carlos.martinez', '070d3ebd85611641e2f9af0d2cb3a1a3', '22', 1),
(140, 'CARLOS ARTURO MEMBREÑO CHICAS', '739C', 'M', 'carlos.membreno', '070d3ebd85611641e2f9af0d2cb3a1a3', '58', 1),
(141, 'CARLOS ALBERTO MENDEZ CASTRO', '672C', 'M', 'carlos.mendez', '070d3ebd85611641e2f9af0d2cb3a1a3', '56', 1),
(142, 'CARLOS ANTONIO MONTANO ', '986C', 'M', 'carlos.montano', '070d3ebd85611641e2f9af0d2cb3a1a3', '8', 1),
(143, 'CARLOS ALEXANDER MONTERROSA CHACON', '977C', 'M', 'carlos.monterrosa', '', '159', 1),
(144, 'CARLOS FRANCISCO MORAN CASTANEDA', '2747', 'M', 'carlos.moran', '', '51', 1),
(145, 'CARLOS ALBERTO PEÑA PEREZ', '2699', 'M', 'carlos.pena', '', '21', 1),
(146, 'CARLOS ALBERTO RIOS ', '2651', 'M', 'carlos.rios', '070d3ebd85611641e2f9af0d2cb3a1a3', '57', 1),
(147, 'CARLOS FRANCISCO ROSALES MOLINA', '2656', 'M', 'carlos.rosales', '17734265203fe92f65e3957143ffd0f4', '57', 1),
(148, 'CARLOS EDUARDO SALDAÑA AGUILAR', '978C', 'M', 'carlos.saldana', NULL, '159', 1),
(149, 'CARLOS FEDERICO SANCHEZ VARGAS', '861C', 'M', 'carlos.sanchez', '070d3ebd85611641e2f9af0d2cb3a1a3', '150', 1),
(150, 'CARLOS ISIDRO VALDES CHAVEZ', '362C', 'M', 'carlos.valdes', '070d3ebd85611641e2f9af0d2cb3a1a3', '66', 1),
(151, 'CARLOS GERARDO VALENZUELA ASCENCIO', '638C', 'M', 'carlos.valenzuela', '070d3ebd85611641e2f9af0d2cb3a1a3', '60', 1),
(152, 'CARLOS RAFAEL ZAVALETA VANEGAS', '424C', 'M', 'carlos.zavaleta', '070d3ebd85611641e2f9af0d2cb3a1a3', '66', 1),
(153, 'CARMEN MARISOL ALVAREZ FLORES', '549C', 'F', 'carmen.alvarez', '070d3ebd85611641e2f9af0d2cb3a1a3', '64', 1),
(154, 'CARMEN EDITH AYALA ', '2736', 'F', 'edith.ayala', NULL, '33', 1),
(155, 'CARMEN ELENA FLORES PINEDA', '601C', 'F', 'carmen.flores', '070d3ebd85611641e2f9af0d2cb3a1a3', '154', 1),
(156, 'CARMEN RAQUEL MIRANDA ALEMAN', '806C', 'F', 'carmen.miranda', '070d3ebd85611641e2f9af0d2cb3a1a3', '53', 1),
(157, 'CARMEN  PEREZ ', '349-', 'F', 'carmen.perez', '', '22', 1),
(158, 'CARMEN MARIA SANCHEZ NAVARRETE', '664C', 'F', 'carmen.sanchez', '', '91', 1),
(159, 'CARMEN MARIELOS VELASQUEZ ', '852C', 'F', 'carmen.velasquez', '9d0188fba1cf08f98d31431dfdbee759', '52', 1),
(160, 'CAROL DENISSE COURTADE CISNEROS', '408C', 'F', 'carol.courtade', '', '154', 1),
(161, 'CAROLINA ISABEL VILLEDA REYES', '634C', 'F', 'carolina.villeda', '', '150', 1),
(162, 'CATALINO  SANCHEZ RODRIGUEZ', '2650', 'M', 'catalino.sanchez', '070d3ebd85611641e2f9af0d2cb3a1a3', '5', 1),
(163, 'CECILIA DEL CARMEN ROSA UMAÃ‘A', '2862', 'F', 'cecilia.rosa', '070d3ebd85611641e2f9af0d2cb3a1a3', '56', 1),
(164, 'CECILIO  BUSTAMANTE SALINAS', '2443', 'M', 'cecilio.bustamante', '070d3ebd85611641e2f9af0d2cb3a1a3', '151', 1),
(165, 'CECY MARLENY ROSA ', '866C', 'F', 'cecy.rosa', '070d3ebd85611641e2f9af0d2cb3a1a3', '54', 1),
(166, 'CELIA BEATRIZ GUARDADO ORELLANA', '2803', 'F', 'celia.guardado', '070d3ebd85611641e2f9af0d2cb3a1a3', '122', 1),
(167, 'CELINA  ORTIZ ', '2371', 'F', 'celina.ortiz', '070d3ebd85611641e2f9af0d2cb3a1a3', '65', 1),
(168, 'CESAR RAMON LINARES SERRANO', '2788', 'M', 'cesar.linares', '', '108', 1),
(169, 'CESAR ENRIQUE PINEDA GIRON', '2456', 'M', 'cesar.pineda', '', '22', 1),
(170, 'CIRO ORLANDO ALVAREZ ', '860C', 'M', 'ciro.alvarez', '070d3ebd85611641e2f9af0d2cb3a1a3', '59', 1),
(171, 'CLARA JANET CABRERA GONZALEZ', '2417', 'F', 'janet.cabrera', NULL, '90', 1),
(172, 'CLAUDIA MARIA CASTILLO HIDALGO', '584C', 'F', 'claudia.castillo', NULL, '79', 1),
(173, 'CLAUDIA LIDUVINA ESCOBAR CAMPOS', '609C', 'F', 'claudia.escobar', NULL, '150', 1),
(174, 'CLAUDIA RACHELL GARCIA GALLARDO', '2843', 'F', 'claudia.garcia', '22e7520450569fc8f5fe8ecc9d78e7ef', '122', 1),
(175, 'CLAUDIA MARCELA GUDIEL RAMIREZ', '526C', 'F', 'claudia.gudiel', '070d3ebd85611641e2f9af0d2cb3a1a3', '66', 1),
(176, 'CLAUDIA IVONNE LOPEZ CAÑAS', '535C', 'F', 'claudia.lopez', NULL, '86', 1),
(177, 'CLAUDIA MARICELA MONTES BRITO', '510C', 'F', 'claudia.montes', NULL, '90', 1),
(178, 'CLAUDIA MARIA MORAN ACOSTA', '447C', 'F', 'claudia.moran', NULL, '89', 1),
(179, 'CLAUDIA IVETH TIMAL HERRARTE', '2739', 'F', 'claudia.timal', NULL, '30', 1),
(180, 'CLAUDIA VERENA VEGA ', '2516', 'F', 'claudia.vega', '070d3ebd85611641e2f9af0d2cb3a1a3', '66', 1),
(181, 'CLELIA MARICELA VIGIL SANCHEZ', '828C', 'F', 'clelia.vigil', '070d3ebd85611641e2f9af0d2cb3a1a3', '58', 1),
(182, 'CONCEPCION ELIZABETH CARRILLO ', '944C', 'F', 'concepcion.carrillo', '', '77', 1),
(183, 'CRISTI SIOMARA VIGIL ', '928C', 'F', 'cristi.vigil', '', '51', 1),
(184, 'CRISTIAN BLADIMIR CASTILLO SARAVIA', '912C', 'M', 'cristian.castillo', '070d3ebd85611641e2f9af0d2cb3a1a3', '52', 1),
(185, 'CRISTINA ERIZET GUARDADO TOBAR', '485C', 'F', 'cristina.guardado', '827ccb0eea8a706c4c34a16891f84e7b', '114', 1),
(186, 'CRISTINA ALEJANDRA SOLORZANO HENRIQUEZ', '632C', 'F', 'cristina.solorzano', '', '125', 1),
(187, 'CRISTINA LISSETTE VASQUEZ CARBALLO', '590C', 'F', 'cristina.vasquez', '', '79', 1),
(188, 'CRISTO FRANCISCO MOLINA ', '808C', 'M', 'cristo.molina', '1b4909a41122f476f20f0db3e8629074', '59', 1),
(189, 'DAGOBERTO REYES ALVARENGA ALAS', '738C', 'M', 'dagoberto.alvarenga', '070d3ebd85611641e2f9af0d2cb3a1a3', '54', 1),
(190, 'DAGOBERTO ARTURO GOMEZ ', '2376', 'M', 'dagoberto.gomez', '', '81', 1),
(191, 'DAGOBERTO  HERNANDEZ CASTRO', '2468', 'M', 'dagoberto.hernandez', '', '78', 1),
(192, 'DALILA EVELYN JEANPIERRE ', '663C', 'F', 'dalila.jeanpierre', '', '22', 1),
(193, 'DANIA MABEL FABIAN MENA', '344C', 'F', 'dania.fabian', '070d3ebd85611641e2f9af0d2cb3a1a3', '56', 1),
(194, 'DANIEL EFRAIN AGUILAR VARGAS', '351C', 'M', 'daniel.aguilar', '070d3ebd85611641e2f9af0d2cb3a1a3', '66', 1),
(195, 'DANILO ARNULFO ZUNIGA AVILA', '825C', 'M', 'danilo.zuniga', '070d3ebd85611641e2f9af0d2cb3a1a3', '52', 1),
(196, 'DAVID  CHAVEZ GUANDIQUE', '2415', 'M', 'david.chavez', '070d3ebd85611641e2f9af0d2cb3a1a3', '57', 1),
(197, 'DAVID ERNESTO GARCIA SANCHEZ', '2775', 'M', 'david.garcia', '', '47', 1),
(198, 'DAVID ERNESTO HERNANDEZ LOPEZ', '975C', 'M', 'david.hernandez', '070d3ebd85611641e2f9af0d2cb3a1a3', '6', 1),
(199, 'DAYSI NOEMI QUEZADA VIGIL', '580C', 'F', 'daysi.vigil', '', '86', 1),
(200, 'DELMY HILDA MEJIA SAMAYOA', '623C', 'F', 'delmy.mejia', '', '91', 1),
(201, 'DEMAR ALEXANDER SANTANA GARCIA', '2592', 'M', 'demar.santana', '', '106', 1),
(202, 'DENISSE EUGENIA CASTRO GARZA', '715C', 'F', 'denisse.castro', '', '39', 1),
(203, 'DENISSE ABIGAIL SALAZAR LOPEZ', '755C', 'F', 'denisse.salazar', '070d3ebd85611641e2f9af0d2cb3a1a3', '56', 1),
(204, 'DEYSI CAROLINA RENDEROS ', '757C', 'F', 'deysi.renderos', '', '114', 1),
(205, 'DIANA LISSETTE ANDINO QUINTEROS', '2820', 'F', 'diana.andino', 'd41d8cd98f00b204e9800998ecf8427e', '76', 1),
(206, 'DIANA MARICELA HENRIQUEZ AGUIRRE', '945 ', 'F', 'diana.henriquez', '070d3ebd85611641e2f9af0d2cb3a1a3', '15', 1),
(207, 'DINA LISSETH GUARDADO DIAZ', '2687', 'F', 'dina.guardado', NULL, '153', 1),
(208, 'DINA MARCELA POSADA VEGA', '631C', 'F', 'dina.posada', '', '79', 1),
(209, 'DINA MERCEDES ZOMETA REVELO', '2672', 'F', 'dina.revelo', '', '91', 1),
(210, 'DINORA YANETH MONTOYA ', '537C', 'F', 'dinora.montoya', NULL, '86', 1),
(211, 'DOLORES ESMERALDA SANCHEZ ', '500C', 'F', 'dolores.sanchez', '070d3ebd85611641e2f9af0d2cb3a1a3', '65', 1),
(212, 'DORA ALICIA AYALA OSORIO', '2841', 'F', 'dora.ayala', NULL, '77', 1),
(213, 'DORIS ELIZABETH REYES LOPEZ', '687C', 'F', 'doris.reyes', '827ccb0eea8a706c4c34a16891f84e7b', '108', 1),
(214, 'DORIS AMERICA RODRIGUEZ HERNANDEZ', '2767', 'F', 'doris.rodriguez', '070d3ebd85611641e2f9af0d2cb3a1a3', '58', 1),
(215, 'DORIS MARIBEL VASQUEZ AQUINO', '850C', 'F', 'doris.vasquez', '070d3ebd85611641e2f9af0d2cb3a1a3', '56', 1),
(216, 'DOUGLAS ALCIDES MONGE HERNANDEZ', '876C', 'M', 'douglas.monge', '070d3ebd85611641e2f9af0d2cb3a1a3', '54', 1),
(217, 'DOUGLAS RENE VENTURA MARCIA', '2825', 'M', 'douglas.ventura', '', '77', 1),
(218, 'EDGAR ANTONIO REYNADO AGUILAR', '833C', 'M', 'edgar.reynado', '070d3ebd85611641e2f9af0d2cb3a1a3', '53', 1),
(219, 'EDGARDO  ESCOBAR CISNEROS', '1777', 'M', 'edgardo.escobar', '', '150', 1),
(220, 'EDGARDO MAURICIO GONZALEZ ', '427C', 'M', 'edgardo.gonzalez', '070d3ebd85611641e2f9af0d2cb3a1a3', '66', 1),
(221, 'EDGARDO ULISES QUINTANILLA ', '749C', 'M', 'edgardo.quintanilla', '070d3ebd85611641e2f9af0d2cb3a1a3', '54', 1),
(222, 'EDIBERTO DE JESUS RODRIGUEZ ACUÑA', '2408', 'M', 'ediberto.rodriguez', '070d3ebd85611641e2f9af0d2cb3a1a3', '5', 1),
(223, 'EDITH YESSENIA AYALA ', '748C', 'F', 'yessenia.ayala', '070d3ebd85611641e2f9af0d2cb3a1a3', '54', 1),
(224, 'EDUARDO ISRAEL BERRIOS MARTINEZ', '2812', 'M', 'eduardo.berrios', NULL, '22', 1),
(226, 'EDUARDO RODOLFO ERAZO FUENTES', '2852', 'M', 'eduardo.erazo', NULL, '30', 1),
(227, 'EDUARDO ALFONSO HENRIQUEZ GARCIA', '404C', 'M', 'eduardo.henriquez', '070d3ebd85611641e2f9af0d2cb3a1a3', '66', 1),
(228, 'EDUARDO ENRIQUE REYES MARTINEZ', '2379', 'M', 'eduardo.reyes', '7157897744272600ba06101919686032', '152', 1),
(229, 'EDWAR MORIS CASTRO MONTOYA', '685C', 'M', 'edwar.castro', NULL, '76', 1),
(230, 'EDWIN BENJAMIN ANDRADE CAMPOS', '2586', 'M', 'edwin.andrade', '', '78', 1),
(231, 'EDWIN ANTONIO GAITAN FUNES', '2658', 'M', 'edwin.gaitan', '070d3ebd85611641e2f9af0d2cb3a1a3', '61', 1),
(232, 'EDWIN ANTONIO MARTINEZ GOMEZ', '657C', 'M', 'edwin.martinez', '', '114', 1),
(233, 'EDWIN ADALBERTO ROBLES FUENTES', '320C', 'M', 'edwin.robles', '070d3ebd85611641e2f9af0d2cb3a1a3', '65', 1),
(234, 'EEILEEN AUXILIADORA ROMERO VALLE', '659C', 'F', 'eeileen.romero', '', '123', 1),
(235, 'EILEEN LIZZIE LOZANO GRANADOS', '2799', 'F', 'eileen.lozano', '070d3ebd85611641e2f9af0d2cb3a1a3', '157', 1),
(236, 'ELBA MARINA CHAVEZ ', '2824', 'F', 'elba.chavez', '070d3ebd85611641e2f9af0d2cb3a1a3', '57', 1),
(237, 'ELBA CAROLINA VASQUEZ FLORES', '564C', 'F', 'elba.vasquez', '070d3ebd85611641e2f9af0d2cb3a1a3', '57', 1),
(238, 'ELENA YANIRA ALFARO ', '2435', 'F', 'elena.alfaro', '070d3ebd85611641e2f9af0d2cb3a1a3', '17', 1),
(239, 'ELEONORA DE LOS ANGELES NAVARRETE ', '576C', 'F', 'eleonora.navarrete', '', '106', 1),
(240, 'ELISEO  HUEZO RIVAS', '740C', 'M', 'eliseo.huezo', '070d3ebd85611641e2f9af0d2cb3a1a3', '56', 1),
(241, 'ELIZABETH HIPOLITA RODRIGUEZ PEREZ', '926C', 'F', 'elizabeth.rodriguez', '', '2', 1),
(242, 'ELIZABETH  VENTURA ', '1798', 'F', 'elizabeth.ventura', '', '33', 1),
(244, 'ELMER RODRIGO MURILLO PEÑA', '678C', 'M', 'elmer.murillo', '', '22', 1),
(245, 'ELMER ADALBERTO RUANO MARTINEZ', '855C', 'M', 'elmer.ruano', '070d3ebd85611641e2f9af0d2cb3a1a3', '52', 1),
(246, 'ELMER JONAS SANCHEZ PEREZ', '962C', 'M', 'elmer.sanchez', '', '159', 1),
(247, 'ELSA BEATRIZ GOMEZ FLORES', '2676', 'F', 'elsa.gomez', '', '97', 1),
(248, 'ELSY YESENIA CASTILLO VILLACORTA', '2628', 'F', 'elsy.castillo', '', '107', 1),
(249, 'ELSY MARGARITA MARTINEZ PANIAGUA', '851C', 'F', 'elsy.martinez', '070d3ebd85611641e2f9af0d2cb3a1a3', '52', 1),
(250, 'EMIGDIA MAYARI MERINO GARCIA', '463C', 'F', 'mayari.merino', NULL, '43', 1),
(251, 'EMILIA YANIRA FUNES ', '2401', 'F', 'emilia.funes', '070d3ebd85611641e2f9af0d2cb3a1a3', '116', 1),
(252, 'ENA MIRIAM BOLAÑOS RAMIREZ', '2564', 'F', 'ena.bolanos', '', '22', 1),
(253, 'ERASMO ANTONIO VALENZUELA PADILLA', '445C', 'M', 'erasmo.valenzuela', '', '86', 1),
(255, 'ERICK VLADIMIR PUQUIRRE ZEPEDA', '2851', 'M', 'erick.puquirre', '', '151', 1),
(256, 'ERICK AMILCAR SOSA CARTAGENA', '2463', 'M', 'erick.sosa', '070d3ebd85611641e2f9af0d2cb3a1a3', '56', 1),
(257, 'ERIKA REBECA LEON CARDOZA', '696C', 'F', 'erika.leon', '', '91', 1),
(258, 'ERNESTO  CALLEJAS MENDEZ', '2770', 'M', 'ernesto.callejas', '070d3ebd85611641e2f9af0d2cb3a1a3', '105', 1),
(259, 'EVELIN MARISOL HENRIQUEZ RIVERA', '2490', 'F', 'evelin.henriquez', NULL, '155', 1),
(260, 'EVELIN SALVADORA RAMIREZ ', '903C', 'F', 'evelin.ramirez', '', '22', 1),
(261, 'EVELYN ELEONORA ALFARO MINEROS', '633C', 'F', 'evelyn.alfaro', '', '17', 1),
(262, 'EVELYN PATRICIA REYES ', '650C', 'F', 'evelyn.reyes', '070d3ebd85611641e2f9af0d2cb3a1a3', '65', 1),
(263, 'EVER SALVADOR ALVAREZ PARADA', '821C', 'M', 'ever.alvarez', '070d3ebd85611641e2f9af0d2cb3a1a3', '57', 1),
(264, 'EVER FERMIN GOMEZ PORTILLO', '984C', 'M', 'ever.gomez', '070d3ebd85611641e2f9af0d2cb3a1a3', '6', 1),
(265, 'FABIO ARTURO PERLA VENTURA', '923C', 'M', 'fabio.perla', '', '30', 1),
(266, 'FABIOLA MICHELLE AQUINO PEREZ', '2846', 'F', 'fabiola.aquino', NULL, '39', 1),
(267, 'FABRICIO DE JESUS VALENZUELA PADILLA', '2594', 'M', 'fabricio.valenzuela', '070d3ebd85611641e2f9af0d2cb3a1a3', '60', 1),
(268, 'FATIMA MERCEDES MARTINEZ ', '875C', 'F', 'fatima.martinez', '070d3ebd85611641e2f9af0d2cb3a1a3', '55', 1),
(269, 'FATIMA GEORGINA RIVERA PONCE', '2626', 'F', 'fatima.rivera', '', '47', 1),
(270, 'FATIMA CAROLINA SANCHEZ ', '930C', 'F', 'fatima.sanchez', '', '51', 1),
(271, 'FATIMA MARIA SIRI ', '2563', 'F', 'fatima.siri', NULL, '16', 1),
(272, 'FATIMA DEL ROSARIO SIWADY GUZMAN', '2552', 'F', 'fatima.siwady', '', '86', 1),
(273, 'FEDERICO ANTONIO CALDERON QUEZADA', '2688', 'M', 'federico.calderon', '', '43', 1),
(274, 'FELIX ANTONIO BELTRAN LOPEZ', '2640', 'M', 'felix.beltran', '', '151', 1),
(275, 'FERNANDO ALFREDO AGUILAR VALIENTE', '2694', 'M', 'fernando.aguilar', '', '107', 1),
(276, 'FERNANDO JOSE AVILES PORTILLO', '477C', 'M', 'fernando.aviles', '', '37', 1),
(277, 'FERNANDO ENRIQUE CASTRO RAMOS', '439C', 'M', 'fernando.castro', '', '1', 1),
(278, 'FERNANDO  LOPEZ RODRIGUEZ', '1662', 'M', 'fernando.lopez', '070d3ebd85611641e2f9af0d2cb3a1a3', '65', 1),
(279, 'FERNANDO ALBERTO MARROQUIN UMAÃ‘A', '2837', 'M', 'fernando.marroquin', '', '90', 1),
(280, 'FERNANDO OSMARO ORELLANA ORELLANA', '983C', 'M', 'fernando.orellana', '070d3ebd85611641e2f9af0d2cb3a1a3', '9', 1),
(281, 'FERNANDO FEDERICO VILLALOBOS KREITZ', '661C', 'M', 'fernando.villalobos', NULL, '81', 1),
(282, 'FIDEL REYNALDO RIVERA GRANADOS', '2567', 'M', 'fidel.rivera', '070d3ebd85611641e2f9af0d2cb3a1a3', '56', 1),
(283, 'FLORINDA CAROLINA MUNGUIA ', '1792', 'F', 'florinda.munguia', '', '35', 1),
(284, 'FRANCIS  SOLORZANO ', '2577', 'F', 'francis.solorzano', '', '22', 1),
(285, 'FRANCISCO ALEXANDER AGUIRRE ', '2697', 'M', 'francisco.aguirre', '070d3ebd85611641e2f9af0d2cb3a1a3', '66', 1),
(286, 'FRANCISCO SERGIO ARAYA MEJIA', '2696', 'M', 'francisco.araya', '070d3ebd85611641e2f9af0d2cb3a1a3', '65', 1),
(287, 'FRANCISCO MELVI FUENTES FLORES', '856C', 'M', 'francisco.fuentes', '070d3ebd85611641e2f9af0d2cb3a1a3', '58', 1),
(288, 'FRANCISCO  HERNANDEZ RODRIGUEZ', '2693', 'M', 'francisco.hernandez', '070d3ebd85611641e2f9af0d2cb3a1a3', '64', 1),
(289, 'FRANCISCO OSWALDO MARTINEZ VASQUEZ', '479C', 'M', 'francisco.vasquez', '070d3ebd85611641e2f9af0d2cb3a1a3', '66', 1),
(290, 'FRANCISCO  MARTINEZ PINEDA', '2826', 'M', 'francisco.martinez', '070d3ebd85611641e2f9af0d2cb3a1a3', '21', 1),
(291, 'FRANCISCO JAVIER MORENO TREJO', '703C', 'M', 'francisco.moreno', NULL, '109', 1),
(292, 'FRANCISCO JAVIER ORANTES CASTRO', '2428', 'M', 'francisco.orantes', '070d3ebd85611641e2f9af0d2cb3a1a3', '66', 1),
(293, 'FRANCISCO ROBERTO PALACIOS CHORIEGO', '2705', 'M', 'francisco.palacios', '', '67', 1),
(294, 'FRANCISCO ANTONIO PINTO BRAN', '770C', 'M', 'francisco.pinto', '', '22', 1),
(295, 'FRANCISCO  PORTILLO AVILES', '1546', 'M', 'francisco.portillo', '', '151', 1),
(296, 'FRANCISCO EMERSON RODRIGUEZ TORRES', '653C', 'M', 'francisco.rodriguez', '070d3ebd85611641e2f9af0d2cb3a1a3', '61', 1),
(297, 'FRANCISCO ALBERTO SORTO ', '845C', 'M', 'francisco.sorto', '070d3ebd85611641e2f9af0d2cb3a1a3', '57', 1),
(298, 'FRANCISCO  VIANA LOPEZ', '1968', 'M', 'francisco.viana', '', '2', 1),
(299, 'FRANK EDGARDO CENTENO RIVERA', '665C', 'M', 'frank.centeno', '070d3ebd85611641e2f9af0d2cb3a1a3', '60', 1),
(300, 'FRANKLIN BALMORE ASCENCIO CRUZ', '605C', 'M', 'franklin.ascencio', '070d3ebd85611641e2f9af0d2cb3a1a3', '65', 1),
(301, 'FRANKLIN ROBERTO MENA SANTAMARIA', '643C', 'M', 'franklin.mena', '070d3ebd85611641e2f9af0d2cb3a1a3', '16', 1),
(302, 'FREDY ALEXANDER CERNA LOPEZ', '2654', 'M', 'fredy.cerna', '070d3ebd85611641e2f9af0d2cb3a1a3', '6', 1),
(303, 'FREDY SALVADOR MEJIA ', '2562', 'M', 'fredy.mejia', '070d3ebd85611641e2f9af0d2cb3a1a3', '65', 1),
(304, 'FRIDA REBECA MONTES DUBON', '2617', 'F', 'frida.montes', '070d3ebd85611641e2f9af0d2cb3a1a3', '152', 1),
(305, 'GABINO ULISES MEDINA FLORES', '688C', 'M', 'gabino.medina', '070d3ebd85611641e2f9af0d2cb3a1a3', '57', 1),
(306, 'GEMA IVONNE VARELA GALLEGOS', '607C', 'F', 'gema.varela', '', '153', 1),
(307, 'GEMBER ORLANDO GUERRERO ', '989C', 'M', 'gember.guerrero', '070d3ebd85611641e2f9af0d2cb3a1a3', '58', 1),
(308, 'GEORGINA ELIZABETH PORTILLO AYALA', '608C', 'F', 'georgina.portillo', NULL, '42', 1),
(309, 'GERARDO  MOSCOSO CIDEOS', '2680', 'M', 'gerardo.moscoso', '070d3ebd85611641e2f9af0d2cb3a1a3', '33', 1),
(310, 'GERARDO ALFREDO OLLA ALFARO', '937C', 'M', 'gerardo.olla', '070d3ebd85611641e2f9af0d2cb3a1a3', '60', 1),
(311, 'GERMAN ULISES HERRERA HERNANDEZ', '2465', 'M', 'german.herrera', '070d3ebd85611641e2f9af0d2cb3a1a3', '152', 1),
(312, 'GERMAN ERNESTO MARTINEZ PARADA', '2579', 'M', 'ernesto.martinez', NULL, '91', 1),
(313, 'GERMAN REYNALDO PALACIOS MARTINEZ', '2835', 'M', 'german.palacios', NULL, '81', 1),
(314, 'GERSON OBED MORALES BENITEZ', '567C', 'M', 'gerson.morales', '070d3ebd85611641e2f9af0d2cb3a1a3', '57', 1),
(315, 'GILBERTO BALMORE DIAZ RUIZ', '2644', 'M', 'gilberto.diaz', '', '77', 1),
(316, 'GILBERTO ANTONIO GONZALEZ GOMEZ', '2661', 'M', 'gilberto.gonzalez', '070d3ebd85611641e2f9af0d2cb3a1a3', '65', 1),
(317, 'GILBERTO  PLATERO RODRIGUEZ', '2234', 'M', 'gilberto.platero', '', '22', 1),
(319, 'GISELA MERCEDES GIRON FUENTES', '518C', 'F', 'gisela.giron', '070d3ebd85611641e2f9af0d2cb3a1a3', '66', 1),
(320, 'GLADYS CECILIA SOSA RIVERA', '2208', 'F', 'gladys.sosa', '070d3ebd85611641e2f9af0d2cb3a1a3', '106', 1),
(321, 'GLENDA MARISELA AGUILAR TRIGUEROS', '793C', 'M', 'glenda.aguilar', '070d3ebd85611641e2f9af0d2cb3a1a3', '52', 1),
(322, 'GLENDA LIZBETH ARRIOLA MERCADO', '2593', 'F', 'glenda.arriola', '', '22', 1),
(323, 'GLENDA MARIA REALEGEÑO VANEGAS', '2813', 'F', 'glenda.realegeno', '', '22', 1),
(324, 'GLORIA GERTRUDIS BARRERA BONILLA', '802C', 'F', 'gloria.barrera', '070d3ebd85611641e2f9af0d2cb3a1a3', '53', 1),
(325, 'GLORIA JEANNETTE FELICIANO RAMOS', '2526', 'F', 'gloria.feliciano', '', '87', 1),
(326, 'GLORIA ISELA GONZALEZ ', '2674', 'F', 'isela.gonzalez', NULL, '1', 1),
(327, 'GRACIELA EMERITA AYALA SOSA', '2849', 'F', 'graciela.ayala', NULL, '1', 1),
(328, 'GRISELDA MARLENE CALITO CABEZAS', '2542', 'F', 'griselda.calito', '070d3ebd85611641e2f9af0d2cb3a1a3', '66', 1),
(329, 'GRISELDA ESPERANZA MONROY MINEROS', '879C', 'F', 'griselda.monroy', '', '115', 1),
(330, 'GUILLERMO EUGENIO LAINEZ RAMOS', '357C', 'M', 'guillermo.lainez', '070d3ebd85611641e2f9af0d2cb3a1a3', '157', 1),
(331, 'GUILLERMO SALVADOR MARTINEZ MEZA', '2856', 'M', 'guillermo.martinez', '', '47', 1),
(332, 'GUILLERMO LUIS TRIGUEROS SUAY', '662C', 'M', 'guillermo.trigueros', '', '30', 1),
(333, 'GUILLERMO RIGOBERTO VEGA MARTINEZ', '651C', 'M', 'guillermo.vega', '070d3ebd85611641e2f9af0d2cb3a1a3', '52', 1),
(334, 'GUISELA EMPERATRIZ ZELAYA ', '2304', 'F', 'guisela.zelaya', NULL, '43', 1),
(335, 'GUSTAVO ALBERTO BAYONA AMAYA', '2607', 'M', 'gustavo.bayona', '', '105', 1),
(337, 'GUSTAVO FRANCISCO PACHECO ROQUE', '646C', 'M', 'gustavo.pacheco', '070d3ebd85611641e2f9af0d2cb3a1a3', '57', 1),
(338, 'HAIRON NAPOLEON RODRIGUEZ CASTILLO', '660C', 'M', 'hairon.rodriguez', '070d3ebd85611641e2f9af0d2cb3a1a3', '60', 1),
(339, 'HAROLD ERNESTO RIVERA PLEITEZ', '759C', 'M', 'harold.rivera', '070d3ebd85611641e2f9af0d2cb3a1a3', '56', 1),
(340, 'HAYDEE MARGARITA BOLAÑOS BELTRAN', '2850', 'F', 'haydee.bolanos', '', '1', 1),
(341, 'HAYDEE ELIZABETH ROMERO ', '655C', 'F', 'haydee.romero', '', '89', 1),
(342, 'HECTOR SALVADOR AGUILAR AYALA', '2543', 'M', 'hector.aguilar', NULL, '151', 1),
(343, 'HECTOR NOE AGUILAR BONILLA', '2145', 'M', 'hector.bonilla', '070d3ebd85611641e2f9af0d2cb3a1a3', '59', 1),
(344, 'HECTOR ALFREDO CONTRERAS TRUJILLO', '2280', 'M', 'hector.contreras', '070d3ebd85611641e2f9af0d2cb3a1a3', '66', 1),
(345, 'HECTOR BLADIMIR DE PAZ FUENTES', '820C', 'M', 'hector.depaz', NULL, '65', 1),
(346, 'HECTOR DAVID MELENDEZ AYALA', '775C', 'M', 'hector.melendez', NULL, '47', 1),
(347, 'HECTOR ISAAC MELGAR FLORES', '2506', 'M', 'hector.melgar', '070d3ebd85611641e2f9af0d2cb3a1a3', '86', 1),
(348, 'HECTOR VLADIMIR ORTIZ RIVERA', '2614', 'M', 'hector.ortiz', '', '67', 1),
(349, 'HECTOR GUADALUPE PEREZ MEJIA', '2605', 'M', 'hector.perez', '', '78', 1),
(350, 'HECTOR  ROSALES BERNAL', '2213', 'M', 'hector.rosales', NULL, '77', 1),
(351, 'HENRY ALEJANDRO FLORES MOLINA', '2810', 'M', 'henry.flores', '', '155', 1),
(352, 'HENRY ANTONIO HUIZA AMAYA', '710C', 'M', 'henry.huiza', '', '21', 1),
(353, 'HILDA MIRIAM HERRERA ', '1373', 'F', 'hilda.herrera', '', '22', 1),
(354, 'HILDA ESPERANZA MEJIA ALAS', '699C', 'F', 'hilda.mejia', '070d3ebd85611641e2f9af0d2cb3a1a3', '61', 1),
(355, 'HILDA LINDAURA PALMA ', '2530', 'F', 'hilda.palma', NULL, '100', 1),
(356, 'HILDA  RUIZ CACERES', '522C', 'F', 'hilda.ruiz', '070d3ebd85611641e2f9af0d2cb3a1a3', '59', 1),
(357, 'HOTSEN ALI DROUBI VILLALTA', '2604', 'M', 'hotsen.droubi', '', '151', 1),
(358, 'HUGO  CABALLERO YANEZ', '501', 'M', 'hugo.caballero', '070d3ebd85611641e2f9af0d2cb3a1a3', '65', 1),
(360, 'HUGO  CASTRO CARTAGENA', '2848', 'M', 'hugo.castro', '', '89', 1),
(361, 'HUGO ALBERTO JIMENEZ FUENTES', '2478', 'M', 'hugo.jimenez', 'd41d8cd98f00b204e9800998ecf8427e', '81', 1),
(362, 'HUGO ORLANDO MARROQUIN BONILLA', '521C', 'M', 'hugo.marroquin', '070d3ebd85611641e2f9af0d2cb3a1a3', '61', 1),
(364, 'HUGO NELSON ROJAS HERNANDEZ', '430C', 'M', 'nelson.rojas', NULL, '77', 1),
(365, 'HUMBERTO  CENTENO NAJARRO', '2741', 'M', 'humberto.centeno', '', '51', 1),
(366, 'IDALIA DEL CARMEN ALVARADO ', '809C', 'F', 'idalia.alvarado', '070d3ebd85611641e2f9af0d2cb3a1a3', '59', 1),
(367, 'IDELMA YANIRA ORELLANA ', '2471', 'F', 'idelma.orellana', '070d3ebd85611641e2f9af0d2cb3a1a3', '66', 1),
(368, 'IKLEA MARINA ZEPEDA ', '2815', 'F', 'iklea.zepeda', '', '22', 1),
(369, 'ILEANA GABRIELA HERNANDEZ BENITEZ', '667C', 'F', 'ileana.hernandez', '070d3ebd85611641e2f9af0d2cb3a1a3', '57', 1),
(370, 'ILIANA ARGENTINA QUINTANILLA ', '873C', 'F', 'iliana.quintanilla', '', '1', 1),
(371, 'IRIAM CAROLINA MARTINEZ ZELAYA', '532C', 'F', 'iriam.martinez', '', '1', 1),
(372, 'IRIS IVETTE CALDERON MORAN', '2584', 'F', 'iris.calderon', '', '105', 1),
(374, 'IRMA BEATRIZ VELASQUEZ ', '352C', 'F', 'irma.velasquez', '070d3ebd85611641e2f9af0d2cb3a1a3', '66', 1),
(375, 'ISABEL CRISTINA AREVALO ', '2118', 'F', 'isabel.arevalo', 'eb77a9887b56e0e608f9ea9028ce759a', '152', 1),
(376, 'ISABEL  RODRIGUEZ BERDUGO', '2132', 'M', 'isabel.rodriguez', '', '77', 1),
(377, 'ISAMAR  TEVEZ ALFARO', '541C', 'F', 'isamar.tevez', '070d3ebd85611641e2f9af0d2cb3a1a3', '121', 1),
(378, 'ISIDRA  DIAZ MARTINEZ', '943C', 'F', 'isidra.diaz', '', '77', 1),
(379, 'ISIDRO  ZELEDON VENTURA', '2649', 'M', 'isidro.zeledon', '070d3ebd85611641e2f9af0d2cb3a1a3', '8', 1),
(380, 'ISMAEL  HERNANDEZ MORALES', '2712', 'M', 'ismael.hernandez', '', '78', 1),
(381, 'ISRAEL  CANALES ', '976C', 'M', 'israel.canales', '070d3ebd85611641e2f9af0d2cb3a1a3', '65', 1),
(382, 'ISRAEL  LOPEZ PARRAS', '2351', 'M', 'israel.lopez', '', '81', 1),
(383, 'ISRAEL ARISTIDES ROMERO ROMERO', '829C', 'M', 'israel.romero', '070d3ebd85611641e2f9af0d2cb3a1a3', '58', 1),
(385, 'ITALO AGUSTIN ORELLANA RODRIGUEZ', '839C', 'M', 'italo.orellana', '070d3ebd85611641e2f9af0d2cb3a1a3', '64', 1),
(386, 'JACQUELINE LISSETH ALFARO CACERES', '796C', 'F', 'jacqueline.alfaro', '070d3ebd85611641e2f9af0d2cb3a1a3', '55', 1),
(387, 'JACQUELINE CAROLINA GIL ', '2719', 'F', 'jacqueline.gil', '', '43', 1),
(388, 'JAIME ERNESTO CASTILLO LANDAVERDE', '506C', 'M', 'jaime.castillo', '070d3ebd85611641e2f9af0d2cb3a1a3', '66', 1),
(389, 'JAIME ARNOLDO PAIZ ', '2462', 'M', 'jaime.paiz', '070d3ebd85611641e2f9af0d2cb3a1a3', '65', 1),
(390, 'JALMER WERNER MEDINA ', '818C', 'M', 'jalmer.medina', '070d3ebd85611641e2f9af0d2cb3a1a3', '61', 1),
(391, 'JAQUELINE YESENIA HERNANDEZ SALVIN', '2691', 'F', 'jaqueline.hernandez', '070d3ebd85611641e2f9af0d2cb3a1a3', '66', 1),
(392, 'JAVIER ANTONIO MARTINEZ GOMEZ', '2582', 'M', 'javier.martinez', '070d3ebd85611641e2f9af0d2cb3a1a3', '8', 1),
(393, 'JAVIER OSVALDO ZELAYA CHAVEZ', '2751', 'M', 'javier.zelaya', 'd41d8cd98f00b204e9800998ecf8427e', '81', 1),
(394, 'JEMMY ELIZABETH MEJIA RODRIGUEZ', '2771', 'F', 'jemmy.mejia', NULL, '19', 1),
(395, 'JENNIFER ASTRID RAMOS CHACON', '2795', 'F', 'jennifer.ramos', '', '1', 1),
(396, 'JENNIFERT DEL CARMEN PREZA CASTILLO', '2847', 'F', 'jennifert.castillo', '', '80', 1),
(397, 'JENNY CECILIA SALGADO SALGADO', '840C', 'F', 'jenny.salgado', '070d3ebd85611641e2f9af0d2cb3a1a3', '65', 1),
(399, 'JESSICA GRISSEL NOLASCO ABREGO', '617C', 'F', 'jessica.nolasco', '070d3ebd85611641e2f9af0d2cb3a1a3', '152', 1),
(400, 'JESUS ANTONIO GUARDADO SERRANO', '869C', 'M', 'jesus.guardado', '070d3ebd85611641e2f9af0d2cb3a1a3', '56', 1),
(401, 'JESUS ERNESTO HERNANDEZ MONTANO', '798C', 'M', 'jesus.hernandez', '070d3ebd85611641e2f9af0d2cb3a1a3', '55', 1),
(402, 'JESUS REINALDO MARTINEZ CUEVA', '2480', 'M', 'jesus.martinez', '070d3ebd85611641e2f9af0d2cb3a1a3', '8', 1),
(403, 'JESUS ADONAY QUINTANILLA ROSALES', '467C', 'M', 'jesus.quintanilla', '', '93', 1),
(404, 'JOAQUIN DE JESUS HUEZO ', '2587', 'M', 'joaquin.huezo', NULL, '77', 1),
(405, 'JOAQUIN ALEJANDRO LUCHA MUÑOZ', '2752', 'M', 'joaquin.lucha', '', '17', 1),
(406, 'JOAQUIN  RODRIGUEZ PEREZ', '2403', 'M', 'joaquin.rodriguez', '', '51', 1),
(407, 'JOEL ANTONIO FLORES MARTINEZ', '2781', 'M', 'joel.flores', '', '78', 1),
(408, 'JOOBANY ALBERTO PORTILLO ALVARADO', '881C', 'M', 'joobany.portillo', '070d3ebd85611641e2f9af0d2cb3a1a3', '66', 1),
(409, 'JORGE ARNOLDO BOLAÑOS PAZ', '929C', 'M', 'jorge.bolanos', NULL, '37', 1),
(410, 'JORGE ARTURO CANDEL ORELLANA', '637C', 'M', 'jorge.candel', '', '76', 1),
(411, 'JORGE ALBERTO CASTRO VALLE', '935C', 'M', 'jorge.castro', '', '1', 0),
(412, 'JORGE RENE CISNEROS CASTILLO', '1537', 'M', 'jorge.cisneros', '', '43', 1),
(413, 'JORGE HUMBERTO GUARDADO GIL', '2215', 'M', 'jorge.guardado', '070d3ebd85611641e2f9af0d2cb3a1a3', '66', 1),
(414, 'JORGE HUMBERTO GUILLEN RAMIREZ', '2855', 'M', 'jorge.guillen', '', '111', 1),
(415, 'JORGE HUMBERTO GUILLEN RAMIREZ', '2855', 'M', 'jorge.guillen', '', '111', 1),
(416, 'JORGE MIGUEL MARTINEZ MENENDEZ', '767C', 'M', 'jorge.martinez', '', '22', 1),
(417, 'JORGE BETO PERLA MORENO', '2627', 'M', 'jorge.perla', NULL, '109', 1),
(418, 'JORGE OVIDIO RIOS ', '2448', 'M', 'jorge.rios', '070d3ebd85611641e2f9af0d2cb3a1a3', '8', 1),
(419, 'JORGE ADALBERTO RUANO FLORES', '886C', 'M', 'jorge.ruano', '070d3ebd85611641e2f9af0d2cb3a1a3', '56', 1),
(420, 'JORGE ALBERTO SALMERON GARCIA', '679C', 'M', 'jorge.salmeron', '', '111', 1),
(421, 'JORGE ALBERTO VILLARAN RAMOS', '2086', 'M', 'jorge.villaran', '', '87', 1),
(422, 'JOSE EDUARDO AYALA RIVAS', '2337', 'M', 'jose.ayala', NULL, '151', 1),
(423, 'JOSE ALEJANDRO BAIRES CALIXTO', '2677', 'M', 'jose.baires', '', '22', 1),
(424, 'JOSE GUILLERMO BATRES GUEVARA', '719C', 'M', 'jose.batres', '070d3ebd85611641e2f9af0d2cb3a1a3', '79', 1),
(425, 'JOSE ORLANDO BELLOSO LEIVA', '2787', 'M', 'jose.belloso', '070d3ebd85611641e2f9af0d2cb3a1a3', '9', 1),
(426, 'JOSE FEDERICO BERMUDEZ VEGA', '774C', 'M', 'jose.bermudez', '', '107', 1),
(427, 'JOSE NELSON CALDERON ALBERTO', '1717', 'M', 'jose.calderon', '070d3ebd85611641e2f9af0d2cb3a1a3', '150', 1),
(428, 'JOSE RAMON CAMPOS ', '2702', 'M', 'jose.campos', '', '151', 1),
(429, 'JOSE ALVARO CANIZALES RODRIGUEZ', '789C', 'M', 'jose.canizales', '070d3ebd85611641e2f9af0d2cb3a1a3', '56', 1),
(430, 'JOSE FRANCISCO CARDONA RODAS', '2782', 'M', 'jose.cardona', '', '30', 1),
(431, 'JOSE FRANCISCO CHACON GUARDADO', '2558', 'M', 'jose.chacon', NULL, '151', 1),
(432, 'JOSE ADALBERTO CHAVEZ RIVERA', '2760', 'M', 'jose.chavez', '', '42', 1),
(433, 'JOSE HENOCH CONTRERAS GARCIA', '2641', 'M', 'jose.contreras', '', '21', 1),
(434, 'JOSE DENNIS CORDOVA ELIZONDO', '813C', 'M', 'jose.cordova', '070d3ebd85611641e2f9af0d2cb3a1a3', '64', 1),
(435, 'JOSE CARLOS CORTEZ CHACON', '503C', 'M', 'jose.cortez', '9b45c0df3699ca2b30d5fc86ee684c86', '60', 1),
(436, 'JOSE ALBERTO CORVERA ', '2718', 'M', 'jose.corvera', '', '93', 1),
(437, 'JOSE GUILLERMO COTO MENJIVAR', '2476', 'M', 'jose.coto', '', '89', 1),
(438, 'JOSE OSCAR CRUZ ROSALES', '2017', 'M', 'jose.cruz', '070d3ebd85611641e2f9af0d2cb3a1a3', '65', 1),
(439, 'JOSE EDUARDO CUBIAS MEJIA', '363C', 'M', 'jose.cubias', NULL, '93', 1),
(440, 'JOSE AMILCAR DE LEON ', '2723', 'M', 'jose.de leon', '', '151', 1),
(441, 'JOSE LUIS ESCOBAR SANCHEZ', '967C', 'M', 'jose.escobar', '070d3ebd85611641e2f9af0d2cb3a1a3', '64', 1),
(442, 'JOSE SARBELIO GARCIA GARCIA', '950C', 'M', 'jose.garcia', '070d3ebd85611641e2f9af0d2cb3a1a3', '54', 1),
(443, 'JOSE ALBERTO GONZALEZ RIVAS', '2377', 'M', 'jose.gonzalez', '', '77', 1),
(444, 'JOSE ROGELIO GUZMAN POLANCO', '980C', 'M', 'jose.guzman', '070d3ebd85611641e2f9af0d2cb3a1a3', '56', 1),
(446, 'JOSE MARDONIO HENRIQUEZ PEREZ', '2673', 'M', 'jose.henriquez', '', '21', 1),
(447, 'JOSE ENRIQUE HERNANDEZ VALLE', '783C', 'M', 'jose.hernandez', '070d3ebd85611641e2f9af0d2cb3a1a3', '54', 1),
(449, 'JOSE FRANCISCO HUEZO ', '772C', 'M', 'jose.huezo', NULL, '112', 1),
(450, 'JOSE DOLORES JOYA RODRIGUEZ', '2758', 'M', 'jose.joya', '070d3ebd85611641e2f9af0d2cb3a1a3', '8', 1),
(451, 'JOSE EDGARDO LARIOS CUESTAS', '624C', 'M', 'jose.larios', '', '17', 1),
(452, 'JOSE ROBERTO LOBO ESCOBAR', '512C', 'M', 'roberto.lobo', '', '154', 1),
(453, 'JOSE FREDY LOPEZ GUTIERREZ', '2711', 'M', 'jose.lopez', '070d3ebd85611641e2f9af0d2cb3a1a3', '65', 1),
(454, 'JOSE ROBERTO LOZANO PACAS', '1991', 'M', 'roberto.lozano', '', '67', 1),
(455, 'JOSE EDUARDO MARCHENA CASTELLANOS', '495C', 'M', 'jose.castellanos', '070d3ebd85611641e2f9af0d2cb3a1a3', '153', 1),
(456, 'JOSE EDUARDO MARCHENA HERNANDEZ', '400C', 'M', 'jose.marchena', NULL, '114', 1),
(457, 'JOSE RAFAEL MARIN MENA', '2866', 'M', 'jose.marin', '', '106', 1),
(458, 'JOSE AGUSTIN MARINERO MERINO', '2600', 'M', 'jose.marinero', '', '93', 1),
(459, 'JOSE EDWIN MARROQUIN MENDEZ', '2639', 'M', 'jose.marroquin', '', '21', 1),
(460, 'JOSE ADRIAN MARTINEZ CHAVARRIA', '338C', 'M', 'jose.martinez', '070d3ebd85611641e2f9af0d2cb3a1a3', '65', 1),
(461, 'JOSE ALBERTO MARTINEZ LOPEZ', '788C', 'M', 'jose.martinez', '070d3ebd85611641e2f9af0d2cb3a1a3', '56', 1),
(462, 'JOSE LUIS MEDINA GRIJALVA', '2426', 'M', 'jose.medina', '070d3ebd85611641e2f9af0d2cb3a1a3', '52', 1),
(463, 'JOSE SANDY MEJIA MORALES', '2375', 'M', 'jose.mejia', '070d3ebd85611641e2f9af0d2cb3a1a3', '65', 1),
(464, 'JOSE DAVID MEJIA SOLORZANO', '666C', 'M', 'jose.solorzano', '070d3ebd85611641e2f9af0d2cb3a1a3', '65', 1),
(465, 'JOSE TOMAS MENDOZA ', '2537', 'M', 'jose.mendoza', '', '123', 1),
(466, 'JOSE CARLOS MENENDEZ ', '874C', 'M', 'jose.menendez', '070d3ebd85611641e2f9af0d2cb3a1a3', '55', 1),
(467, 'JOSE SAUL MOLINA CASTELLANOS', '2354', 'M', 'jose.molina', '070d3ebd85611641e2f9af0d2cb3a1a3', '6', 1),
(468, 'JOSE LUIS MONTOYA GUZMAN', '381C', 'M', 'jose.montoya', NULL, '78', 1),
(469, 'JOSE LUIS ORELLANA CANTON', '741C', 'M', 'jose.orellana', '', '51', 1),
(470, 'JOSE FRANCISCO OSORIO ELIAS', '2868', 'M', 'jose.osorio', '', '159', 1),
(471, 'JOSE ALEXANDER PEÑA CARBALLO', '508C', 'M', 'jose.pena', '', '153', 1),
(472, 'JOSE SANTOS PEREIRA ALBERTO', '2319', 'M', 'jose.pereira', '', '77', 1),
(473, 'JOSE FRANKLIN PINEDA BARAHONA', '2662', 'M', 'franklin.pineda', '', '108', 1),
(474, 'JOSE AMILCAR PLEITEZ ', '880C', 'M', 'jose.pleitez', '', '151', 1),
(475, 'JOSE RODRIGO PORTILLO FLORES', '2842', 'M', 'jose.portillo', '', '122', 1),
(476, 'JOSE ALBERTO RAMOS CARDONA', '336C', 'M', 'jose.ramos', '', '150', 1),
(477, 'JOSE ADILSON RECINOS SANCHEZ', '712C', 'M', 'jose.recinos', '070d3ebd85611641e2f9af0d2cb3a1a3', '64', 1),
(478, 'JOSE ANTONIO RODRIGUEZ ANDINO', '455C', 'M', 'jose.rodriguez', '', '87', 1),
(479, 'JOSE ARMANDO ROMERO CHICAS', '2794', 'M', 'jose.romero', '', '155', 1),
(480, 'JOSE ERNESTO RUIZ AGREDA', '626C', 'M', 'jose.ruiz', '070d3ebd85611641e2f9af0d2cb3a1a3', '66', 1),
(481, 'JOSE RAUL SOLIS ', '2675', 'M', 'jose.solis', '070d3ebd85611641e2f9af0d2cb3a1a3', '66', 1),
(482, 'JOSE GILBERTO TORRES CHEVEZ', '2642', 'M', 'jose.torres', '', '21', 1),
(483, 'JOSE FRANCISCO VASQUEZ GUTIERREZ', '736C', 'M', 'jose.vasquez', '', '151', 1),
(484, 'JOSE FRANCISCO VASQUEZ ', '2482', 'M', 'jose.francisco', '070d3ebd85611641e2f9af0d2cb3a1a3', '66', 1),
(485, 'JOSUE ROLANDO AREVALO MEJICANO', '454C', 'M', 'josue.arevalo', '', '2', 1),
(486, 'JOVANY STANLEY ROMERO HERNANDEZ', '2670', 'M', 'jovany.romero', '', '79', 1),
(487, 'JUAN RAMON AGUIRRE HERNANDEZ', '973C', 'M', 'juan.aguirre', '', '159', 1),
(488, 'JUAN ERNESTO ALAS MENDEZ', '2498', 'M', 'juan.alas', '070d3ebd85611641e2f9af0d2cb3a1a3', '60', 1),
(489, 'JUAN ANTONIO ALVERGUE LOPEZ', '435C', 'M', 'juan.alvergue', 'd41d8cd98f00b204e9800998ecf8427e', '81', 1),
(490, 'JUAN PABLO AMAYA REALEGEÑO', '953C', 'M', 'juan.amaya', '070d3ebd85611641e2f9af0d2cb3a1a3', '59', 1),
(491, 'JUAN JOSE CABALLERO TORRES', '987C', 'M', 'juan.caballero', '070d3ebd85611641e2f9af0d2cb3a1a3', '5', 1),
(492, 'JUAN CARLOS CABRERA HENRIQUEZ', '437C', 'M', 'juan.cabrera', '', '151', 1),
(493, 'JUAN CARLOS CASTILLO CAÑAS', '899C', 'M', 'juan.castillo', '', '114', 1),
(494, 'JUAN CARLOS CORTEZ TOBIAS', '939C', 'M', 'juan.cortez', '070d3ebd85611641e2f9af0d2cb3a1a3', '66', 1),
(495, 'JUAN SANTOS GRACIAS ESCOBAR', '2347', 'M', 'juan.gracias', '', '72', 1),
(496, 'JUAN PABLO GUEVARA MERINO', '2769', 'M', 'juan.guevara', '', '87', 1),
(497, 'JUAN FRANCISCO HERNANDEZ CASTRO', '640C', 'M', 'juan.hernandez', '070d3ebd85611641e2f9af0d2cb3a1a3', '76', 1),
(498, 'JUAN GABRIEL HERRERA PARADA', '456C', 'M', 'juan.herrera', '070d3ebd85611641e2f9af0d2cb3a1a3', '65', 1),
(499, 'JUAN ANTONIO JORGE MENDEZ', '2636', 'M', 'juan.jorge', '', '21', 1),
(500, 'JUAN CARLOS NUÑEZ RAMIREZ', '750C', 'M', 'juan.nunez', '070d3ebd85611641e2f9af0d2cb3a1a3', '54', 1),
(501, 'JUAN FRANCISCO ORDOÑEZ ', '960C', 'M', 'juan.ordonez', '070d3ebd85611641e2f9af0d2cb3a1a3', '5', 1),
(502, 'JUAN ANTONIO RAMOS GUZMAN', '878C', 'M', 'juan.ramos', '', '109', 1),
(503, 'JUAN  RAUDA GARCIA', '2311', 'M', 'juan.rauda', '', '151', 1),
(504, 'JUAN JOSE REYNOSA HERCULES', '546C', 'M', 'juan.reynosa', '', '125', 1),
(505, 'JUAN CARLOS RIVERA GUILLEN', '2603', 'M', 'juan.rivera', '257b1a8d6236ee65242f87c5d99f8c5a', '115', 1),
(506, 'JUAN FRANCISCO SANCHEZ CABRERA', '988C', 'M', 'francisco.sanchez', NULL, '108', 1),
(507, 'JUAN FRANCISCO SERRANO ', '1806', 'M', 'juan.francisco', '', '77', 1),
(508, 'JUAN CARLOS SERRANO CAMPOS', '2737', 'M', 'juan.serrano', '070d3ebd85611641e2f9af0d2cb3a1a3', '42', 1),
(509, 'JUAN CARLOS SUAREZ SANTAMARIA', '963C', 'M', 'juan.suarez', '', '51', 1),
(510, 'JUAN CARLOS VIDES ', '2707', 'M', 'juan.vides', '070d3ebd85611641e2f9af0d2cb3a1a3', '66', 1),
(511, 'JUANA ESMERALDA AYALA ', '2210', 'F', 'esmeralda.ayala', NULL, '43', 1),
(512, 'JUDITH  CHAVARRIA PINEDA', '1743', 'F', 'judith.chavarria', '070d3ebd85611641e2f9af0d2cb3a1a3', '152', 1),
(513, 'JULIA JACQUELINE BOLAÑOS ', '2515', 'F', 'jacqueline.galdamez', '', '22', 1),
(514, 'JULIA CRISTINA PEÑA ', '2440', 'F', 'julia.pena', '070d3ebd85611641e2f9af0d2cb3a1a3', '153', 1),
(515, 'JULIO ALBERTO GARCIA NOVOA', '324C', 'M', 'julio.garcia', '070d3ebd85611641e2f9af0d2cb3a1a3', '66', 1),
(516, 'JULIO OSCAR MARTINEZ SIBRIAN', '2733', 'M', 'julio.martinez', '', '151', 1),
(517, 'JULIO ARMANDO PARADA GARCIA', '2560', 'M', 'julio.parada', '070d3ebd85611641e2f9af0d2cb3a1a3', '6', 1),
(518, 'JULIO CESAR PEREZ SALMERON', '2753', 'M', 'julio.perez', '', '108', 0),
(519, 'JULIO  VASQUEZ BORJA', '1510', 'M', 'julio.vasquez', '', '2', 1),
(520, 'KAREN LISSETH ALAS HERRERA', '812C', 'F', 'karen.alas', '070d3ebd85611641e2f9af0d2cb3a1a3', '53', 1),
(521, 'KAREN BEATRIZ ARIAS PAZ', '654C', 'F', 'karen.arias', NULL, '30', 1),
(522, 'KAREN ALEXANDRA CARDOZA CALLES', '578C', 'F', 'karen.cardoza', '', '114', 1),
(523, 'KAREN VANESSA FUNES ', '550C', 'F', 'karen.funes', '070d3ebd85611641e2f9af0d2cb3a1a3', '57', 1),
(524, 'KARLA MARIEL ALAS RIVAS', '797C', 'F', 'karla.alas', '', '22', 1),
(525, 'KARLA AMERICA BONILLA HERNANDEZ', '486C', 'F', 'karla.bonilla', '070d3ebd85611641e2f9af0d2cb3a1a3', '150', 1),
(527, 'KARLA ELIZABETH CHAVEZ HERRERA', '2631', 'F', 'karla.chavez', '', '40', 1),
(528, 'KARLA MARIA DUBON ALBERTO', '432C', 'F', 'karla.dubon', '', '91', 1),
(529, 'KARLA JUDITH DUEÑAS ', '2589', 'F', 'karla.duenas', '', '89', 1),
(530, 'KARLA MARGARITA LUNA CUEVA', '2867', 'F', 'karla.luna', '', '1', 1),
(531, 'KARLA MARIA NERIO NAVARRETE', '581C', 'F', 'karla.nerio', NULL, '30', 1),
(532, 'KARLA VERONICA RIVAS VALLE', '2798', 'F', 'karla.rivas', '5a531a68898f561ce141761443f9cfcf', '37', 1),
(533, 'KARLA MIRELLA RIVERA RIVAS', '2768', 'F', 'karla.rivera', '', '86', 1),
(534, 'KARLA NATHALIE ROMERO PINEDA', '918C', 'F', 'karla.romero', '', '14', 1),
(535, 'KARLA YSELA SANTOS CARDONA', '892C', 'F', 'karla.santos', '070d3ebd85611641e2f9af0d2cb3a1a3', '61', 1),
(536, 'KARLEY NOHEMY SIGUENZA CALDERON', '915C', 'F', 'karley.siguenza', '', '157', 1),
(537, 'KATHIA ROSIBEL ORELLANA ROMERO', '777C', 'F', 'kathia.orellana', '070d3ebd85611641e2f9af0d2cb3a1a3', '56', 1),
(538, 'KATIA JACKELINE FUENTES BARRIENTOS', '2591', 'F', 'katia.fuentes', '070d3ebd85611641e2f9af0d2cb3a1a3', '60', 1),
(539, 'KATYA MARIA AREVALO GAMEZ', '2583', 'F', 'katya.arevalo', '', '22', 1);
INSERT INTO `org_usuario` (`id_usuario`, `nombre_completo`, `nr`, `sexo`, `usuario`, `password`, `id_seccion`, `estado`) VALUES
(540, 'KATYA CRISTINA RODRIGUEZ ERAZO', '529C', 'F', 'katy.rodriguez', '', '100', 1),
(541, 'KELLY MARGARITA MIRANDA ', '420C', 'F', 'kelly.miranda', '', '89', 1),
(542, 'KENNETH VLADIMIR SERRANO ROSALES', '2647', 'M', 'kenneth.serrano', '', '78', 1),
(543, 'KENYA JAZMIN TOBAR GONZALEZ', '2817', 'F', 'kenya.tobar', '070d3ebd85611641e2f9af0d2cb3a1a3', '81', 1),
(544, 'KIM ABIGAIL ANDRADE ', '2796', 'F', 'kim.andrade', '070d3ebd85611641e2f9af0d2cb3a1a3', '154', 1),
(545, 'LAURA MARIA JIMENEZ ', '2722', 'F', 'laura.jimenez', '070d3ebd85611641e2f9af0d2cb3a1a3', '60', 1),
(546, 'LAURA JILL PARADA ', '2715', 'F', 'laura.parada', '', '137', 1),
(547, 'LEONARDO ALCIDES DEL CID CHICAS', '2615', 'M', 'leonardo.del cid', '070d3ebd85611641e2f9af0d2cb3a1a3', '66', 1),
(548, 'LESLY NOEMI CERVELLON RIVERA', '791C', 'F', 'lesly.cervellon', '', '22', 1),
(549, 'LETICIA DE JESUS CALLES GUEVARA', '709C', 'F', 'leticia.calles', 'd41d8cd98f00b204e9800998ecf8427e', '76', 1),
(550, 'LIGIA GISELA RIVAS ALAS', '2763', 'F', 'ligia.rivas', NULL, '151', 1),
(551, 'LILA LINETTE RODRIGUEZ FLORES', '2682', 'F', 'lila.rodriguez', '070d3ebd85611641e2f9af0d2cb3a1a3', '60', 1),
(552, 'LINO  FUENTES CABRERA', '951C', 'M', 'lino.fuentes', '070d3ebd85611641e2f9af0d2cb3a1a3', '8', 1),
(553, 'LISANDRO ALEXANDER MILIAN ABULLARADE', '387C', 'M', 'lisandro.milian', '', '86', 1),
(554, 'LISSETH GUADALUPE VILLALTA ', '837C', 'F', 'lisseth.villalta', '57754b6b38e9d9915812bd2b3a33ef4b', '59', 1),
(555, 'LIZA MICHELLE CORTEZ ', '429C', 'F', 'liza.cortez', '070d3ebd85611641e2f9af0d2cb3a1a3', '66', 1),
(556, 'LIZETH CAROLINA SANCHEZ HERNANDEZ', '571C', 'F', 'lizeth.sanchez', '070d3ebd85611641e2f9af0d2cb3a1a3', '57', 1),
(557, 'LIZZA MICHELLE GARCIA AVILA', '419C', 'F', 'michelle.garcia', NULL, '39', 1),
(558, 'LIZZIE VERONICA PADILLA PINEDA', '644C', 'F', 'lizzie.padilla', '', '86', 1),
(559, 'LORENA GUADALUPE FUENTES ', '425C', 'F', 'lorena.fuentes', '070d3ebd85611641e2f9af0d2cb3a1a3', '65', 1),
(560, 'LORENA DOLORES LARA ', '2611', 'F', 'lorena.lara', '070d3ebd85611641e2f9af0d2cb3a1a3', '66', 1),
(561, 'LORENA MARIA MORAN ', '555C', 'F', 'lorena.moran', '070d3ebd85611641e2f9af0d2cb3a1a3', '66', 1),
(562, 'LORENA ESTELA PORTILLO CAMPOS', '2807', 'F', 'lorena.portillo', '', '155', 1),
(563, 'LORENA MARISOL TORRES ', '2704', 'F', 'lorena.torres', '070d3ebd85611641e2f9af0d2cb3a1a3', '61', 1),
(564, 'LUCAS  MELGAR TIZNADO', '2317', 'M', 'lucas.melgar', '', '151', 1),
(565, 'LUCIA ISOLINA ARGUETA ARGUETA', '621C', 'F', 'lucia.argueta', '070d3ebd85611641e2f9af0d2cb3a1a3', '64', 1),
(566, 'LUCIO  CRUZ AMAYA', '814C', 'M', 'lucio.cruz', '070d3ebd85611641e2f9af0d2cb3a1a3', '54', 1),
(567, 'LUCIO ARISTIDES LAZO GARMENDIA', '478C', 'M', 'lucio.lazo', '', '20', 1),
(568, 'LUIS ANTONIO CHAVEZ MONTOYA', '882C', 'M', 'luis.chavez', NULL, '22', 1),
(569, 'LUIS ENRIQUE CORDON JULE', '972C', 'M', 'luis.cordon', '070d3ebd85611641e2f9af0d2cb3a1a3', '57', 1),
(570, 'LUIS ENRIQUE ESCALANTE MOLINA', '907C', 'M', 'luis.escalante', '', '67', 1),
(571, 'LUIS MARIO FLORES GUILLEN', '871C', 'M', 'luis.flores', NULL, '115', 1),
(572, 'LUIS  GARCIA RIVERA', '2345', 'M', 'luis.garcia', '', '78', 1),
(573, 'LUIS CESAR GOMEZ RIVERA', '2845', 'M', 'cesar.gomez', '070d3ebd85611641e2f9af0d2cb3a1a3', '47', 1),
(574, 'LUIS ANGEL GOMEZ PALACIOS', '2616', 'M', 'luis.gomez', '', '76', 1),
(575, 'LUIS ALBERTO GUZMAN CACERES', '2669', 'M', 'luis.guzman', '', '100', 1),
(576, 'LUIS ALONSO HERNANDEZ CORDOVA', '884C', 'M', 'luis.hernandez', '070d3ebd85611641e2f9af0d2cb3a1a3', '64', 1),
(577, 'LUIS JOSE LOPEZ VALLADARES', '2735', 'M', 'luis.lopez', '', '1', 1),
(578, 'LUIS GERMAN POCASANGRE GONZALEZ', '2488', 'M', 'luis.pocasangre', '070d3ebd85611641e2f9af0d2cb3a1a3', '154', 1),
(579, 'LUIS FELIPE QUINTANILLA CRUZ', '2018', 'M', 'luis.quintanilla', '070d3ebd85611641e2f9af0d2cb3a1a3', '64', 1),
(580, 'LUIS ALBERTO SORTO CUADRA', '2571', 'M', 'luis.sorto', '070d3ebd85611641e2f9af0d2cb3a1a3', '8', 1),
(581, 'LUIS ANTONIO SOTO PACHECO', '711C', 'M', 'luis.soto', '', '2', 1),
(582, 'LUZ DE MARIA HERCULES ', '2816', 'F', 'luz.hercules', '', '42', 1),
(583, 'LUZ DE MARIA HERRERA LOPEZ', '863C', 'F', 'luz.herrera', '070d3ebd85611641e2f9af0d2cb3a1a3', '55', 1),
(584, 'LUZ DE MARIA LOPEZ LOPEZ', '2869', 'F', 'luz.lopez', '', '105', 1),
(585, 'MADIS ELISA PEREZ ', '2822', 'F', 'madis.perez', '070d3ebd85611641e2f9af0d2cb3a1a3', '90', 1),
(586, 'MAIRA LIZET JUAREZ ARGUETA', '396C', 'F', 'maira.juarez', '', '22', 1),
(587, 'MANUEL DE JESUS CASTELLANOS FLORES', '553C', 'M', 'manuel.castellanos', '070d3ebd85611641e2f9af0d2cb3a1a3', '61', 1),
(588, 'MANUEL  CORDOVA MELGAR', '597C', 'M', 'manuel.cordova', '', '1', 1),
(589, 'MANUEL DE JESUS COREA BARAHONA', '489C', 'M', 'manuel.corea', '', '125', 1),
(590, 'MANUEL DE JESUS COREA PAYAN', '1721', 'M', 'manuel.payan', '', '112', 1),
(591, 'MANUEL ALFREDO GOMEZ CUENCA', '397C', 'M', 'manuel.gomez', '', '109', 1),
(592, 'MANUEL ANTONIO LAINEZ ', '734C', 'M', 'manuel.lainez', '070d3ebd85611641e2f9af0d2cb3a1a3', '53', 1),
(593, 'MANUEL ANTONIO MOLINA MARTINEZ', '925C', 'M', 'manuel.molina', '', '77', 1),
(594, 'MANUEL DE JESUS MOLINA ', '949C', 'M', 'manuel.jesus', '070d3ebd85611641e2f9af0d2cb3a1a3', '55', 1),
(596, 'MANUEL AGUSTIN VENTURA ALEJO', '2414', 'M', 'manuel.ventura', '', '78', 1),
(597, 'MARCELA BEATRIZ RUANO PADILLA', '910C', 'F', 'marcela.ruano', '', '76', 1),
(598, 'MARCIAL ANTONIO PINEDA ', '956C', 'M', 'marcial.pineda', '070d3ebd85611641e2f9af0d2cb3a1a3', '6', 1),
(600, 'MARCO ANTONIO CUEVA TREJO', '2655', 'M', 'marco.cueva', '070d3ebd85611641e2f9af0d2cb3a1a3', '65', 1),
(601, 'MARCOS JONAS MUSUN AGUILAR', '848C', 'M', 'marcos.musun', '070d3ebd85611641e2f9af0d2cb3a1a3', '60', 1),
(602, 'MARGARITA GUADALUPE GOMEZ ', '2745', 'F', 'margarita.gomez', 'd41d8cd98f00b204e9800998ecf8427e', '106', 1),
(603, 'MARGARITA  TORRES MONTES', '2485', 'F', 'margarita.torres', NULL, '15', 1),
(604, 'MARIA ELVIRA AGUIRRE HERNANDEZ', '2746', 'F', 'maria.aguirre', '070d3ebd85611641e2f9af0d2cb3a1a3', '64', 1),
(605, 'MARIA SANTOS ARIAS MARTINEZ', '2107', 'F', 'maria.arias', '', '105', 1),
(606, 'MARIA GUADALUPE AYALA ', '810C', 'F', 'maria.ayala', '070d3ebd85611641e2f9af0d2cb3a1a3', '59', 1),
(607, 'MARIA ELISA AYALA ', '2525', 'F', 'maria.elisa', NULL, '107', 1),
(608, 'MARIA ANTONIETA BONILLA RIVAS', '389C', 'F', 'maria.bonilla', '070d3ebd85611641e2f9af0d2cb3a1a3', '66', 1),
(609, 'MARIA MARTA CAÑAS DE HERRERA', '2090', 'F', 'maria.canas', '', '22', 1),
(610, 'MARIA ANTONIA CASTILLO URBINA', '792C', 'F', 'maria.urbina', '070d3ebd85611641e2f9af0d2cb3a1a3', '56', 1),
(611, 'MARIA CRISTINA CASTILLO DIAZ', '2684', 'F', 'cristina.castillo', '', '22', 1),
(612, 'MARIA JOSE CORDOVA NUÑEZ', '674C', 'F', 'maria.cordova', '', '79', 1),
(613, 'MARIA MARTA DIAZ ', '2481', 'F', 'maria.diaz', '070d3ebd85611641e2f9af0d2cb3a1a3', '65', 1),
(614, 'MARIA ALICIA DUKE FUENTES', '747C', 'F', 'maria.duke', '070d3ebd85611641e2f9af0d2cb3a1a3', '56', 1),
(615, 'MARIA DEL SOCORRO GRANADOS ', '2692', 'F', 'maria.granados', '', '51', 1),
(616, 'MARIA DEL CARMEN HENRIQUEZ GRANADEÑO', '2776', 'F', 'maria.henriquez', '', '115', 1),
(617, 'MARIA CELSA HERNANDEZ MIRANDA', '2031', 'F', 'celsa.hernandez', '', '115', 1),
(618, 'MARIA ISIDORA HERNANDEZ ', '2212', 'F', 'isidora.hernandez', '', '35', 1),
(619, 'MARIA DEL CARMEN HERNANDEZ ', '1568', 'F', 'carmen.hernandez', '', '17', 1),
(620, 'MARIA ELENA LOPEZ AGREDA', '695C', 'F', 'maria.lopez', '070d3ebd85611641e2f9af0d2cb3a1a3', '154', 1),
(621, 'MARIA DE LOURDES MARIONA AGUIRRE', '2549', 'F', 'maria.mariona', '', '76', 1),
(622, 'MARIA BETTYNA MARTINEZ ', '2453', 'F', 'maria.martinez', '', '81', 1),
(623, 'MARIA ELENA OSORIO MONTERROSA', '2112', 'F', 'maria.osorio', '', '90', 1),
(624, 'MARIA ELENA RODRIGUEZ ', '2653', 'F', 'maria.rodriguez', '070d3ebd85611641e2f9af0d2cb3a1a3', '6', 1),
(625, 'MARIA ELENA RODRIGUEZ ', '2683', 'F', 'elena.rodriguez', '', '37', 1),
(626, 'MARIA ESTER RUIZ ', '706C', 'F', 'maria.ruiz', '', '79', 1),
(627, 'MARIA CAROLINA THOMAS ARGUETA', '2618', 'F', 'maria.thomas', '', '37', 1),
(628, 'MARIA LOURDES VALLE VIDES', '2800', 'F', 'maria.valle', '070d3ebd85611641e2f9af0d2cb3a1a3', '122', 1),
(629, 'MARIA BERNARDA VILLALOBOS ', '1849', 'F', 'maria.villalobos', '070d3ebd85611641e2f9af0d2cb3a1a3', '65', 1),
(630, 'MARIANELA ESPERANZA CANIZALEZ CRUZ', '817C', 'F', 'marianela.canizalez', '', '22', 1),
(631, 'MARIELLA DESSIRE HERRADOR CAMPOS', '428C', 'F', 'mariella.herrador', '070d3ebd85611641e2f9af0d2cb3a1a3', '66', 1),
(632, 'MARIO ALBERTO ALFARO MARTINEZ', '990-', 'M', 'mario.alfaro', '', '159', 1),
(633, 'MARIO ANTONIO ARIAS RAMIREZ', '1410', 'M', 'mario.arias', '', '111', 1),
(634, 'MARIO CESAR DORATT ARTERO', '410C', 'M', 'mario.doratt', '', '150', 1),
(635, 'MARIO SAUL GARCIA ECHEVERRIA', '2717', 'M', 'mario.garcia', '', '34', 1),
(636, 'MARIO ALFREDO MAYORA LOPEZ', '2840', 'M', 'mario.mayora', '', '155', 1),
(638, 'MARIO ERNESTO PANAMEÑO GARCIA', '375C', 'M', 'mario.panameno', '070d3ebd85611641e2f9af0d2cb3a1a3', '154', 1),
(639, 'MARIO ALEXANDER QUINTEROS ', '2729', 'M', 'mario.quinteros', '070d3ebd85611641e2f9af0d2cb3a1a3', '61', 1),
(640, 'MARIO ENRIQUE RODAS ', '2517', 'M', 'mario.rodas', '', '77', 1),
(641, 'MARISOL DEL TRANSITO BERNAL GOMEZ', '511C', 'F', 'marisol.bernal', '', '22', 1),
(642, 'MARITZA DOLORES AREVALO ESCOBAR', '2629', 'F', 'maritza.arevalo', '', '74', 1),
(643, 'MARITZA LORENA ESCOBAR VIERA', '551C', 'F', 'maritza.escobar', '070d3ebd85611641e2f9af0d2cb3a1a3', '65', 1),
(644, 'MARITZA GUADALUPE GUARDADO ESPINOZA', '596C', 'F', 'maritza.guardado', NULL, '79', 1),
(645, 'MARLENE DE JESUS MEJIA ', '527C', 'F', 'marlene.mejia', '', '79', 1),
(646, 'MARLENE EMILIA SALAMANCA ESTRADA', '877C', 'F', 'marlene.salamanca', '070d3ebd85611641e2f9af0d2cb3a1a3', '58', 1),
(647, 'MARTA DELMY AGUILAR ', '1970', 'F', 'marta.aguilar', '', '20', 1),
(648, 'MARTA NOEMI GARCIA ', '2214', 'F', 'marta.garcia', '', '51', 1),
(649, 'MARTA AMERICA GRIJALBA GARCIA', '2785', 'F', 'marta.grijalba', '070d3ebd85611641e2f9af0d2cb3a1a3', '6', 1),
(650, 'MARTA ALICIA HERNANDEZ DE RIVAS', '2020', 'F', 'marta.rivas', '', '109', 1),
(651, 'MARTA LETICIA PEREZ ABREGO', '801C', 'F', 'marta.perez', '070d3ebd85611641e2f9af0d2cb3a1a3', '55', 1),
(652, 'MARTHA DILIA CARRANZA ', '2296', 'F', 'dilia.romero', '', '114', 1),
(653, 'MARVIN ALEJANDRO ALVARADO GUEVARA', '745C', 'M', 'marvin.alvarado', '', '114', 1),
(654, 'MARVIN ADALI ESCOBAR GUEVARA', '854C', 'M', 'marvin.escobar', '070d3ebd85611641e2f9af0d2cb3a1a3', '52', 1),
(655, 'MARVIN GEOVANY ZELAYA MANZANO', '841C', 'M', 'marvin.zelaya', '070d3ebd85611641e2f9af0d2cb3a1a3', '65', 1),
(656, 'MATILDE ARACELY OLAIZOLA CERRITOS', '2838', 'F', 'matilde.olaizola', '070d3ebd85611641e2f9af0d2cb3a1a3', '112', 1),
(657, 'MAURICIO ALBERTO ALVARADO ESPAÑA', '773C', 'M', 'mauricio.alvarado', '', '115', 1),
(658, 'MAURICIO ANTONIO ANAYA ANAYA', '481C', 'M', 'mauricio.anaya', '070d3ebd85611641e2f9af0d2cb3a1a3', '66', 1),
(659, 'MAURICIO  CACERES HERNANDEZ', '2007', 'M', 'mauricio.caceres', '', '109', 1),
(660, 'MAURICIO ARNOLDO CALLEJAS NIETO', '2279', 'M', 'mauricio.callejas', '', '101', 1),
(661, 'MAURICIO ROBERTO CORDOVA HERNANDEZ', '457C', 'M', 'mauricio.cordova', '', '43', 1),
(662, 'MAURICIO ALFONSO ESPAÑA GUEVARA', '613C', 'M', 'mauricio.espana', '070d3ebd85611641e2f9af0d2cb3a1a3', '60', 1),
(663, 'MAURICIO ANTONIO MEJIA BARRERA', '862C', 'M', 'mauricio.mejia', '070d3ebd85611641e2f9af0d2cb3a1a3', '64', 1),
(664, 'MAURICIO EDGARDO VALENCIA FUNES', '2442', 'M', 'mauricio.valencia', '', '20', 1),
(665, 'MAURO  SANDOVAL HERNANDEZ', '964C', 'M', 'mauro.sandoval', '', '159', 1),
(666, 'MAYRA YESSENIA PALMA GUTIERREZ', '684C', 'F', 'mayra.palma', NULL, '121', 1),
(667, 'MELIDA ASTRID MUÑOZ HERNANDEZ', '803C', 'F', 'melida.munoz', '070d3ebd85611641e2f9af0d2cb3a1a3', '53', 1),
(668, 'MELISSA CRISTINA NERIO ABREGO', '2713', 'F', 'melissa.nerio', '070d3ebd85611641e2f9af0d2cb3a1a3', '19', 1),
(669, 'MELISSA GUADALUPE RAMIREZ RAMOS', '824C', 'F', 'melissa.ramirez', '070d3ebd85611641e2f9af0d2cb3a1a3', '66', 1),
(670, 'MELVIN GIOVANNI ARGUETA ALFARO', '2666', 'M', 'melvin.argueta', '', '108', 1),
(671, 'MELVIN AUCEL PAZ CHAVEZ', '766C', 'M', 'melvin.paz', NULL, '22', 1),
(672, 'MERCEDES SOFIA FIGEAC ', '630C', 'F', 'mercedes.figeac', '', '154', 1),
(673, 'MERCEDES DEL CARMEN NICARAGUA ', '2720', 'F', 'mercedes.nicaragua', '070d3ebd85611641e2f9af0d2cb3a1a3', '19', 1),
(674, 'MERCEDES ELIZABETH TEJADA ', '2581', 'F', 'mercedes.tejada', '', '30', 1),
(675, 'MEXICO JOSE RODRIGUEZ AVELAR', '370C', 'M', 'mexico.rodriguez', '', '123', 1),
(676, 'MIGUEL ANTONIO AREVALO ', '805C', 'M', 'miguel.arevalo', '070d3ebd85611641e2f9af0d2cb3a1a3', '53', 1),
(677, 'MIGUEL ENRIQUE CUELLAR AQUINO', '2854', 'M', 'miguel.cuellar', '070d3ebd85611641e2f9af0d2cb3a1a3', '106', 1),
(678, 'MIGUEL ANGEL GOMEZ GONZALEZ', '966C', 'M', 'miguel.gomez', '070d3ebd85611641e2f9af0d2cb3a1a3', '52', 1),
(679, 'MIGUEL ARMANDO IRAHETA CERROS', '2804', 'M', 'miguel.iraheta', '', '37', 1),
(680, 'MIGUEL ANGEL MENJIVAR HERNANDEZ', '', 'M', 'miguel.menjivar', '', '101', 0),
(681, 'MIGUEL RIGOBERTO PORTILLO GARCIA', '325C', 'M', 'miguel.portillo', '070d3ebd85611641e2f9af0d2cb3a1a3', '65', 1),
(682, 'MIGUEL ALBERTO ZALDAÑA RODAS', '2645', 'M', 'miguel.zaldana', '070d3ebd85611641e2f9af0d2cb3a1a3', '56', 1),
(683, 'MILAGRO CONCEPCION MARTINEZ ', '909C', 'F', 'milagro.martinez', '', '17', 1),
(684, 'MIRIAM ELIZABETH SALVADOR AVILA', '2608', 'F', 'miriam.salvador', '070d3ebd85611641e2f9af0d2cb3a1a3', '65', 1),
(685, 'MIRNA LORENA FLORES ', '2221', 'F', 'mirna.flores', '', '121', 1),
(686, 'MIRNA LISSETTE HERNANDEZ RODRIGUEZ', '2386', 'F', 'mirna.hernandez', '', '107', 1),
(687, 'MOISES ROLANDO MAGAÑA MENENDEZ', '2496', 'M', 'moises.magana', '070d3ebd85611641e2f9af0d2cb3a1a3', '66', 1),
(688, 'NANCY YANIRA ALFARO MARQUEZ', '835C', 'F', 'nancy.alfaro', '070d3ebd85611641e2f9af0d2cb3a1a3', '53', 1),
(689, 'NANCY ELIZABETH GARCIA ROJAS', '2716', 'F', 'nancy.garcia', '', '79', 1),
(690, 'NANCY LISSETH LOPEZ CASTRO', '612C', 'F', 'nancy.lopez', '070d3ebd85611641e2f9af0d2cb3a1a3', '56', 1),
(691, 'NANCY LIZETTE MENCIA PAULER', '2734', 'F', 'nancy.mencia', '', '47', 1),
(692, 'NAPOLEON ERNESTO ESCALANTE RAMOS', '896C', 'M', 'napoleon.escalante', '', '108', 1),
(693, 'NARCISO  SOSA MANCIA', '426C', 'M', 'narciso.sosa', '070d3ebd85611641e2f9af0d2cb3a1a3', '65', 1),
(694, 'NATALIA  GALVAN ', '1545', 'F', 'natalia.galvan', '', '115', 0),
(695, 'NAZIRA NAAMA HERNANDEZ GARCIA', '480C', 'F', 'nazira.hernandez', '070d3ebd85611641e2f9af0d2cb3a1a3', '66', 1),
(696, 'NELLY BEATRIZ ALFARO MENDOZA', '865C', 'F', 'nelly.alfaro', '', '107', 1),
(697, 'NELLY ROXANA AYALA CHICAS', '2860', 'F', 'nelly.ayala', '070d3ebd85611641e2f9af0d2cb3a1a3', '65', 1),
(698, 'NELLY JOSEFINA ESCOBAR ALVARENGA', '2710', 'F', 'nelly.escobar', '070d3ebd85611641e2f9af0d2cb3a1a3', '65', 1),
(699, 'NELSON RICARDO ARGUETA ORTIZ', '701C', 'M', 'nelson.argueta', '7b3aabfbb2582bda845123b6973de0fc', '36', 1),
(700, 'NELSON BENJAMIN MONTENEGRO RUIZ', '2821', 'M', 'nelson.montenegro', '', '76', 1),
(701, 'NELSON ADALBERTO NIEVES MARTINEZ', '628C', 'M', 'nelson.nieves', '827ccb0eea8a706c4c34a16891f84e7b', '16', 1),
(702, 'NELSON ARNOLDO PEREZ PEREZ', '2714', 'M', 'nelson.perez', '070d3ebd85611641e2f9af0d2cb3a1a3', '60', 1),
(703, 'NELSON ENRIQUE PORTILLO MENDEZ', '401C', 'M', 'nelson.portillo', '070d3ebd85611641e2f9af0d2cb3a1a3', '65', 1),
(704, 'NELSON ADAN RAMOS GARCIA', '462C', 'M', 'nelson.ramos', '', '151', 1),
(705, 'NESTOR ELIAS RAMIREZ MENDOZA', '737C', 'M', 'nestor.ramirez', '070d3ebd85611641e2f9af0d2cb3a1a3', '52', 1),
(706, 'NIDIA YAMILETH SOSA CORTEZ', '2728', 'F', 'nidia.sosa', '', '30', 1),
(707, 'NIPSA JOSEFINA QUINTANILLA ORELLANA', '756C', 'F', 'nipsa.quintanilla', '070d3ebd85611641e2f9af0d2cb3a1a3', '152', 1),
(708, 'NOEL ERNESTO LOPEZ MARROQUIN', '885C', 'M', 'noel.lopez', '070d3ebd85611641e2f9af0d2cb3a1a3', '56', 1),
(709, 'NOEMY DEL CARMEN HERNANDEZ ', '2830', 'F', 'noemy.hernandez', '', '22', 1),
(710, 'NORA BEATRIZ ARBIZU TORRES', '728C', 'F', 'nora.arbizu', '', '81', 1),
(711, 'NORA ALICIA HERNANDEZ ', '431C', 'F', 'nora.hernandez', '070d3ebd85611641e2f9af0d2cb3a1a3', '65', 1),
(712, 'NORA DEL CARMEN LOPEZ LAINEZ', '807C', 'F', 'nora.lopez', '', '42', 1),
(713, 'NORMA NANCIBEL CORVERA PEREZ', '2622', 'F', 'norma.corvera', '', '106', 1),
(714, 'NURY RUBIDIA MORALES SALAZAR', '858C', 'F', 'nury.morales', '070d3ebd85611641e2f9af0d2cb3a1a3', '56', 1),
(715, 'ODIR ISRAEL GOMEZ AGUILUZ', '2701', 'M', 'odir.gomez', '070d3ebd85611641e2f9af0d2cb3a1a3', '24', 1),
(716, 'OMAR ALFREDO MORAN GARCIA', '2757', 'M', 'omar.moran', '', '112', 1),
(717, 'ONAN ALFONSO LOPEZ ESPINAL', '615C', 'M', 'onan.lopez', '070d3ebd85611641e2f9af0d2cb3a1a3', '65', 1),
(719, 'ORLANDO  ARIAS SHENTE', '785C', 'M', 'orlando.arias', '070d3ebd85611641e2f9af0d2cb3a1a3', '56', 1),
(720, 'ORLANDO RENATO CAMPOS RODRIGUEZ', '465C', 'M', 'renato.campos', '', '121', 1),
(721, 'OSCAR NELSON CARPIO ', '942C', 'M', 'oscar.carpio', NULL, '78', 1),
(722, 'OSCAR ENRIQUE CASTRO ROSALES', '2620', 'M', 'oscar.castro', NULL, '91', 1),
(723, 'OSCAR ROBERTO CRUZ VENTURA', '2858', 'M', 'oscar.cruz', '070d3ebd85611641e2f9af0d2cb3a1a3', '65', 1),
(724, 'OSCAR GALILEO MENDEZ AYALA', '2531', 'M', 'oscar.mendez', '070d3ebd85611641e2f9af0d2cb3a1a3', '66', 1),
(725, 'OSCAR ARMANDO MORALES ', '927C', 'M', 'oscar.morales', NULL, '35', 1),
(726, 'OSCAR ARMANDO NAVARRO CORNEJO', '464C', 'M', 'oscar.navarro', '070d3ebd85611641e2f9af0d2cb3a1a3', '64', 1),
(727, 'OSCAR ERNESTO RIVAS ALVARADO', '520C', 'M', 'oscar.rivas', '070d3ebd85611641e2f9af0d2cb3a1a3', '66', 1),
(729, 'OSCAR RAMON ROSALES MELENDEZ', '744C', 'M', 'oscar.rosales', NULL, '91', 1),
(730, 'OSCAR OSMIN TURCIOS HERNÁNDEZ', '941C', 'M', 'oscar.turcios', NULL, '78', 1),
(731, 'OSWALDO MARCELINO PEÑA AQUINO', '2657', 'M', 'oswaldo.pena', '070d3ebd85611641e2f9af0d2cb3a1a3', '60', 1),
(732, 'OTONIEL ENRIQUE RIVERA GUTIERREZ', '2652', 'M', 'otoniel.rivera', '070d3ebd85611641e2f9af0d2cb3a1a3', '9', 1),
(733, 'OVIDIO  ZELAYA QUINTANILLA', '2087', 'M', 'ovidio.zelaya', '', '22', 1),
(734, 'PABLO ERNESTO BELTRAN CUESTAS', '921C', 'M', 'pablo.beltran', '', '22', 1),
(736, 'PATRICIA LOURDES ALVARENGA ', '528C', 'F', 'patricia.alvarenga', '070d3ebd85611641e2f9af0d2cb3a1a3', '65', 1),
(737, 'PATRICIA CAROLINA NAVAS ZELEDON', '694C', 'F', 'patricia.navas', '070d3ebd85611641e2f9af0d2cb3a1a3', '14', 1),
(738, 'PATRICIA DEL SOCORRO RAMIREZ ', '2464', 'F', 'patricia.ramirez', NULL, '150', 1),
(739, 'PEDRO SALVADOR ACOSTA BURGOS', '864C', 'M', 'pedro.acosta', NULL, '150', 1),
(740, 'PEDRO MODESTO AGUIRRE PEREZ', '2416', 'M', 'pedro.aguirre', '', '109', 1),
(741, 'PEDRO ANTONIO IZQUIERDO MERINO', '2596', 'M', 'pedro.izquierdo', '070d3ebd85611641e2f9af0d2cb3a1a3', '64', 1),
(742, 'PEDRO EDUARDO MARAVILLA CARRILLO', '586C', 'M', 'pedro.maravilla', NULL, '114', 1),
(743, 'PEDRO  PORTAN DE JESUS', '2203', 'M', 'pedro.portan', '', '77', 1),
(744, 'PEDRO ALEJANDRO RAMOS ESCOBAR', '369C', 'M', 'pedro.ramos', '', '111', 1),
(745, 'PEDRO PABLO VASQUEZ MIRANDA', '2784', 'M', 'pedro.vasquez', '', '21', 1),
(746, 'PEGGY MISCHELLE RIVAS QUINTANILLA', '611C', 'F', 'peggy.rivas', '', '30', 1),
(747, 'RAFAEL ARTURO ALFARO ', '761C', 'M', 'rafael.alfaro', '', '37', 1),
(748, 'RAFAEL AUGUSTO ANCHETA SANTOS', '965C', 'M', 'rafael.ancheta', '070d3ebd85611641e2f9af0d2cb3a1a3', '66', 1),
(749, 'RAFAEL ERNESTO BARAHONA GUTIERREZ', '680C', 'M', 'rafael.barahona', '070d3ebd85611641e2f9af0d2cb3a1a3', '61', 1),
(750, 'RAFAEL ALFONSO CALZADA GARCIA', '509C', 'M', 'rafael.calzada', '', '76', 1),
(751, 'RAFAEL ERNESTO CARDONA MENJIVAR', '2646', 'M', 'rafael.cardona', '', '111', 1),
(752, 'RAFAEL ANTONIO CORTEZ OLIVA', '2777', 'M', 'rafael.cortez', '', '42', 1),
(753, 'RAFAEL ANTONIO ECHEVERRIA QUINTANILLA', '374C', 'M', 'rafael.echeverria', '', '22', 1),
(754, 'RAFAEL ALEXANDER FERRUFINO AREVALO', '764C', 'M', 'rafael.ferrufino', 'f7c855ca0385b2fc4635b2f8fb25c0a3', '114', 1),
(755, 'RAFAEL ANTONIO SIBRIAN VILLACORTA', '2429', 'M', 'rafael.sibrian', '', '22', 1),
(756, 'RAFAEL ANTONIO TURCIOS CALLEJAS', '619C', 'M', 'rafael.turcios', '070d3ebd85611641e2f9af0d2cb3a1a3', '57', 1),
(757, 'RAFAEL ERNESTO ULLOA GOMEZ', '598C', 'M', 'rafael.ulloa', '070d3ebd85611641e2f9af0d2cb3a1a3', '56', 1),
(758, 'RAQUEL MARIA GARCIA ', '378C', 'F', 'raquel.garcia', '070d3ebd85611641e2f9af0d2cb3a1a3', '152', 1),
(759, 'RAUL ERNESTO ROUSSEAU AYALA', '2708', 'M', 'raul.rousseau', NULL, '121', 1),
(760, 'REGINA ALEJANDRA PEREZ MONTANO', '2756', 'F', 'alejandra.montano', '', '1', 1),
(761, 'REMBERTO ANTONIO MARTINEZ LOPEZ', '959C', 'M', 'remberto.martinez', '070d3ebd85611641e2f9af0d2cb3a1a3', '6', 1),
(762, 'REMBERTO ERNESTO REPREZA URQUILLA', '670C', 'M', 'remberto.repreza', '070d3ebd85611641e2f9af0d2cb3a1a3', '60', 1),
(763, 'RENE IVAN BONILLA ', '2706', 'M', 'rene.bonilla', '', '15', 1),
(764, 'RENE MAURICIO CHAVARRIA DIAZ,', '763C', 'M', 'rene.chavarria', '', '30', 1),
(765, 'RENE ADILIO CICILIANO ARANA', '955C', 'M', 'rene.ciciliano', '', '90', 1),
(766, 'RENE WILFREDO FERRUFINO ALCANTARA', '566C', 'M', 'rene.ferrufino', '070d3ebd85611641e2f9af0d2cb3a1a3', '61', 1),
(767, 'RENE ANTONIO FLORES ', '416C', 'M', 'rene.flores', '070d3ebd85611641e2f9af0d2cb3a1a3', '65', 1),
(768, 'RENE DOUGLAS LEON VILLALOBOS', '2529', 'M', 'rene.leon', 'dcb2ab6c920c82d64ede795fda70d8ab', '66', 1),
(769, 'RENE ERNESTO LLORT FERNANDEZ', '904C', 'M', 'rene.llort', '070d3ebd85611641e2f9af0d2cb3a1a3', '81', 1),
(770, 'RENE ROLANDO MELENDEZ RODRIGUEZ', '819C', 'M', 'rene.melendez', '', '22', 1),
(771, 'RENE  REYES ', '954C', 'M', 'rene.reyes', '070d3ebd85611641e2f9af0d2cb3a1a3', '9', 1),
(772, 'REYNA JEANNETTE MEJIA OSORTO', '2749', 'F', 'reyna.mejia', '', '105', 1),
(773, 'REYNA GUADALUPE VELASCO ', '583C', 'F', 'reyna.velasco', '', '154', 1),
(774, 'RICARDO MAURICIO ALFARO LOPEZ', '2823', 'M', 'ricardo.alfaro', '', '90', 1),
(775, 'RICARDO ALBERTO BURGOS HERNANDEZ', '815C', 'M', 'ricardo.burgos', '070d3ebd85611641e2f9af0d2cb3a1a3', '61', 1),
(776, 'RICARDO ANTONIO GRANADOS MEJIA', '843C', 'M', 'ricardo.granados', '070d3ebd85611641e2f9af0d2cb3a1a3', '61', 1),
(777, 'RICARDO SALVADOR HERRERA HIDALGO', '1484', 'M', 'ricardo.herrera', '070d3ebd85611641e2f9af0d2cb3a1a3', '152', 1),
(778, 'RICARDO NEFTALI ORELLANA JUAREZ', '417C', 'M', 'ricardo.orellana', '', '16', 1),
(779, 'RICARDO ROOSEVELT SEGOVIA MENDOZA', '2383', 'M', 'ricardo.segovia', '', '81', 1),
(780, 'RICARDO ANTONIO SORIANO ', '530C', 'M', 'ricardo.soriano', '', '14', 1),
(781, 'RICARDO  VALIENTE GERVACIO', '968C', 'M', 'ricardo.valiente', '070d3ebd85611641e2f9af0d2cb3a1a3', '60', 1),
(782, 'RIGOBERTO SALVADOR VELIS FLORES', '702C', 'M', 'rigoberto.velis', '', '89', 1),
(783, 'ROBERTO TIRSO AGUILAR ZELAYA', '782C', 'M', 'roberto.aguilar', '070d3ebd85611641e2f9af0d2cb3a1a3', '54', 1),
(784, 'ROBERTO CARLOS AYALA ', '969C', 'M', 'roberto.ayala', '070d3ebd85611641e2f9af0d2cb3a1a3', '8', 1),
(785, 'ROBERTO NAPOLEON DAMAS QUEZADA', '2610', 'M', 'roberto.damas', '', '90', 1),
(786, 'ROBERTO ARNOLDO JIMENEZ AGUILERA', '924C', 'M', 'roberto.jimenez', '', '14', 1),
(787, 'ROBERTO SANTOS MELENDEZ GONZALEZ', '947C', 'M', 'roberto.melendez', '', '159', 1),
(788, 'ROBERTO ARNOLDO RIVERA FLORES', '494C', 'M', 'roberto.rivera', '', '125', 1),
(789, 'ROBERTO ALEJANDRO ROSALES ', '2427', 'M', 'roberto.rosales', NULL, '13', 1),
(790, 'ROBERTO DANIEL SOLANO DUBON', '908C', 'M', 'roberto.solano', '', '40', 1),
(791, 'ROBIN ANTONIO MEDINA GARCIA', '2791', 'M', 'robin.medina', '', '108', 1),
(792, 'ROCIO IDAYARI HERRERA KATTAN', '2738', 'F', 'rocio.herrera', '070d3ebd85611641e2f9af0d2cb3a1a3', '56', 1),
(793, 'RODOLFO  AGUILAR SALAZAR', '2772', 'M', 'rodolfo.aguilar', '070d3ebd85611641e2f9af0d2cb3a1a3', '5', 1),
(794, 'RODRIGO ANTONIO ALVARENGA ORELLANA', '2853', 'M', 'rodrigo.alvarenga', '', '37', 1),
(795, 'ROGELIO ANTONIO BOLAÑOS CALDERON', '365C', 'M', 'rogelio.bolanos', '070d3ebd85611641e2f9af0d2cb3a1a3', '66', 1),
(796, 'ROLANDO ALBERTO CARRILLO ', '2783', 'M', 'rolando.carrillo', '', '51', 1),
(797, 'ROLANDO ANTONIO ERROA FLORES', '2761', 'M', 'rolando.erroa', '070d3ebd85611641e2f9af0d2cb3a1a3', '9', 1),
(798, 'ROMAN ENRIQUE CASTILLO VIGIL', '686C', 'M', 'roman.castillo', '827ccb0eea8a706c4c34a16891f84e7b', '90', 1),
(799, 'ROMEL WILFREDO RAMOS SANCHEZ', '2833', 'M', 'romel.ramos', 'd41d8cd98f00b204e9800998ecf8427e', '76', 1),
(800, 'ROMEO ISAAC SORIANO HERNANDEZ', '700C', 'M', 'romeo.soriano', '070d3ebd85611641e2f9af0d2cb3a1a3', '64', 1),
(801, 'RONALD ELENILSON PALACIOS LOVATO', '671C', 'M', 'ronald.palacios', '070d3ebd85611641e2f9af0d2cb3a1a3', '64', 1),
(802, 'RONOEL  VELA CEA', '1577', 'M', 'ronoel.vela', '', '42', 1),
(803, 'ROSA ELIZABETH ESCOBAR ', '2859', 'F', 'rosa.escobar', '070d3ebd85611641e2f9af0d2cb3a1a3', '61', 1),
(804, 'ROSA LILIAN FUENTES ROSALES', '647C', 'F', 'rosa.fuentes', '070d3ebd85611641e2f9af0d2cb3a1a3', '65', 1),
(805, 'ROSA MARIA HERNANDEZ AGUILAR', '2387', 'F', 'maria.hernandez', '', '121', 1),
(806, 'ROSA CRISTABEL MELGAR RIVERA', '849C', 'F', 'rosa.melgar', '070d3ebd85611641e2f9af0d2cb3a1a3', '60', 1),
(807, 'ROSA MARIA RAMIREZ LOPEZ', '2731', 'F', 'rosa.ramirez', '070d3ebd85611641e2f9af0d2cb3a1a3', '19', 1),
(808, 'ROSARIO EUGENIA ALFARO LARA', '2433', 'F', 'rosario.alfaro', '', '43', 1),
(809, 'ROXANA MARISOL DIAZ PINEDA', '2786', 'F', 'roxana.diaz', '', '31', 1),
(810, 'ROXANA ELIZABETH GONZALEZ ', '765C', 'F', 'roxana.gonzalez', '', '22', 1),
(811, 'ROXANA KARINA HENRIQUEZ SARAVIA', '2765', 'F', 'roxana.henriquez', '', '112', 1),
(813, 'ROXANA PATRICIA HERNANDEZ ', '2797', 'F', 'roxana.hernandez', NULL, '155', 1),
(814, 'ROXANA ELIZABETH NIEVES QUIÑONEZ', '524C', 'F', 'roxana.nieves', '', '17', 1),
(815, 'RUBEN EDUARDO CLAROS HERNANDEZ', '900C', 'M', 'ruben.claros', NULL, '43', 1),
(816, 'RUBIDIA ELOISA GUEVARA CASTRO', '2863', 'F', 'rubidia.guevara', '070d3ebd85611641e2f9af0d2cb3a1a3', '58', 1),
(817, 'RUFINO  CANALES MARTINEZ', '827C', 'M', 'rufino.canales', '070d3ebd85611641e2f9af0d2cb3a1a3', '58', 1),
(818, 'RUT NOEMI MUNGUIA ', '2388', 'F', 'rut.munguia', '', '150', 1),
(819, 'RUTH ILIANA AVELAR CERRITOS', '816C', 'F', 'ruth.avelar', '070d3ebd85611641e2f9af0d2cb3a1a3', '65', 1),
(820, 'RUTH NOEMI RODRIGUEZ ESCOBAR', '2806', 'F', 'ruth.rodriguez', 'febdc6bb42167e52cdf0049f826d2551', '122', 1),
(821, 'SALVADOR ANTONIO ANGEL MARROQUIN', '2467', 'M', 'salvador.angel', '', '77', 1),
(822, 'SALVADOR ARMANDO DUARTE JUAREZ', '751C', 'M', 'salvador.duarte', '070d3ebd85611641e2f9af0d2cb3a1a3', '66', 1),
(823, 'SALVADOR ISRAEL FLORES LOPEZ', '752C', 'M', 'salvador.flores', '', '1', 1),
(824, 'SALVADOR  IRAHETA SANTOS', '889C', 'M', 'salvador.iraheta', '561690fc49d240ebb7a969654c3b43ba', '165', 1),
(825, 'SALVADOR EDUARDO LOPEZ CORTEZ', '2370', 'M', 'salvador.lopez', '070d3ebd85611641e2f9af0d2cb3a1a3', '2', 1),
(826, 'SALVADOR  MENDEZ GONZALEZ', '857C', 'M', 'salvador.mendez', '070d3ebd85611641e2f9af0d2cb3a1a3', '66', 1),
(827, 'SALVADOR ALEXANDER MORALES VASQUEZ', '2659', 'M', 'salvador.morales', '', '15', 1),
(828, 'SALVADOR DE JESUS REYES CHAVEZ', '842C', 'M', 'salvador.reyes', '070d3ebd85611641e2f9af0d2cb3a1a3', '65', 1),
(829, 'SAMUEL ERNESTO AGUIÑON HERNANDEZ', '677C', 'M', 'samuel.aguinon', '070d3ebd85611641e2f9af0d2cb3a1a3', '60', 1),
(830, 'SAMUEL ISAI MORAN MASIN', '958C', 'M', 'samuel.moran', '070d3ebd85611641e2f9af0d2cb3a1a3', '61', 1),
(831, 'SANDRA MILAGRO AYALA ALFARO', '620C', 'F', 'sandra.ayala', '070d3ebd85611641e2f9af0d2cb3a1a3', '57', 1),
(832, 'SANDRA LISSETTE FUENTES QUIJANO', '689C', 'F', 'sandra.fuentes', '', '1', 1),
(833, 'SANDRA LETICIA GALDAMEZ BORJA', '2834', 'F', 'sandra.galdamez', '', '76', 1),
(834, 'SANDRA EMELINA MARQUEZ CLAROS', '831C', 'F', 'sandra.marquez', '070d3ebd85611641e2f9af0d2cb3a1a3', '58', 1),
(835, 'SANDRA IVETH MORENO ', '2808', 'F', 'sandra.moreno', '070d3ebd85611641e2f9af0d2cb3a1a3', '66', 1),
(836, 'SANTIAGO OMAR AREVALO ', '2333', 'M', 'santiago.arevalo', '', '15', 1),
(837, 'Sántos Armándo AGUILAR Arévalo', '2222', 'M', 'santos.aguilar', '', '77', 1),
(838, 'SANTOS MARGARITA PALACIOS PINEDA', '838C', 'F', 'santos.palacios', '070d3ebd85611641e2f9af0d2cb3a1a3', '59', 1),
(839, 'SANTOS OSMIN RIVERA BARRERA', '735C', 'M', 'santos.rivera', '070d3ebd85611641e2f9af0d2cb3a1a3', '59', 1),
(840, 'SANTOS ALCIDES RODAS ALVARADO', '971C', 'M', 'santos.rodas', '070d3ebd85611641e2f9af0d2cb3a1a3', '9', 1),
(841, 'SARA ELENA MENA ', '519C', 'F', 'sara.mena', '070d3ebd85611641e2f9af0d2cb3a1a3', '66', 1),
(842, 'SERGIO  DIAZ ORTIZ', '1644', 'M', 'sergio.diaz', '070d3ebd85611641e2f9af0d2cb3a1a3', '61', 1),
(843, 'SILVIA GUADALUPE ELIZONDO ', '753C', 'F', 'silvia.elizondo', '070d3ebd85611641e2f9af0d2cb3a1a3', '56', 1),
(844, 'SILVIA PATRICIA GONZALEZ CORTEZ', '2378', 'F', 'patricia.gonzalez', NULL, '42', 1),
(845, 'SILVIA MARIA MAGAÑA TORRES', '2773', 'F', 'silvia.magana', '', '43', 1),
(846, 'SILVIA LORENA MARTINEZ CONTRERAS', '398C', 'F', 'silvia.martinez', '070d3ebd85611641e2f9af0d2cb3a1a3', '65', 1),
(848, 'SILVIA ELIZABETH OSORIO TORRES', '2632', 'F', 'silvia.osorio', '', '107', 1),
(849, 'SILVIA MARLENE SANTOS MARTINEZ', '760C', 'F', 'silvia.santos', '070d3ebd85611641e2f9af0d2cb3a1a3', '153', 1),
(850, 'SILVIA MARGARITA SEGOVIA GARCIA', '388C', 'F', 'silvia.segovia', '', '43', 1),
(851, 'SINDY CORINA VASQUEZ FLORES', '589C', 'F', 'sindy.vasquez', '', '79', 1),
(852, 'SIR MARITZA MIRANDA ', '2353', 'F', 'sir.miranda', '', '81', 1),
(853, 'SIXTO  SARAVIA ', '513C', 'M', 'sixto.saravia', '', '91', 1),
(854, 'SOFIA BEATRIZ CRUZ MENA', '383C', 'F', 'sofia.cruz', '', '89', 1),
(855, 'SONIA EVELYN CUADRA ', '732C', 'F', 'sonia.cuadra', '', '77', 1),
(856, 'SONIA ESMERALDA GAMEZ ', '536C', 'F', 'sonia.gamez', '', '89', 1),
(857, 'SONIA GUADALUPE LARIN ', '2385', 'F', 'sonia.larin', NULL, '60', 1),
(858, 'SONIA MIRNA OSEGUEDA MARTINEZ', '2678', 'F', 'sonia.osegueda', '', '21', 1),
(859, 'SONIA DAYSI PEREZ VELASCO', '484C', 'F', 'sonia.perez', '', '125', 1),
(860, 'SONIA ESPERANZA VASQUEZ ', '2574', 'F', 'sonia.vasquez', '070d3ebd85611641e2f9af0d2cb3a1a3', '66', 1),
(861, 'SULMA LORENA QUINTANILLA ', '493C', 'F', 'sulma.quintanilla', '070d3ebd85611641e2f9af0d2cb3a1a3', '152', 1),
(862, 'SUSANA ALTAGRACIA CRUZ ', '2857', 'F', 'susana.cruz', '', '22', 1),
(863, 'SUSANA MARINA HUEZO MACHUCA', '705C', 'F', 'susana.huezo', NULL, '86', 1),
(864, 'TATIANA LISSETTE HERRERA ', '531C', 'F', 'tatiana.herrera', '', '86', 1),
(865, 'TITO DEMAR GARCIA ECHEVERRIA', '2575', 'M', 'tito.garcia', '', '111', 1),
(866, 'TULIA AMINTA MONTOYA ', '2466', 'F', 'tulia.montoya', NULL, '36', 1),
(867, 'VERONICA GUADALUPE MACHADO ', '472C', 'F', 'veronica.machado', '', '30', 1),
(868, 'VERONICA RAQUEL ROJAS ALFARO', '911C', 'F', 'veronica.rojas', '827ccb0eea8a706c4c34a16891f84e7b', '108', 1),
(869, 'VICTOR MANUEL CANALES LAZO', '402C', 'M', 'victor.canales', '070d3ebd85611641e2f9af0d2cb3a1a3', '65', 1),
(870, 'VICTOR MANUEL GARCIA ', '2789', 'M', 'victor.garcia', NULL, '52', 1),
(871, 'VICTOR MANUEL VALDIVIEZO MURCIA', '985C', 'M', 'victor.valdiviezo', '070d3ebd85611641e2f9af0d2cb3a1a3', '9', 1),
(872, 'VICTOR  YANEZ ', '905C', 'M', 'victor.yanez', '', '36', 1),
(873, 'VICTORIANO  REYES RAMIREZ', '832C', 'M', 'victoriano.reyes', '070d3ebd85611641e2f9af0d2cb3a1a3', '58', 1),
(874, 'VILMA EDUVIGES FLORES FLORES', '560C', 'F', 'vilma.flores', '070d3ebd85611641e2f9af0d2cb3a1a3', '57', 1),
(875, 'VILMA PATRICIA RUANO PADILLA', '891C', 'F', 'vilma.ruano', '070d3ebd85611641e2f9af0d2cb3a1a3', '60', 1),
(876, 'VIOLETA GUADALUPE MENJIVAR ', '460C', 'F', 'violeta.menjivar', '', '21', 1),
(877, 'VIRGILIO  UMANZOR ESCOBAR', '2535', 'M', 'virgilio.umanzor', '', '111', 1),
(878, 'WALTER OLIVER SANCHEZ VILLATORO', '940C', 'M', 'walter.sanchez', '070d3ebd85611641e2f9af0d2cb3a1a3', '156', 1),
(879, 'WENDY MARGARITA VALENCIA ', '558C', 'F', 'wendy.valencia', '070d3ebd85611641e2f9af0d2cb3a1a3', '66', 1),
(880, 'WENSESLAO  CASTILLO SARAVIA', '542C', 'M', 'wenseslao.castillo', '070d3ebd85611641e2f9af0d2cb3a1a3', '66', 1),
(881, 'WILFREDO  GUARDADO ALAS', '781C', 'M', 'wilfredo.guardado', '070d3ebd85611641e2f9af0d2cb3a1a3', '54', 1),
(882, 'WILFREDO DE JESUS MENDEZ MARTINEZ', '698C', 'M', 'wilfredo.mendez', '070d3ebd85611641e2f9af0d2cb3a1a3', '61', 1),
(883, 'WILFREDO ALEXANDER RIVERA MEZA', '569C', 'M', 'wilfredo.rivera', '070d3ebd85611641e2f9af0d2cb3a1a3', '61', 1),
(884, 'WILLIAM DAVID FLORES GARCIA', '2828', 'M', 'william.flores', 'de8c24fa5699db37235f9f167c109d24', '90', 1),
(885, 'XENIA PATRICIA CLAROS CACERES', '919C', 'F', 'xenia.claros', NULL, '40', 1),
(886, 'XIOMARA CLARIBEL MERINO MELGAR', '534C', 'F', 'xiomara.merino', NULL, '43', 1),
(887, 'XIOMARA ANGELICA VEGA LOPEZ', '2778', 'F', 'xiomara.vega', '', '42', 1),
(888, 'XOCHIL VERENICE GALLO ', '704C', 'F', 'xochil.gallo', '070d3ebd85611641e2f9af0d2cb3a1a3', '57', 1),
(889, 'YADER ORLANDO ORELLANA PERDOMO', '499C', 'M', 'yader.orellana', '070d3ebd85611641e2f9af0d2cb3a1a3', '61', 1),
(890, 'YANIRA BEATRIZ ALFARO ', '2809', 'F', 'yanira.alfaro', '070d3ebd85611641e2f9af0d2cb3a1a3', '155', 1),
(891, 'YAZMIN LISSETTE CHINCHILLA ', '2819', 'F', 'yazmin.chinchilla', '', '42', 1),
(893, 'YENI ELIZABETH SOSA ', '847C', 'F', 'yeni.sosa', '070d3ebd85611641e2f9af0d2cb3a1a3', '60', 1),
(894, 'YENY BANESSA GARCIA REYES', '2613', 'F', 'yeny.garcia', '', '100', 1),
(895, 'YESSICA VIRGINIA FUENTES MARTINEZ', '868C', 'F', 'yessica.fuentes', '070d3ebd85611641e2f9af0d2cb3a1a3', '58', 1),
(896, 'YOBANY ARISTIDES ALVARADO CHICAS', '823C', 'M', 'yobany.alvarado', '070d3ebd85611641e2f9af0d2cb3a1a3', '60', 1),
(897, 'YOLANDA DEL CARMEN DUEÑAS FIGUEROA', '982C', 'F', 'yolanda.duenas', '827ccb0eea8a706c4c34a16891f84e7b', '36', 1),
(898, 'YONH FIGERALD HERNANDEZ MIRANDA', '2012', 'M', 'yonh.hernandez', '', '76', 1),
(899, 'YONI DANIEL AQUINO URIAS', '2755', 'M', 'yoni.aquino', '', '78', 1),
(900, 'YURI OMAR GOMEZ PERLA', '906C', 'M', 'yuri.gomez', '070d3ebd85611641e2f9af0d2cb3a1a3', '156', 1),
(901, 'ZAIRA YANIRA RODRIGUEZ SANCHEZ', '2829', 'F', 'zaira.rodriguez', '', '22', 1),
(902, 'ZULMA JUDITH GARCIA AMAYA', '610C', 'F', 'zulma.garcia', '', '114', 1),
(903, 'MARIA GUALDALUPE TORRES HENRIQUEZ', '2871', 'F', 'maria.torres', '', '1', 1),
(904, 'ANA DE LOUCEL', '2380', 'F', 'ana.loucel', '', '107', 1),
(905, 'AURA EVELIN RIVERA URSULA', '991C', 'F', 'aura.rivera', '', '116', 1),
(906, 'IRMA PATRICIA IRAHETA CRUZ', '992C', 'F', 'irma.iraheta', NULL, '39', 1),
(907, 'ANA FLOR GARCIA SORTO', '993C', 'F', 'ana.sorto', '', '112', 0),
(908, 'JULIO CESAR  PALACIOS', '639C', 'M', 'julio.palacios', '070d3ebd85611641e2f9af0d2cb3a1a3', '16', 1),
(909, 'SANDRA EDIBEL GUEVARA PEREZ', '2874', 'F', 'sandra.guevara', '', '34', 1),
(910, 'WALTER DE JESUS ZUNIGA REYES', '994C', 'M', 'walter.zuniga', '', '1', 1),
(911, 'VLADIMIR STALIN MARCIANO MELENDEZ', '2885', 'M', 'vladimir.marciano', '', '30', 1),
(912, 'EDUARDO ANTONIO  PEREZ RODRIGUEZ ', '2894', 'M', 'eduardo.perez', NULL, '107', 1),
(913, 'SARA MARIA  MENDOZA ACOSTA ', '2875', 'F', 'sara.mendoza', NULL, '40', 1),
(914, 'AGUSTINA BEATRIZ  DE PAUL FLORES ', '997C', 'F', 'beatriz.depaul', NULL, '40', 1),
(915, 'JOSELINE ISAMAR  FERNANDEZ GAMERO', '2890', 'F', 'joseline.fernandez', NULL, '1', 1),
(916, 'HERBERT ALEXANDER  LOBATO ELIAS', '2893', 'M', 'herbert.lobato', '827ccb0eea8a706c4c34a16891f84e7b', '112', 1),
(917, 'CARMEN ELENA  SIBRIAN  DE JOYA', '2947', 'F', 'carmen.sibrian', '070d3ebd85611641e2f9af0d2cb3a1a3', '37', 1),
(918, 'GILMA YESENIA  PALACIOS  DE BRITO', '2911', 'F', 'gilma.palacios', NULL, '37', 1),
(919, 'SILVIA IRENE  PEREZ ARCE ', '2889', 'F', 'silvia.perez', '827ccb0eea8a706c4c34a16891f84e7b', '177', 1),
(920, 'CARMEN VERALIZ  VELASQUEZ SANCHEZ ', '2942', 'F', 'veraliz.velasquez', NULL, '37', 1),
(921, 'ELIAZAR OMAR  GALDAMEZ GUERRA ', '2943', 'M', 'eliazar.galdamez', '070d3ebd85611641e2f9af0d2cb3a1a3', '37', 1),
(922, 'CLAUDIA MARLENE  AYALA PANAMEÃ‘O ', '2912', 'F', 'claudia.ayala', '070d3ebd85611641e2f9af0d2cb3a1a3', '150', 1),
(923, 'PATRICIA YANETH  NAJERA  ', '2945', 'F', 'patricia.najera', '070d3ebd85611641e2f9af0d2cb3a1a3', '150', 1),
(924, 'BIANCA PAMELA  MORALES GUTIERREZ ', '2946', 'F', 'bianca.morales', '070d3ebd85611641e2f9af0d2cb3a1a3', '37', 1),
(925, 'CESAR ALBERTO  CASTRO RAMOS ', '2944', 'M', 'cesar.castro', '070d3ebd85611641e2f9af0d2cb3a1a3', '37', 1),
(926, 'JOSÉ RENE GRANDE LEMUS ', '768C', 'M', 'jose.grande', NULL, '90', 1),
(927, 'BLANCA AZUCENA CANIZALES ORTIZ', '2892', 'F', 'blanca.canizales', NULL, '121', 1),
(928, 'ERICKA ASTRID SERRANO FLAMENCO', '2891', 'F', 'ericka.serrano', NULL, '116', 1),
(929, 'ANA YANCY GARCÍA HERRERA', '2957', 'F', 'ana.garcia', NULL, '116', 1),
(930, 'TALIA IVETTE CHICAS SANCHEZ', '2895', 'F', 'talia.chicas', NULL, '64', 1),
(932, 'DOUGLAS ESAÚ  RECINOS VELA ', '2454', '00001', 'douglas.recinos', '1df6b38df5d989e87ed053ddc5a099bf', '163', 0),
(933, 'WILLIAN ERNESTO  RIVERA GUERRERO ', '1234', '00001', 'willian.rivera', '785007b53e1e92f37169d1551fae2e79', '163', 1),
(934, 'PAZ ELISA  ALVARADO ZEPEDA ', '8784', '00002', 'paz.alvarado', 'b9dd7dec8201d01ba274db91fbb5e280', '163', 1);

-- --------------------------------------------------------

--
-- Estructura de tabla para la tabla `org_usuario_rol`
--

CREATE TABLE `org_usuario_rol` (
  `id_usuario_rol` int(10) UNSIGNED NOT NULL,
  `id_usuario` int(10) UNSIGNED DEFAULT NULL,
  `id_rol` int(10) UNSIGNED DEFAULT NULL
) ENGINE=InnoDB DEFAULT CHARSET=latin1;

--
-- Volcado de datos para la tabla `org_usuario_rol`
--

INSERT INTO `org_usuario_rol` (`id_usuario_rol`, `id_usuario`, `id_rol`) VALUES
(2, 2, 1),
(5, 5, 1),
(9, 9, 5),
(11, 11, 5),
(12, 12, 5),
(13, 13, 7),
(20, 21, 5),
(24, 23, 12),
(27, 24, 13),
(28, 25, 13),
(30, 27, 13),
(31, 28, 13),
(32, 29, 13),
(34, 31, 13),
(35, 32, 13),
(36, 33, 13),
(37, 34, 13),
(38, 35, 13),
(39, 36, 13),
(40, 37, 13),
(41, 38, 13),
(42, 39, 13),
(43, 40, 13),
(44, 41, 13),
(45, 42, 13),
(46, 43, 13),
(47, 44, 13),
(48, 45, 13),
(51, 48, 13),
(53, 50, 13),
(54, 51, 13),
(55, 52, 13),
(57, 54, 13),
(58, 55, 13),
(59, 56, 13),
(60, 57, 13),
(61, 58, 13),
(62, 59, 13),
(63, 60, 13),
(66, 63, 13),
(67, 64, 13),
(68, 65, 13),
(70, 67, 13),
(71, 68, 13),
(72, 69, 13),
(74, 71, 13),
(75, 72, 13),
(77, 74, 13),
(78, 75, 13),
(79, 76, 13),
(81, 78, 13),
(82, 79, 13),
(83, 80, 13),
(85, 82, 13),
(89, 86, 13),
(90, 87, 13),
(91, 88, 13),
(92, 89, 13),
(93, 90, 13),
(95, 92, 13),
(96, 93, 13),
(97, 94, 13),
(98, 95, 13),
(99, 96, 13),
(100, 97, 13),
(101, 98, 13),
(103, 100, 13),
(104, 101, 13),
(105, 103, 13),
(106, 104, 13),
(107, 105, 13),
(108, 106, 13),
(109, 107, 13),
(110, 108, 13),
(113, 111, 13),
(114, 112, 13),
(115, 113, 13),
(116, 114, 13),
(120, 118, 13),
(121, 119, 13),
(122, 120, 13),
(123, 121, 13),
(124, 122, 13),
(125, 123, 13),
(126, 124, 13),
(127, 125, 13),
(128, 127, 13),
(129, 128, 13),
(130, 129, 13),
(131, 130, 13),
(132, 131, 13),
(133, 132, 13),
(134, 133, 13),
(135, 134, 13),
(136, 135, 13),
(138, 137, 13),
(141, 140, 13),
(142, 141, 13),
(143, 142, 13),
(144, 143, 13),
(145, 144, 13),
(146, 145, 13),
(147, 146, 13),
(149, 148, 13),
(151, 150, 13),
(152, 151, 13),
(153, 152, 13),
(154, 153, 13),
(157, 156, 13),
(158, 157, 13),
(159, 158, 13),
(160, 159, 13),
(161, 160, 13),
(162, 161, 13),
(163, 162, 13),
(164, 163, 13),
(166, 165, 13),
(168, 167, 13),
(169, 168, 13),
(170, 169, 13),
(171, 170, 13),
(172, 171, 13),
(173, 172, 13),
(174, 173, 13),
(176, 175, 13),
(177, 176, 13),
(178, 177, 13),
(179, 178, 13),
(180, 179, 13),
(181, 180, 13),
(182, 181, 13),
(183, 182, 13),
(184, 183, 13),
(185, 184, 13),
(187, 186, 13),
(188, 187, 13),
(189, 188, 13),
(190, 189, 13),
(191, 190, 13),
(192, 191, 13),
(193, 192, 13),
(194, 193, 13),
(195, 194, 13),
(196, 195, 13),
(197, 196, 13),
(198, 197, 13),
(199, 198, 13),
(200, 199, 13),
(201, 200, 13),
(202, 201, 13),
(203, 202, 13),
(204, 203, 13),
(209, 208, 13),
(210, 209, 13),
(211, 210, 13),
(212, 211, 13),
(213, 212, 13),
(216, 215, 13),
(217, 216, 13),
(218, 217, 13),
(219, 218, 13),
(220, 219, 13),
(222, 221, 13),
(223, 222, 13),
(224, 223, 13),
(226, 226, 13),
(227, 227, 13),
(229, 229, 13),
(230, 230, 13),
(231, 231, 13),
(234, 234, 13),
(236, 236, 13),
(237, 237, 13),
(239, 239, 13),
(241, 241, 13),
(242, 242, 13),
(243, 244, 13),
(244, 245, 13),
(245, 246, 13),
(246, 247, 13),
(247, 248, 13),
(251, 252, 13),
(252, 253, 13),
(253, 255, 13),
(254, 256, 13),
(255, 257, 13),
(256, 258, 13),
(258, 260, 13),
(259, 261, 13),
(260, 262, 13),
(261, 263, 13),
(263, 265, 13),
(264, 266, 13),
(265, 267, 13),
(266, 268, 13),
(268, 270, 13),
(269, 271, 13),
(270, 272, 13),
(271, 273, 13),
(272, 274, 13),
(273, 275, 13),
(274, 276, 13),
(275, 277, 13),
(276, 278, 13),
(277, 279, 13),
(278, 280, 13),
(280, 282, 13),
(281, 283, 13),
(282, 284, 13),
(283, 285, 13),
(284, 286, 13),
(285, 287, 13),
(286, 288, 13),
(287, 289, 13),
(290, 292, 13),
(291, 293, 13),
(292, 294, 13),
(293, 295, 13),
(294, 296, 13),
(296, 298, 13),
(297, 299, 13),
(298, 300, 13),
(300, 302, 13),
(301, 303, 13),
(303, 305, 13),
(304, 306, 13),
(305, 307, 13),
(306, 308, 13),
(308, 310, 13),
(310, 312, 13),
(311, 313, 13),
(312, 314, 13),
(313, 315, 13),
(314, 316, 13),
(315, 317, 13),
(316, 318, 13),
(317, 319, 13),
(318, 320, 40),
(319, 321, 13),
(321, 323, 13),
(323, 325, 13),
(324, 326, 13),
(325, 327, 13),
(326, 328, 13),
(327, 329, 13),
(329, 331, 13),
(330, 332, 13),
(331, 333, 13),
(333, 335, 13),
(334, 337, 13),
(335, 338, 13),
(336, 339, 13),
(337, 340, 13),
(338, 341, 13),
(339, 342, 13),
(340, 343, 13),
(341, 344, 13),
(343, 346, 13),
(345, 348, 13),
(346, 349, 13),
(347, 350, 13),
(349, 352, 13),
(350, 353, 13),
(351, 354, 13),
(353, 356, 13),
(354, 357, 13),
(355, 358, 13),
(356, 359, 13),
(357, 360, 13),
(359, 362, 13),
(361, 365, 13),
(362, 366, 13),
(363, 367, 13),
(364, 368, 13),
(365, 369, 13),
(367, 371, 13),
(368, 372, 13),
(369, 373, 13),
(370, 374, 13),
(372, 376, 13),
(374, 378, 13),
(375, 379, 13),
(376, 380, 13),
(377, 381, 13),
(378, 382, 13),
(379, 383, 13),
(380, 385, 13),
(381, 386, 13),
(382, 387, 13),
(383, 388, 13),
(384, 389, 13),
(385, 390, 13),
(386, 391, 13),
(387, 392, 13),
(390, 395, 13),
(391, 396, 13),
(392, 397, 13),
(394, 400, 13),
(395, 401, 13),
(396, 402, 13),
(397, 403, 13),
(398, 404, 13),
(399, 405, 13),
(400, 406, 13),
(401, 407, 13),
(402, 408, 13),
(404, 410, 13),
(405, 411, 13),
(406, 412, 13),
(407, 413, 13),
(408, 414, 13),
(409, 415, 13),
(410, 416, 13),
(412, 418, 13),
(413, 419, 13),
(414, 420, 13),
(415, 421, 13),
(416, 422, 13),
(417, 423, 13),
(419, 425, 13),
(420, 426, 13),
(421, 427, 13),
(422, 428, 13),
(423, 429, 13),
(424, 430, 13),
(425, 431, 13),
(426, 432, 13),
(427, 433, 13),
(428, 434, 13),
(430, 436, 13),
(431, 437, 13),
(432, 438, 13),
(433, 439, 13),
(434, 440, 13),
(435, 441, 13),
(436, 442, 13),
(437, 443, 13),
(438, 444, 13),
(439, 445, 13),
(440, 446, 13),
(442, 448, 13),
(443, 449, 13),
(445, 451, 13),
(447, 453, 13),
(448, 454, 13),
(451, 457, 13),
(452, 458, 13),
(453, 459, 13),
(454, 460, 13),
(455, 461, 13),
(456, 462, 13),
(457, 463, 13),
(458, 464, 13),
(459, 465, 13),
(460, 466, 13),
(461, 467, 13),
(463, 469, 13),
(464, 470, 13),
(465, 471, 13),
(466, 472, 13),
(468, 474, 13),
(469, 475, 13),
(470, 476, 13),
(471, 477, 13),
(472, 478, 13),
(473, 479, 13),
(474, 480, 13),
(475, 481, 13),
(476, 482, 13),
(477, 483, 13),
(478, 484, 13),
(481, 487, 13),
(482, 488, 13),
(484, 490, 13),
(485, 491, 13),
(486, 492, 13),
(488, 494, 13),
(489, 495, 13),
(490, 496, 13),
(491, 497, 13),
(492, 498, 13),
(493, 499, 13),
(494, 500, 13),
(495, 501, 13),
(497, 503, 13),
(498, 504, 13),
(499, 505, 13),
(501, 507, 13),
(503, 509, 13),
(504, 510, 13),
(507, 513, 13),
(509, 515, 13),
(510, 516, 13),
(511, 517, 13),
(513, 519, 13),
(514, 520, 13),
(515, 521, 13),
(516, 522, 13),
(517, 523, 13),
(518, 524, 13),
(521, 528, 13),
(522, 529, 13),
(523, 530, 13),
(524, 531, 13),
(526, 533, 13),
(527, 534, 13),
(528, 535, 13),
(530, 537, 13),
(531, 538, 13),
(532, 539, 13),
(534, 541, 13),
(535, 542, 13),
(538, 545, 13),
(539, 546, 13),
(540, 547, 13),
(541, 548, 13),
(543, 550, 13),
(544, 551, 13),
(545, 552, 13),
(546, 553, 13),
(548, 555, 13),
(549, 556, 13),
(551, 558, 13),
(552, 559, 13),
(553, 560, 13),
(554, 561, 13),
(555, 562, 13),
(556, 563, 13),
(557, 564, 13),
(558, 565, 13),
(560, 567, 13),
(561, 568, 13),
(562, 569, 13),
(565, 572, 13),
(566, 573, 13),
(567, 574, 13),
(568, 575, 13),
(569, 576, 13),
(570, 577, 13),
(572, 579, 13),
(573, 580, 13),
(574, 581, 13),
(575, 582, 13),
(576, 583, 13),
(577, 584, 13),
(578, 585, 13),
(579, 586, 13),
(580, 587, 13),
(581, 588, 13),
(582, 589, 13),
(584, 591, 13),
(585, 592, 13),
(586, 593, 13),
(587, 594, 13),
(588, 596, 13),
(589, 597, 13),
(590, 598, 13),
(591, 600, 13),
(592, 601, 13),
(595, 604, 13),
(596, 605, 13),
(597, 606, 13),
(598, 607, 13),
(599, 608, 13),
(600, 609, 13),
(601, 610, 13),
(602, 611, 13),
(603, 612, 13),
(604, 613, 13),
(605, 614, 13),
(606, 615, 13),
(607, 616, 13),
(608, 617, 13),
(609, 618, 13),
(610, 619, 13),
(612, 621, 13),
(613, 622, 13),
(614, 623, 13),
(615, 624, 13),
(616, 625, 13),
(617, 626, 13),
(618, 627, 13),
(620, 629, 13),
(621, 630, 13),
(622, 631, 13),
(623, 632, 13),
(624, 633, 13),
(625, 634, 13),
(626, 635, 13),
(627, 636, 13),
(628, 637, 13),
(631, 640, 13),
(632, 641, 13),
(633, 642, 13),
(634, 643, 13),
(635, 644, 13),
(636, 645, 13),
(637, 646, 13),
(638, 647, 13),
(639, 648, 13),
(641, 650, 13),
(642, 651, 13),
(645, 654, 13),
(646, 655, 13),
(647, 656, 13),
(648, 657, 13),
(649, 658, 13),
(650, 659, 13),
(651, 660, 13),
(652, 661, 13),
(653, 662, 13),
(655, 664, 13),
(656, 665, 13),
(657, 666, 13),
(658, 667, 13),
(660, 669, 13),
(661, 670, 13),
(662, 671, 13),
(663, 672, 13),
(664, 673, 13),
(665, 674, 13),
(666, 675, 13),
(669, 678, 13),
(671, 680, 13),
(672, 681, 13),
(673, 682, 13),
(674, 683, 13),
(675, 684, 13),
(676, 685, 13),
(677, 686, 13),
(678, 687, 13),
(679, 688, 13),
(680, 689, 13),
(681, 690, 13),
(682, 691, 13),
(683, 692, 13),
(684, 693, 13),
(685, 694, 13),
(686, 695, 13),
(688, 697, 13),
(689, 698, 13),
(691, 700, 13),
(693, 702, 13),
(694, 703, 13),
(695, 704, 13),
(699, 708, 13),
(700, 709, 13),
(701, 710, 13),
(702, 711, 13),
(704, 713, 13),
(705, 714, 13),
(706, 715, 13),
(707, 716, 13),
(708, 717, 13),
(709, 718, 13),
(712, 721, 13),
(713, 722, 13),
(715, 724, 13),
(716, 725, 13),
(717, 726, 13),
(718, 727, 13),
(719, 729, 13),
(720, 730, 13),
(722, 732, 13),
(723, 733, 13),
(724, 734, 13),
(725, 736, 13),
(727, 738, 13),
(729, 740, 13),
(730, 741, 13),
(731, 742, 13),
(732, 743, 13),
(733, 744, 13),
(735, 746, 13),
(736, 747, 13),
(737, 748, 13),
(738, 749, 13),
(739, 750, 13),
(740, 751, 13),
(742, 753, 13),
(744, 755, 13),
(745, 756, 13),
(746, 757, 13),
(748, 759, 13),
(750, 761, 13),
(751, 762, 13),
(752, 763, 13),
(753, 764, 13),
(754, 765, 13),
(755, 766, 13),
(756, 767, 13),
(759, 770, 13),
(760, 771, 13),
(761, 772, 13),
(763, 774, 13),
(764, 775, 13),
(765, 776, 13),
(768, 779, 13),
(769, 780, 13),
(770, 781, 13),
(771, 782, 13),
(772, 783, 13),
(773, 784, 13),
(774, 785, 13),
(775, 786, 13),
(776, 787, 13),
(777, 788, 13),
(778, 789, 13),
(779, 790, 13),
(780, 791, 13),
(781, 792, 13),
(782, 793, 13),
(783, 794, 13),
(784, 795, 13),
(785, 796, 13),
(786, 797, 13),
(790, 801, 13),
(791, 802, 13),
(792, 803, 13),
(793, 804, 13),
(794, 805, 13),
(795, 806, 13),
(797, 808, 13),
(798, 809, 13),
(799, 810, 13),
(800, 811, 13),
(801, 812, 13),
(803, 814, 13),
(804, 815, 13),
(805, 816, 13),
(807, 818, 13),
(808, 819, 13),
(810, 821, 13),
(811, 822, 13),
(812, 823, 13),
(815, 826, 13),
(816, 827, 13),
(817, 828, 13),
(819, 830, 13),
(820, 831, 13),
(821, 832, 13),
(822, 833, 13),
(823, 834, 13),
(824, 835, 13),
(825, 836, 13),
(826, 837, 13),
(827, 838, 13),
(828, 839, 13),
(829, 840, 13),
(830, 841, 13),
(833, 844, 13),
(834, 845, 13),
(835, 846, 13),
(836, 848, 13),
(839, 851, 13),
(840, 852, 13),
(841, 853, 13),
(842, 854, 13),
(843, 855, 13),
(844, 856, 13),
(845, 857, 13),
(846, 858, 13),
(847, 859, 13),
(848, 860, 13),
(850, 862, 13),
(851, 863, 13),
(852, 864, 13),
(853, 865, 13),
(855, 867, 13),
(857, 869, 13),
(858, 870, 13),
(860, 872, 13),
(861, 873, 13),
(862, 874, 13),
(863, 875, 13),
(864, 876, 13),
(865, 877, 13),
(867, 879, 13),
(868, 880, 13),
(869, 881, 13),
(870, 882, 13),
(871, 883, 13),
(872, 884, 13),
(873, 885, 13),
(876, 888, 13),
(877, 889, 13),
(879, 891, 13),
(880, 892, 13),
(881, 893, 13),
(883, 895, 13),
(884, 896, 13),
(886, 898, 13),
(887, 899, 13),
(889, 901, 13),
(893, 5, 13),
(914, 790, 15),
(921, 631, 15),
(922, 845, 15),
(923, 617, 15),
(924, 288, 15),
(925, 465, 15),
(928, 63, 15),
(929, 674, 15),
(930, 92, 15),
(931, 609, 15),
(932, 171, 15),
(933, 522, 15),
(934, 271, 15),
(935, 202, 15),
(936, 521, 15),
(937, 548, 15),
(938, 666, 15),
(940, 50, 15),
(942, 197, 15),
(946, 751, 15),
(948, 827, 15),
(949, 410, 15),
(951, 298, 15),
(955, 421, 15),
(956, 729, 15),
(957, 137, 15),
(961, 405, 15),
(962, 664, 15),
(965, 129, 15),
(968, 426, 15),
(969, 411, 15),
(970, 412, 15),
(972, 872, 15),
(973, 276, 15),
(974, 802, 15),
(975, 661, 15),
(976, 471, 15),
(977, 438, 15),
(980, 475, 15),
(981, 333, 15),
(982, 221, 15),
(983, 38, 15),
(984, 767, 15),
(985, 310, 15),
(986, 150, 15),
(987, 296, 15),
(991, 646, 15),
(992, 268, 15),
(993, 874, 15),
(994, 203, 15),
(995, 356, 15),
(996, 397, 15),
(997, 780, 16),
(998, 786, 16),
(1000, 779, 16),
(1001, 270, 16),
(1002, 76, 16),
(1003, 550, 16),
(1005, 406, 16),
(1006, 835, 16),
(1007, 575, 16),
(1008, 183, 16),
(1009, 680, 16),
(1011, 12, 16),
(1012, 584, 16),
(1013, 372, 16),
(1014, 258, 16),
(1015, 320, 16),
(1016, 457, 16),
(1017, 5, 16),
(1018, 495, 16),
(1020, 111, 16),
(1021, 335, 16),
(1022, 23, 16),
(1023, 791, 16),
(1024, 670, 16),
(1025, 168, 16),
(1026, 505, 16),
(1028, 114, 16),
(1029, 43, 16),
(1030, 13, 16),
(1032, 809, 16),
(1033, 60, 16),
(1034, 451, 16),
(1038, 722, 16),
(1039, 9, 16),
(1040, 660, 16),
(1041, 201, 16),
(1042, 449, 16),
(1047, 591, 16),
(1048, 740, 16),
(1049, 659, 16),
(1050, 573, 16),
(1051, 494, 16),
(1054, 519, 16),
(1055, 275, 16),
(1057, 132, 16),
(1059, 82, 16),
(1060, 579, 16),
(1061, 267, 16),
(1062, 332, 16),
(1063, 253, 16),
(1065, 303, 16),
(1066, 567, 16),
(1067, 34, 16),
(1068, 504, 16),
(1069, 764, 16),
(1070, 553, 16),
(1072, 815, 16),
(1073, 226, 16),
(1074, 588, 16),
(1075, 589, 16),
(1076, 277, 16),
(1077, 107, 16),
(1078, 108, 16),
(1079, 133, 16),
(1080, 788, 16),
(1081, 430, 16),
(1082, 577, 16),
(1083, 265, 16),
(1084, 530, 16),
(1085, 498, 16),
(1086, 823, 16),
(1088, 759, 16),
(1089, 657, 16),
(1090, 454, 16),
(1091, 293, 16),
(1092, 348, 16),
(1093, 121, 16),
(1094, 69, 16),
(1095, 209, 16),
(1096, 260, 16),
(1098, 513, 16),
(1099, 200, 16),
(1100, 546, 16),
(1101, 167, 16),
(1102, 713, 16),
(1104, 239, 16),
(1105, 656, 16),
(1107, 161, 16),
(1110, 650, 16),
(1111, 35, 16),
(1112, 241, 16),
(1115, 848, 16),
(1116, 55, 16),
(1117, 686, 16),
(1118, 607, 16),
(1119, 248, 16),
(1122, 673, 16),
(1123, 266, 16),
(1124, 94, 16),
(1125, 672, 16),
(1126, 328, 16),
(1128, 562, 16),
(1130, 645, 16),
(1131, 531, 16),
(1132, 367, 16),
(1134, 808, 16),
(1135, 187, 16),
(1136, 533, 16),
(1137, 859, 16),
(1138, 746, 16),
(1139, 695, 16),
(1140, 582, 16),
(1141, 172, 16),
(1143, 891, 16),
(1144, 371, 16),
(1145, 272, 16),
(1146, 257, 16),
(1147, 863, 16),
(1148, 683, 16),
(1149, 814, 16),
(1150, 175, 16),
(1151, 208, 16),
(1152, 340, 16),
(1153, 864, 16),
(1154, 176, 16),
(1155, 555, 16),
(1156, 832, 16),
(1158, 210, 16),
(1159, 88, 16),
(1160, 308, 16),
(1161, 40, 16),
(1162, 261, 16),
(1163, 851, 16),
(1164, 867, 16),
(1165, 327, 16),
(1166, 395, 16),
(1167, 558, 16),
(1168, 689, 16),
(1169, 528, 16),
(1170, 626, 16),
(1172, 199, 16),
(1173, 561, 16),
(1174, 627, 16),
(1175, 644, 16),
(1176, 612, 16),
(1177, 64, 16),
(1178, 52, 16),
(1179, 685, 16),
(1180, 805, 16),
(1181, 642, 16),
(1182, 694, 16),
(1183, 616, 16),
(1184, 396, 16),
(1185, 716, 16),
(1187, 299, 16),
(1188, 96, 16),
(1189, 587, 16),
(1191, 741, 16),
(1193, 28, 16),
(1194, 439, 16),
(1197, 476, 16),
(1198, 869, 16),
(1200, 195, 16),
(1201, 169, 16),
(1202, 734, 16),
(1205, 772, 16),
(1207, 79, 16),
(1208, 651, 16),
(1209, 104, 16),
(1210, 606, 16),
(1211, 846, 16),
(1212, 523, 16),
(1213, 858, 16),
(1215, 186, 16),
(1216, 113, 16),
(1217, 48, 16),
(1218, 65, 16),
(1219, 68, 16),
(1220, 159, 16),
(1221, 341, 16),
(1222, 105, 16),
(1223, 325, 16),
(1224, 178, 16),
(1225, 541, 16),
(1226, 41, 16),
(1227, 559, 16),
(1228, 854, 16),
(1229, 529, 16),
(1230, 856, 16),
(1231, 806, 16),
(1232, 158, 16),
(1233, 726, 16),
(1234, 337, 16),
(1235, 795, 16),
(1236, 437, 16),
(1237, 289, 16),
(1238, 782, 16),
(1239, 360, 16),
(1240, 478, 16),
(1241, 496, 16),
(1242, 407, 16),
(1243, 605, 16),
(1244, 401, 16),
(1245, 515, 16),
(1246, 434, 16),
(1247, 419, 16),
(1248, 97, 16),
(1249, 388, 16),
(1250, 749, 16),
(1251, 390, 16),
(1252, 118, 16),
(1253, 733, 16),
(1254, 36, 16),
(1255, 896, 16),
(1256, 292, 16),
(1257, 882, 16),
(1258, 702, 16),
(1259, 461, 16),
(1260, 671, 16),
(1261, 687, 16),
(1262, 462, 16),
(1263, 263, 16),
(1264, 429, 16),
(1265, 576, 16),
(1266, 134, 16),
(1268, 135, 16),
(1269, 708, 16),
(1270, 416, 16),
(1271, 383, 16),
(1272, 568, 16),
(1273, 715, 16),
(1274, 770, 16),
(1275, 294, 16),
(1276, 423, 16),
(1277, 317, 16),
(1278, 244, 16),
(1279, 755, 16),
(1280, 33, 16),
(1282, 432, 16),
(1283, 95, 16),
(1284, 252, 16),
(1285, 792, 16),
(1286, 284, 16),
(1287, 80, 16),
(1288, 31, 16),
(1289, 711, 16),
(1290, 875, 16),
(1291, 32, 16),
(1293, 535, 16),
(1294, 551, 16),
(1295, 698, 16),
(1296, 101, 16),
(1297, 537, 16),
(1298, 667, 16),
(1299, 192, 16),
(1300, 323, 16),
(1301, 539, 16),
(1302, 669, 16),
(1303, 736, 16),
(1304, 524, 16),
(1305, 608, 16),
(1306, 181, 16),
(1307, 610, 16),
(1308, 560, 16),
(1309, 643, 16),
(1310, 545, 16),
(1311, 366, 16),
(1312, 888, 16),
(1313, 29, 16),
(1314, 93, 16),
(1315, 586, 16),
(1316, 157, 16),
(1317, 44, 16),
(1318, 368, 16),
(1319, 353, 16),
(1321, 753, 16),
(1322, 641, 16),
(1323, 611, 16),
(1324, 810, 16),
(1325, 709, 16),
(1326, 86, 16),
(1327, 78, 16),
(1328, 163, 16),
(1329, 816, 16),
(1330, 556, 16),
(1331, 862, 16),
(1332, 697, 16),
(1333, 59, 16),
(1334, 354, 16),
(1335, 803, 16),
(1336, 630, 16),
(1337, 547, 16),
(1338, 873, 16),
(1339, 693, 16),
(1340, 385, 16),
(1342, 776, 16),
(1345, 662, 16),
(1346, 727, 16),
(1347, 218, 16),
(1348, 170, 16),
(1349, 300, 16),
(1350, 500, 16),
(1351, 889, 16),
(1356, 826, 16),
(1357, 286, 16),
(1359, 601, 16),
(1360, 287, 16),
(1361, 828, 16),
(1362, 256, 16),
(1363, 389, 16),
(1365, 338, 16),
(1367, 100, 16),
(1368, 339, 16),
(1369, 305, 16),
(1370, 37, 16),
(1371, 119, 16),
(1372, 636, 16),
(1373, 766, 16),
(1375, 717, 16),
(1376, 783, 16),
(1377, 881, 16),
(1379, 130, 16),
(1380, 194, 16),
(1381, 654, 16),
(1382, 227, 16),
(1383, 358, 16),
(1385, 655, 16),
(1386, 122, 16),
(1387, 477, 16),
(1391, 883, 16),
(1392, 245, 16),
(1393, 703, 16),
(1394, 196, 16),
(1395, 479, 16),
(1396, 362, 16),
(1397, 756, 16),
(1399, 464, 16),
(1400, 658, 16),
(1401, 125, 16),
(1402, 480, 16),
(1403, 757, 16),
(1404, 312, 16),
(1406, 151, 16),
(1407, 481, 16),
(1408, 742, 16),
(1410, 822, 16),
(1412, 152, 16),
(1413, 216, 16),
(1414, 184, 16),
(1415, 314, 16),
(1416, 747, 16),
(1417, 738, 16),
(1418, 427, 16),
(1419, 634, 16),
(1421, 153, 16),
(1422, 841, 16),
(1426, 236, 16),
(1427, 369, 16),
(1429, 319, 16),
(1431, 98, 16),
(1434, 893, 16),
(1435, 321, 16),
(1440, 520, 16),
(1442, 223, 16),
(1443, 895, 16),
(1444, 538, 16),
(1445, 160, 16),
(1447, 306, 16),
(1449, 831, 16),
(1450, 193, 16),
(1452, 72, 16),
(1453, 834, 16),
(1454, 57, 16),
(1455, 211, 16),
(1456, 262, 16),
(1457, 74, 16),
(1458, 688, 16),
(1459, 42, 16),
(1462, 804, 16),
(1464, 690, 16),
(1467, 838, 16),
(1468, 215, 16),
(1473, 173, 16),
(1476, 212, 16),
(1479, 365, 16),
(1480, 483, 16),
(1481, 433, 16),
(1482, 499, 16),
(1483, 484, 16),
(1485, 564, 16),
(1486, 453, 16),
(1487, 516, 16),
(1488, 469, 16),
(1489, 255, 16),
(1490, 140, 16),
(1491, 600, 16),
(1492, 352, 16),
(1493, 189, 16),
(1495, 503, 16),
(1496, 796, 16),
(1497, 422, 16),
(1499, 635, 16),
(1500, 144, 16),
(1501, 274, 16),
(1502, 408, 16),
(1503, 474, 16),
(1504, 440, 16),
(1505, 459, 16),
(1506, 145, 16),
(1507, 357, 16),
(1508, 460, 16),
(1509, 342, 16),
(1510, 492, 16),
(1511, 106, 16),
(1513, 24, 16),
(1515, 704, 16),
(1516, 123, 16),
(1517, 428, 16),
(1519, 295, 16),
(1520, 592, 16),
(1521, 231, 16),
(1522, 431, 16),
(1523, 839, 16),
(1524, 482, 16),
(1525, 744, 16),
(1526, 316, 16),
(1527, 581, 16),
(1528, 403, 16),
(1529, 420, 16),
(1530, 436, 16),
(1531, 877, 16),
(1532, 633, 16),
(1533, 488, 16),
(1534, 273, 16),
(1535, 458, 16),
(1536, 865, 16),
(1538, 89, 16),
(1539, 853, 16),
(1540, 413, 16),
(1541, 414, 16),
(1542, 724, 16),
(1543, 415, 16),
(1544, 794, 16),
(1546, 315, 16),
(1547, 112, 16),
(1548, 217, 16),
(1549, 350, 16),
(1550, 285, 16),
(1551, 648, 16),
(1552, 404, 16),
(1553, 472, 16),
(1554, 618, 16),
(1555, 682, 16),
(1556, 604, 16),
(1557, 376, 16),
(1558, 507, 16),
(1559, 146, 16),
(1560, 343, 16),
(1561, 378, 16),
(1562, 443, 16),
(1563, 278, 16),
(1564, 640, 16),
(1565, 463, 16),
(1566, 446, 16),
(1567, 837, 16),
(1568, 870, 16),
(1569, 821, 16),
(1570, 27, 16),
(1571, 182, 16),
(1572, 593, 16),
(1573, 45, 16),
(1574, 743, 16),
(1575, 467, 16),
(1576, 580, 16),
(1577, 402, 16),
(1578, 418, 16),
(1579, 793, 16),
(1580, 302, 16),
(1581, 732, 16),
(1582, 222, 16),
(1583, 797, 16),
(1585, 392, 16),
(1586, 120, 16),
(1587, 425, 16),
(1588, 162, 16),
(1589, 131, 16),
(1590, 624, 16),
(1591, 25, 16),
(1592, 379, 16),
(1593, 127, 16),
(1595, 789, 16),
(1596, 811, 16),
(1597, 613, 16),
(1598, 234, 16),
(1599, 675, 16),
(1601, 346, 16),
(1602, 331, 16),
(1603, 87, 16),
(1604, 400, 16),
(1608, 374, 16),
(1609, 710, 16),
(1610, 614, 16),
(1611, 237, 16),
(1612, 714, 16),
(1613, 879, 16),
(1614, 833, 16),
(1615, 58, 16),
(1616, 819, 16),
(1617, 165, 16),
(1619, 156, 16),
(1620, 622, 16),
(1621, 852, 16),
(1624, 597, 16),
(1626, 621, 16),
(1629, 583, 16),
(1630, 585, 16),
(1631, 177, 16),
(1632, 775, 16),
(1633, 188, 16),
(1634, 681, 16),
(1635, 750, 16),
(1636, 880, 16),
(1637, 344, 16),
(1638, 497, 16),
(1639, 466, 16),
(1640, 282, 16),
(1642, 190, 16),
(1644, 2, 16),
(1650, 313, 16),
(1651, 382, 16),
(1652, 128, 16),
(1653, 700, 16),
(1654, 898, 16),
(1655, 229, 16),
(1656, 574, 16),
(1658, 510, 16),
(1659, 124, 16),
(1662, 692, 16),
(1663, 596, 16),
(1664, 349, 16),
(1665, 730, 16),
(1666, 763, 16),
(1667, 191, 16),
(1668, 572, 16),
(1669, 899, 16),
(1670, 721, 16),
(1671, 542, 16),
(1672, 836, 16),
(1673, 230, 16),
(1674, 380, 16),
(1675, 517, 16),
(1676, 762, 16),
(1677, 141, 16),
(1679, 785, 16),
(1680, 801, 16),
(1681, 884, 16),
(1682, 279, 16),
(1683, 774, 16),
(1685, 725, 16),
(1686, 840, 16),
(1687, 678, 16),
(1688, 761, 16),
(1689, 598, 16),
(1690, 501, 16),
(1691, 470, 16),
(1692, 632, 16),
(1693, 665, 16),
(1694, 487, 16),
(1695, 748, 16),
(1696, 142, 16),
(1697, 552, 16),
(1698, 781, 16),
(1699, 143, 16),
(1700, 569, 16),
(1701, 765, 16),
(1702, 830, 16),
(1703, 490, 16),
(1704, 491, 16),
(1705, 307, 16),
(1706, 441, 16),
(1707, 784, 16),
(1708, 442, 16),
(1709, 509, 16),
(1710, 148, 16),
(1711, 246, 16),
(1712, 444, 16),
(1713, 771, 16),
(1714, 787, 16),
(1715, 198, 16),
(1716, 280, 16),
(1717, 381, 16),
(1718, 594, 16),
(1721, 4, 16),
(1722, 4, 40),
(1723, 4, 3),
(1728, 508, 24),
(1729, 508, 15),
(1730, 508, 13),
(1734, 309, 21),
(1735, 309, 15),
(1736, 309, 13),
(1743, 570, 15),
(1744, 570, 13),
(1757, 699, 26),
(1758, 699, 25),
(1759, 699, 16),
(1760, 699, 13),
(1763, 149, 15),
(1764, 149, 13),
(1767, 829, 23),
(1768, 829, 16),
(1769, 829, 13),
(1781, 906, 13),
(1782, 906, 16),
(1783, 907, 13),
(1784, 907, 16),
(1785, 19, 16),
(1786, 19, 8),
(1787, 114, 8),
(1794, 769, 23),
(1795, 769, 16),
(1796, 769, 13),
(1839, 705, 19),
(1840, 705, 16),
(1841, 705, 13),
(1854, 731, 19),
(1855, 731, 16),
(1856, 731, 13),
(1901, 447, 19),
(1902, 447, 16),
(1903, 447, 13),
(1904, 719, 19),
(1905, 719, 16),
(1906, 719, 13),
(1956, 800, 19),
(1957, 800, 16),
(1958, 800, 13),
(1966, 264, 19),
(1967, 264, 13),
(1968, 649, 19),
(1969, 649, 13),
(1970, 450, 19),
(1971, 450, 13),
(1978, 147, 19),
(1979, 147, 16),
(1980, 147, 13),
(1991, 720, 20),
(1992, 720, 13),
(1993, 525, 15),
(1994, 525, 13),
(1997, 154, 20),
(1998, 154, 13),
(1999, 224, 20),
(2000, 224, 13),
(2001, 536, 15),
(2002, 536, 13),
(2007, 4, 30),
(2008, 224, 30),
(2009, 169, 30),
(2010, 639, 19),
(2011, 639, 16),
(2012, 639, 13),
(2013, 220, 28),
(2014, 220, 19),
(2015, 220, 16),
(2016, 220, 13),
(2017, 4, 30),
(2030, 240, 28),
(2031, 240, 19),
(2032, 240, 16),
(2033, 240, 13),
(2043, 17, 7),
(2044, 17, 13),
(2051, 745, 31),
(2052, 745, 16),
(2053, 745, 13),
(2062, 791, 30),
(2075, 900, 29),
(2076, 900, 16),
(2077, 900, 13),
(2080, 878, 29),
(2081, 878, 16),
(2082, 878, 13),
(2083, 290, 32),
(2084, 290, 15),
(2085, 290, 13),
(2091, 281, 24),
(2092, 281, 16),
(2093, 281, 13),
(2094, 543, 23),
(2095, 543, 16),
(2096, 543, 13),
(2097, 213, 20),
(2098, 213, 13),
(2120, 394, 20),
(2121, 394, 13),
(2161, 17, 35),
(2165, 2, 35),
(2191, 345, 15),
(2192, 345, 19),
(2193, 345, 13),
(2194, 842, 15),
(2195, 842, 19),
(2196, 842, 13),
(2213, 673, 7),
(2224, 185, 20),
(2225, 185, 15),
(2226, 185, 13),
(2227, 26, 39),
(2228, 26, 13),
(2229, 701, 39),
(2230, 701, 13),
(2231, 518, 0),
(2233, 908, 39),
(2236, 301, 39),
(2237, 301, 13),
(2240, 424, 39),
(2241, 424, 13),
(2242, 638, 39),
(2243, 638, 13),
(2244, 578, 39),
(2245, 578, 13),
(2246, 620, 39),
(2247, 620, 13),
(2248, 155, 39),
(2249, 155, 13),
(2250, 544, 39),
(2251, 544, 13),
(2252, 47, 39),
(2253, 47, 13),
(2256, 235, 39),
(2257, 235, 13),
(2258, 679, 39),
(2259, 679, 13),
(2262, 138, 39),
(2263, 138, 13),
(2264, 204, 39),
(2265, 204, 13),
(2266, 902, 39),
(2267, 902, 13),
(2268, 456, 39),
(2269, 456, 13),
(2270, 166, 39),
(2271, 166, 13),
(2272, 493, 39),
(2273, 493, 13),
(2274, 232, 39),
(2275, 232, 13),
(2276, 813, 39),
(2277, 813, 13),
(2278, 653, 39),
(2279, 653, 13),
(2280, 628, 39),
(2281, 628, 13),
(2282, 532, 39),
(2283, 532, 13),
(2284, 399, 39),
(2285, 399, 13),
(2286, 707, 39),
(2287, 707, 13),
(2288, 375, 39),
(2289, 375, 13),
(2290, 861, 39),
(2291, 861, 13),
(2292, 62, 39),
(2293, 62, 13),
(2294, 304, 39),
(2295, 304, 13),
(2296, 758, 39),
(2297, 758, 13),
(2302, 311, 39),
(2303, 311, 13),
(2304, 777, 39),
(2305, 777, 13),
(2316, 514, 39),
(2317, 514, 13),
(2318, 849, 39),
(2319, 849, 13),
(2320, 737, 39),
(2321, 737, 13),
(2324, 754, 39),
(2325, 754, 13),
(2328, 238, 39),
(2329, 238, 13),
(2330, 890, 39),
(2331, 890, 13),
(2342, 4, 4),
(2343, 652, 16),
(2358, 228, 39),
(2359, 228, 13),
(2373, 30, 41),
(2374, 30, 16),
(2375, 30, 13),
(2376, 696, 41),
(2377, 696, 16),
(2378, 696, 13),
(2380, NULL, NULL),
(2395, 276, 35),
(2396, 525, 35),
(2397, 371, 35),
(2399, 536, 35),
(2402, 137, 35),
(2403, 298, 35),
(2404, 271, 35),
(2405, 522, 35),
(2406, 439, 35),
(2408, 426, 35),
(2413, 661, 35),
(2415, 909, 35),
(2416, 725, 35),
(2417, 789, 35),
(2419, 570, 35),
(2420, 50, 35),
(2421, 63, 35),
(2425, 905, 35),
(2426, 905, 16),
(2427, 905, 13),
(2430, 772, 35),
(2432, 911, 35),
(2434, 421, 35),
(2436, 802, 35),
(2437, 171, 35),
(2438, 700, 35),
(2440, 53, 35),
(2441, 53, 16),
(2442, 53, 13),
(2443, 729, 35),
(2444, 70, 31),
(2445, 70, 29),
(2446, 70, 20),
(2447, 70, 13),
(2448, 548, 35),
(2449, 169, 35),
(2450, 734, 35),
(2451, 609, 35),
(2453, 195, 35),
(2454, 159, 35),
(2456, 299, 35),
(2457, 310, 35),
(2459, 79, 35),
(2460, 768, 35),
(2461, 768, 15),
(2462, 768, 13),
(2463, 150, 35),
(2465, 400, 35),
(2466, 719, 35),
(2467, 203, 35),
(2469, 268, 35),
(2471, 356, 35),
(2473, 38, 35),
(2475, 104, 35),
(2477, 447, 35),
(2478, 221, 35),
(2482, 508, 35),
(2487, 751, 35),
(2489, 290, 35),
(2490, 649, 35),
(2491, 450, 35),
(2492, 846, 35),
(2496, 874, 35),
(2497, 523, 35),
(2498, 587, 35),
(2499, 879, 35),
(2500, 333, 35),
(2507, 180, 35),
(2508, 795, 35),
(2509, 186, 35),
(2518, 869, 35),
(2519, 345, 35),
(2520, 397, 35),
(2521, 28, 35),
(2522, 842, 35),
(2525, 646, 35),
(2526, 96, 35),
(2528, 218, 35),
(2529, 412, 35),
(2530, 576, 35),
(2531, 153, 35),
(2532, 97, 35),
(2533, 606, 35),
(2534, 185, 35),
(2536, 87, 35),
(2537, 664, 35),
(2538, 827, 35),
(2539, 264, 35),
(2551, 912, 41),
(2552, 7, 15),
(2553, 7, 35),
(2554, 7, 4),
(2561, 84, 15),
(2562, 84, 13),
(2563, 502, 15),
(2564, 502, 13),
(2585, 417, 16),
(2586, 417, 13),
(2587, 773, 35),
(2588, 773, 15),
(2589, 773, 13),
(2590, 206, 39),
(2591, 206, 35),
(2592, 206, 15),
(2593, 206, 13),
(2594, 10, 16),
(2595, 10, 5),
(2596, 486, 15),
(2597, 486, 13),
(2598, 486, 20),
(2602, 77, 39),
(2603, 77, 13),
(2604, 455, 39),
(2605, 455, 13),
(2606, 81, 39),
(2607, 81, 13),
(2608, 207, 39),
(2609, 207, 13),
(2610, 116, 39),
(2611, 116, 13),
(2619, 85, 16),
(2620, 85, 15),
(2621, 85, 13),
(2624, 485, 16),
(2625, 485, 13),
(2628, 83, 15),
(2629, 83, 13),
(2630, 83, 4),
(2636, 20, 37),
(2637, 20, 34),
(2638, 20, 33),
(2639, 20, 25),
(2640, 20, 21),
(2641, 20, 14),
(2642, 20, 4),
(2643, 20, 36),
(2644, 20, 30),
(2645, 20, 27),
(2646, 20, 13),
(2647, 20, 10),
(2652, 334, 20),
(2653, 334, 13),
(2657, 511, 13),
(2658, 347, 35),
(2659, 347, 15),
(2660, 347, 13),
(2661, 73, 16),
(2662, 73, 13),
(2663, 850, 15),
(2664, 850, 35),
(2665, 850, 16),
(2666, 850, 13),
(2667, 136, 16),
(2668, 136, 13),
(2669, 136, 35),
(2681, 351, 39),
(2682, 351, 35),
(2683, 351, 13),
(2684, 904, 41),
(2685, 904, 16),
(2686, 904, 13),
(2687, 913, 16),
(2689, 914, 43),
(2690, 914, 15),
(2699, 910, 15),
(2700, 910, 35),
(2701, 915, 20),
(2705, 670, 4),
(2751, 825, 39),
(2752, 825, 13),
(2766, 871, 35),
(2767, 871, 19),
(2768, 871, 13),
(2772, 233, 35),
(2773, 233, 22),
(2774, 233, 16),
(2775, 174, 39),
(2776, 174, 13),
(2780, 807, 16),
(2781, 807, 13),
(2788, 205, 35),
(2789, 205, 24),
(2790, 205, 16),
(2791, 205, 13),
(2792, 110, 23),
(2793, 110, 16),
(2794, 110, 13),
(2795, 549, 23),
(2796, 549, 13),
(2797, 361, 23),
(2798, 361, 16),
(2802, 393, 23),
(2803, 393, 16),
(2804, 393, 13),
(2805, 489, 23),
(2806, 489, 16),
(2807, 799, 23),
(2808, 799, 16),
(2809, 799, 13),
(2810, 602, 42),
(2811, 602, 21),
(2812, 602, 16),
(2813, 602, 13),
(2814, 603, 20),
(2815, 603, 13),
(2816, 903, 20),
(2817, 903, 13),
(2818, 322, 20),
(2819, 322, 13),
(2823, 778, 39),
(2824, 778, 15),
(2825, 778, 13),
(2856, 820, 38),
(2857, 820, 35),
(2858, 820, 19),
(2859, 820, 15),
(2860, 820, 13),
(2861, 663, 38),
(2862, 663, 35),
(2863, 663, 19),
(2864, 663, 15),
(2865, 663, 13),
(2866, 676, 38),
(2867, 676, 35),
(2868, 676, 19),
(2869, 676, 16),
(2870, 676, 13),
(2871, 554, 38),
(2872, 554, 35),
(2873, 554, 19),
(2874, 554, 15),
(2875, 554, 13),
(2876, 324, 38),
(2877, 324, 35),
(2878, 324, 19),
(2879, 324, 15),
(2880, 324, 13),
(2881, 249, 38),
(2882, 249, 35),
(2883, 249, 19),
(2884, 249, 15),
(2885, 249, 13),
(2886, 843, 38),
(2887, 843, 35),
(2888, 843, 19),
(2889, 843, 13),
(2895, 409, 38),
(2896, 409, 35),
(2897, 409, 15),
(2898, 409, 13),
(2899, 557, 38),
(2900, 557, 35),
(2901, 557, 15),
(2902, 557, 13),
(2907, 250, 38),
(2908, 250, 35),
(2909, 250, 15),
(2910, 250, 13),
(2911, 712, 38),
(2912, 712, 35),
(2913, 712, 15),
(2914, 712, 13),
(2920, 6, 38),
(2921, 6, 15),
(2922, 6, 13),
(2923, 6, 1),
(2924, 8, 38),
(2925, 8, 15),
(2926, 8, 4),
(2927, 46, 38),
(2928, 46, 35),
(2929, 46, 15),
(2930, 46, 13),
(2935, 377, 38),
(2936, 377, 35),
(2937, 377, 15),
(2938, 377, 13),
(2939, 269, 38),
(2940, 269, 39),
(2941, 269, 15),
(2942, 269, 13),
(2943, 364, 38),
(2944, 364, 35),
(2945, 364, 15),
(2946, 364, 13),
(2952, 1, 38),
(2953, 1, 35),
(2954, 1, 16),
(2955, 1, 4),
(2956, 527, 38),
(2957, 527, 20),
(2958, 527, 16),
(2959, 527, 13),
(2960, 164, 38),
(2961, 164, 35),
(2962, 164, 33),
(2963, 164, 25),
(2964, 164, 14),
(2965, 164, 13),
(2969, 752, 38),
(2970, 752, 16),
(2971, 752, 13),
(2972, 887, 38),
(2973, 887, 16),
(2974, 887, 13),
(2975, 739, 38),
(2976, 739, 16),
(2977, 739, 13),
(2983, 117, 38),
(2984, 117, 35),
(2985, 117, 19),
(2986, 117, 16),
(2987, 117, 13),
(2988, 297, 38),
(2989, 297, 35),
(2990, 297, 19),
(2991, 297, 13),
(3002, 566, 38),
(3003, 566, 35),
(3004, 566, 19),
(3005, 566, 15),
(3006, 566, 13),
(3007, 14, 44),
(3008, 14, 16),
(3009, 14, 6),
(3010, 914, 35),
(3011, 465, 35),
(3012, 707, 35),
(3017, 468, 38),
(3018, 468, 35),
(3019, 468, 15),
(3020, 468, 13),
(3021, 817, 38),
(3022, 817, 35),
(3023, 817, 19),
(3024, 817, 15),
(3025, 817, 13),
(3026, 99, 38),
(3027, 99, 35),
(3028, 99, 15),
(3029, 99, 13),
(3030, 214, 38),
(3031, 214, 16),
(3032, 214, 13),
(3033, 617, 35),
(3034, 269, 35),
(3035, 65, 35),
(3040, 723, 38),
(3041, 723, 19),
(3042, 723, 16),
(3043, 723, 13),
(3047, 886, 38),
(3048, 886, 16),
(3049, 886, 13),
(3061, 115, 38),
(3062, 115, 15),
(3063, 115, 13),
(3070, 91, 38),
(3071, 91, 16),
(3072, 91, 13),
(3073, 355, 38),
(3074, 355, 16),
(3075, 355, 13),
(3076, 540, 38),
(3077, 540, 16),
(3078, 540, 13),
(3079, 386, 35),
(3080, 401, 35),
(3081, 590, 0),
(3082, 916, 35),
(3083, 916, 15),
(3084, 916, 5),
(3085, 916, 38),
(3086, 259, 39),
(3087, 259, 13),
(3089, 766, 35),
(3090, 18, 44),
(3091, 18, 16),
(3092, 18, 7),
(3093, 115, 35),
(3094, 668, 12),
(3095, 668, 16),
(3096, 668, 13),
(3097, 918, 16),
(3098, 655, 35),
(3099, 919, 35),
(3109, 372, 35),
(3110, 93, 35),
(3115, 917, 39),
(3116, 20, 46),
(3117, 1, 49),
(3118, 5, 48),
(3119, 377, 46),
(3120, 666, 46),
(3122, 6, 47),
(3132, 16, 36),
(3133, 16, 19),
(3134, 16, 15),
(3135, 16, 10),
(3136, 16, 33),
(3137, 6, 35),
(3139, 512, 39),
(3140, 512, 13),
(3150, 920, 39),
(3151, 920, 16),
(3152, 894, 38),
(3153, 894, 35),
(3154, 894, 15),
(3155, 894, 13),
(3156, 677, 38),
(3157, 677, 42),
(3158, 677, 40),
(3159, 677, 35),
(3160, 677, 28),
(3161, 677, 15),
(3162, 760, 38),
(3163, 760, 16),
(3164, 760, 13),
(3166, 473, 4),
(3167, 473, 16),
(3168, 897, 47),
(3169, 897, 38),
(3170, 897, 35),
(3171, 897, 15),
(3172, 897, 13),
(3176, 922, 39),
(3177, 923, 39),
(3178, 924, 39),
(3179, 925, 39),
(3183, 109, 20),
(3184, 109, 13),
(3185, 13, 51),
(3186, 394, 51),
(3187, 16, 50),
(3188, 213, 51),
(3190, 914, 47),
(3191, 291, 38),
(3192, 291, 35),
(3193, 291, 15),
(3194, 291, 13),
(3206, 452, 39),
(3207, 452, 13),
(3208, 926, 16),
(3209, 798, 16),
(3210, 798, 13),
(3211, 7, 54),
(3212, 370, 38),
(3213, 370, 16),
(3214, 370, 13),
(3215, 927, 46),
(3216, 927, 16),
(3217, 927, 5),
(3218, 330, 39),
(3219, 330, 13),
(3220, 928, 16),
(3222, 66, 38),
(3223, 66, 16),
(3224, 66, 13),
(3225, 929, 38),
(3226, 929, 15),
(3227, 52, 46),
(3228, 720, 46),
(3229, 759, 46),
(3230, 805, 0),
(3231, 805, 46),
(3232, 809, 46),
(3238, 49, 38),
(3239, 49, 35),
(3240, 49, 19),
(3241, 49, 15),
(3242, 49, 13),
(3243, 435, 38),
(3244, 435, 35),
(3245, 435, 19),
(3246, 435, 15),
(3247, 435, 13),
(3248, 61, 38),
(3249, 61, 51),
(3250, 61, 16),
(3251, 61, 13),
(3260, 921, 39),
(3261, 22, 39),
(3262, 22, 35),
(3263, 22, 13),
(3264, 22, 12),
(3265, 706, 16),
(3266, 706, 13),
(3267, 824, 39),
(3268, 824, 38),
(3269, 824, 35),
(3270, 824, 13),
(3271, 83, 58),
(3272, 8, 54),
(3273, 12, 55),
(3274, 7, 54),
(3275, 10, 55),
(3284, 571, 38),
(3285, 571, 35),
(3286, 571, 15),
(3287, 571, 13),
(3288, 868, 38),
(3289, 868, 20),
(3290, 868, 13),
(3291, 866, 20),
(3292, 866, 13),
(3300, 251, 51),
(3301, 251, 16),
(3302, 251, 13),
(3303, 139, 46),
(3304, 139, 37),
(3305, 139, 36),
(3306, 139, 34),
(3307, 139, 33),
(3308, 139, 21),
(3309, 139, 16),
(3310, 139, 14),
(3311, 139, 13),
(3312, 139, 10),
(3313, 139, 7),
(3315, 930, 51),
(3316, 930, 16),
(3317, 506, 50),
(3318, 506, 35),
(3319, 506, 15),
(3320, 506, 13),
(3325, 15, 39),
(3326, 15, 38),
(3327, 15, 36),
(3328, 15, 33),
(3329, 58, 58),
(3330, 670, 58),
(3331, 692, 58),
(3332, 168, 58),
(3333, 139, 58),
(3334, 791, 58),
(3336, 473, 58),
(3337, 868, 58),
(3338, 43, 58),
(3339, 233, 58),
(3340, 124, 58),
(3341, 3, 15),
(3342, 3, 58),
(3343, 3, 5),
(3344, 3, 2),
(3346, 932, 9),
(3347, 933, 3),
(3348, 933, 58),
(3349, 933, 34),
(3350, 932, 37),
(3351, 934, 10);

-- --------------------------------------------------------

--
-- Estructura de tabla para la tabla `sep_accion_bitacora`
--

CREATE TABLE `sep_accion_bitacora` (
  `id_accion` int(11) NOT NULL,
  `accion` varchar(50) NOT NULL
) ENGINE=InnoDB DEFAULT CHARSET=latin1;

--
-- Volcado de datos para la tabla `sep_accion_bitacora`
--

INSERT INTO `sep_accion_bitacora` (`id_accion`, `accion`) VALUES
(1, 'inicio de sesión'),
(2, 'Cierre de sesión'),
(3, 'Insersión'),
(4, 'Modificación'),
(5, 'Eliminación');

-- --------------------------------------------------------

--
-- Estructura de tabla para la tabla `sep_bitacora`
--

CREATE TABLE `sep_bitacora` (
  `id_bitacora` int(11) NOT NULL,
  `id_usuario` int(11) NOT NULL,
  `id_sistema` int(11) NOT NULL,
  `descripcion` text NOT NULL,
  `fecha` datetime NOT NULL,
  `ip` varchar(15) NOT NULL,
  `id_accion` int(11) NOT NULL
) ENGINE=InnoDB DEFAULT CHARSET=latin1;

--
-- Volcado de datos para la tabla `sep_bitacora`
--

INSERT INTO `sep_bitacora` (`id_bitacora`, `id_usuario`, `id_sistema`, `descripcion`, `fecha`, `ip`, `id_accion`) VALUES
(1, 931, 14, 'El usuario willian.rivera inició sesión', '2017-11-20 09:00:02', '::1', 1),
(2, 932, 14, 'El usuario douglas.recinos inició sesión', '2017-11-20 09:25:25', '::1', 1),
(3, 931, 14, 'El usuario willian.rivera inició sesión', '2017-11-20 09:31:42', '::1', 1),
(4, 931, 14, 'El usuario willian.rivera inició sesión', '2017-11-21 09:26:17', '::1', 1),
(5, 20, 14, 'El usuario roberto.henriquez inició sesión', '2017-11-22 10:05:31', '::1', 1),
(6, 933, 14, 'El usuario willian.rivera inició sesión', '2017-11-22 10:53:26', '::1', 1),
(7, 933, 14, 'El usuario willian.rivera inició sesión', '2017-11-22 11:14:14', '::1', 1),
(8, 933, 14, 'El usuario willian.rivera inició sesión', '2017-11-23 09:49:08', '::1', 1),
(9, 20, 14, 'El usuario roberto.henriquez inició sesión', '2017-11-23 06:00:39', '::1', 1),
(10, 933, 14, 'El usuario willian.rivera inició sesión', '2017-11-24 08:02:12', '::1', 1),
(11, 933, 14, 'El usuario willian.rivera inició sesión', '2017-11-24 08:08:14', '::1', 1),
(12, 933, 14, 'El usuario willian.rivera inició sesión', '2017-11-24 08:08:46', '::1', 1),
(13, 933, 14, 'El usuario willian.rivera inició sesión', '2017-11-24 08:10:07', '::1', 1),
(14, 933, 14, 'El usuario willian.rivera inició sesión', '2017-11-24 09:08:18', '::1', 1),
(15, 934, 14, 'El usuario paz.alvarado inició sesión', '2017-11-24 02:48:15', '::1', 1);

-- --------------------------------------------------------

--
-- Estructura de tabla para la tabla `sir_empleado`
--

CREATE TABLE `sir_empleado` (
  `id_empleado` varchar(4) NOT NULL,
  `primer_nombre` text NOT NULL,
  `segundo_nombre` text NOT NULL,
  `tercer_nombre` text NOT NULL,
  `primer_apellido` text NOT NULL,
  `segundo_apellido` text NOT NULL,
  `apellido_casada` text NOT NULL,
  `id_genero` varchar(5) NOT NULL,
  `nr` varchar(4) NOT NULL
) ENGINE=InnoDB DEFAULT CHARSET=latin1;

--
-- Volcado de datos para la tabla `sir_empleado`
--

INSERT INTO `sir_empleado` (`id_empleado`, `primer_nombre`, `segundo_nombre`, `tercer_nombre`, `primer_apellido`, `segundo_apellido`, `apellido_casada`, `id_genero`, `nr`) VALUES
('1', 'Willian', 'Ernesto', '', 'Rivera', 'Guerrero', '', '00001', '1234'),
('2', 'Douglas', 'Esaú', '', 'Recinos', 'Vela', '', '00001', '2454'),
('3', 'Paz', 'Elisa', '', 'Alvarado', 'Zepeda', '', '00002', '8784');

-- --------------------------------------------------------

--
-- Estructura de tabla para la tabla `sir_empleado_informacion_laboral`
--

CREATE TABLE `sir_empleado_informacion_laboral` (
  `id_empleado_informacion_laboral` int(10) UNSIGNED NOT NULL,
  `id_seccion` int(10) UNSIGNED NOT NULL,
  `id_empleado` varchar(45) NOT NULL
) ENGINE=InnoDB DEFAULT CHARSET=latin1;

--
-- Volcado de datos para la tabla `sir_empleado_informacion_laboral`
--

INSERT INTO `sir_empleado_informacion_laboral` (`id_empleado_informacion_laboral`, `id_seccion`, `id_empleado`) VALUES
(1, 163, '1'),
(2, 163, '2'),
(3, 163, '3');

-- --------------------------------------------------------

--
-- Estructura de tabla para la tabla `vyp_bancos`
--

CREATE TABLE `vyp_bancos` (
  `id_banco` int(10) UNSIGNED NOT NULL,
  `nombre` varchar(25) NOT NULL,
  `caracteristicas` varchar(40) NOT NULL
) ENGINE=InnoDB DEFAULT CHARSET=latin1;

--
-- Volcado de datos para la tabla `vyp_bancos`
--

INSERT INTO `vyp_bancos` (`id_banco`, `nombre`, `caracteristicas`) VALUES
(2, 'Agricola S.A de C.V', 'PERTENECE A EL SALVADOR CON PARTE EN COL'),
(3, 'CUSCATLAN', 'ALGUNOS EMPLEADOS USAN ESTE BANCO'),
(4, 'DAVIVIENDA', 'FORMA PARTE DE LAS PLANILLAS'),
(5, 'BANCOVI', 'BANCO PARA EMPLEADOS'),
(6, 'BANCO LA FINCA', 'BANCO FINCA DE EL SALVADOR');

-- --------------------------------------------------------

--
-- Estructura de tabla para la tabla `vyp_bitacora_viatico`
--

CREATE TABLE `vyp_bitacora_viatico` (
  `id_bitacora` int(10) UNSIGNED NOT NULL,
  `descripcion` varchar(500) NOT NULL,
  `modulo` varchar(45) NOT NULL,
  `accion` varchar(45) NOT NULL,
  `fecha` datetime NOT NULL,
  `idusuario` varchar(45) NOT NULL
) ENGINE=InnoDB DEFAULT CHARSET=latin1;

-- --------------------------------------------------------

--
-- Estructura de tabla para la tabla `vyp_horario_viatico`
--

CREATE TABLE `vyp_horario_viatico` (
  `id_horario_viatico` int(10) UNSIGNED NOT NULL,
  `descripcion` varchar(45) NOT NULL,
  `hora_inicio` time NOT NULL DEFAULT '00:00:00',
  `hora_fin` time NOT NULL DEFAULT '00:00:00',
  `monto` float NOT NULL
) ENGINE=InnoDB DEFAULT CHARSET=latin1;

--
-- Volcado de datos para la tabla `vyp_horario_viatico`
--

INSERT INTO `vyp_horario_viatico` (`id_horario_viatico`, `descripcion`, `hora_inicio`, `hora_fin`, `monto`) VALUES
(1, 'Desayuno', '08:00:00', '10:00:00', 3),
(2, 'Almuerzo', '12:00:00', '14:00:00', 4);

-- --------------------------------------------------------

--
-- Estructura de tabla para la tabla `vyp_oficinas`
--

CREATE TABLE `vyp_oficinas` (
  `id_oficina` int(11) NOT NULL,
  `nombre_oficina` varchar(200) NOT NULL,
  `direccion_oficina` varchar(400) NOT NULL,
  `jefe_oficina` varchar(250) NOT NULL,
  `email_oficina` varchar(250) NOT NULL,
  `latitud_oficina` varchar(50) NOT NULL,
  `longitud_oficina` varchar(50) NOT NULL
) ENGINE=InnoDB DEFAULT CHARSET=latin1;

--
-- Volcado de datos para la tabla `vyp_oficinas`
--

INSERT INTO `vyp_oficinas` (`id_oficina`, `nombre_oficina`, `direccion_oficina`, `jefe_oficina`, `email_oficina`, `latitud_oficina`, `longitud_oficina`) VALUES
(1, 'Oficina Central', 'primera direccion', 'dsadsad', 'sdfdf@fdfdf.com', '13.705542923582362', ' -89.20029401779175'),
(2, 'Oficina Paracentral', 'segunda direeccion', '', '', '13.641253371576248', ' -88.78463745117188'),
(3, 'Oficina regional de occidente', '', '', '', '13.995933662977752', ' -89.55837965011597'),
(4, 'prueba', 'ninguna', 'vili fracnsi', 'd_Recinos@fdf.com', '13.70745038803979', ' -89.20013576745987'),
(5, 'prueba dos oficna', 'san vicente', 'doc anderson', 'algo@fmail.com', '13.96072323963274', ' -88.11900327913463'),
(6, 'preubaz', 'aklslhjdksa', 'asaber', 'akdjas@kashdk.com', '13.673176208626606', ' -89.13971096277237');

-- --------------------------------------------------------

--
-- Estructura de tabla para la tabla `vyp_oficinas_telefono`
--

CREATE TABLE `vyp_oficinas_telefono` (
  `id_vyp_oficinas_telefono` int(11) NOT NULL,
  `telefono_vyp_oficnas_telefono` varchar(9) NOT NULL,
  `id_oficina_vyp_oficnas_telefono` int(11) NOT NULL
) ENGINE=InnoDB DEFAULT CHARSET=latin1;

--
-- Volcado de datos para la tabla `vyp_oficinas_telefono`
--

INSERT INTO `vyp_oficinas_telefono` (`id_vyp_oficinas_telefono`, `telefono_vyp_oficnas_telefono`, `id_oficina_vyp_oficnas_telefono`) VALUES
(1, '7525-9130', 1),
(2, '4355-3451', 1),
(4, '6545-5255', 5),
(5, '2323-4343', 5),
(9, '7331-1111', 3),
(10, '2222-1113', 4),
(11, '2344-3333', 1);

-- --------------------------------------------------------

--
-- Estructura de tabla para la tabla `vyp_rutas`
--

CREATE TABLE `vyp_rutas` (
  `id_vyp_rutas` int(11) NOT NULL,
  `nombre_vyp_rutas` varchar(300) NOT NULL,
  `descr_origen_vyp_rutas` varchar(300) NOT NULL,
  `latitud_origen_vyp_rutas` varchar(50) NOT NULL,
  `longitud_origen_vyp_rutas` varchar(50) NOT NULL,
  `descr_destino_vyp_rutas` varchar(300) NOT NULL,
  `latitud_destino_vyp_rutas` varchar(50) NOT NULL,
  `longitud_destino_vyp_rutas` varchar(50) NOT NULL,
  `distancia_km_vyp_rutas` varchar(15) NOT NULL,
  `tiempo_vyp_rutas` varchar(30) NOT NULL
) ENGINE=InnoDB DEFAULT CHARSET=latin1;

--
-- Volcado de datos para la tabla `vyp_rutas`
--

INSERT INTO `vyp_rutas` (`id_vyp_rutas`, `nombre_vyp_rutas`, `descr_origen_vyp_rutas`, `latitud_origen_vyp_rutas`, `longitud_origen_vyp_rutas`, `descr_destino_vyp_rutas`, `latitud_destino_vyp_rutas`, `longitud_destino_vyp_rutas`, `distancia_km_vyp_rutas`, `tiempo_vyp_rutas`) VALUES
(3, 'ruta santa - sanvi', 'Calle Dr Francisco Paniagua, San Vicente, El Salvador', '13.640648651718347', ' -88.78228568821214', 'Estaba ASD, Santa Ana, El Salvador', '13.984044761098026', ' -89.55858993111178', '123 km', '1h 54 min');

--
-- Índices para tablas volcadas
--

--
-- Indices de la tabla `glb_accion_bitacora`
--
ALTER TABLE `glb_accion_bitacora`
  ADD PRIMARY KEY (`id_accion`);

--
-- Indices de la tabla `glb_bitacora`
--
ALTER TABLE `glb_bitacora`
  ADD PRIMARY KEY (`id_bitacora`),
  ADD KEY `FK_accion_bitacora` (`id_accion`);

--
-- Indices de la tabla `org_genero`
--
ALTER TABLE `org_genero`
  ADD PRIMARY KEY (`id_genero`);

--
-- Indices de la tabla `org_modulo`
--
ALTER TABLE `org_modulo`
  ADD PRIMARY KEY (`id_modulo`);

--
-- Indices de la tabla `org_permiso`
--
ALTER TABLE `org_permiso`
  ADD PRIMARY KEY (`id_permiso`);

--
-- Indices de la tabla `org_rol`
--
ALTER TABLE `org_rol`
  ADD PRIMARY KEY (`id_rol`);

--
-- Indices de la tabla `org_rol_modulo_permiso`
--
ALTER TABLE `org_rol_modulo_permiso`
  ADD PRIMARY KEY (`id_rol_permiso`);

--
-- Indices de la tabla `org_seccion`
--
ALTER TABLE `org_seccion`
  ADD PRIMARY KEY (`id_seccion`);

--
-- Indices de la tabla `org_sistema`
--
ALTER TABLE `org_sistema`
  ADD PRIMARY KEY (`id_sistema`);

--
-- Indices de la tabla `org_usuario`
--
ALTER TABLE `org_usuario`
  ADD PRIMARY KEY (`id_usuario`);

--
-- Indices de la tabla `org_usuario_rol`
--
ALTER TABLE `org_usuario_rol`
  ADD PRIMARY KEY (`id_usuario_rol`);

--
-- Indices de la tabla `sep_accion_bitacora`
--
ALTER TABLE `sep_accion_bitacora`
  ADD PRIMARY KEY (`id_accion`);

--
-- Indices de la tabla `sep_bitacora`
--
ALTER TABLE `sep_bitacora`
  ADD PRIMARY KEY (`id_bitacora`);

--
-- Indices de la tabla `sir_empleado`
--
ALTER TABLE `sir_empleado`
  ADD PRIMARY KEY (`id_empleado`) USING BTREE;

--
-- Indices de la tabla `sir_empleado_informacion_laboral`
--
ALTER TABLE `sir_empleado_informacion_laboral`
  ADD PRIMARY KEY (`id_empleado_informacion_laboral`);

--
-- Indices de la tabla `vyp_bancos`
--
ALTER TABLE `vyp_bancos`
  ADD PRIMARY KEY (`id_banco`);

--
-- Indices de la tabla `vyp_bitacora_viatico`
--
ALTER TABLE `vyp_bitacora_viatico`
  ADD PRIMARY KEY (`id_bitacora`) USING BTREE;

--
-- Indices de la tabla `vyp_horario_viatico`
--
ALTER TABLE `vyp_horario_viatico`
  ADD PRIMARY KEY (`id_horario_viatico`);

--
-- Indices de la tabla `vyp_oficinas`
--
ALTER TABLE `vyp_oficinas`
  ADD PRIMARY KEY (`id_oficina`);

--
-- Indices de la tabla `vyp_oficinas_telefono`
--
ALTER TABLE `vyp_oficinas_telefono`
  ADD PRIMARY KEY (`id_vyp_oficinas_telefono`);

--
-- Indices de la tabla `vyp_rutas`
--
ALTER TABLE `vyp_rutas`
  ADD PRIMARY KEY (`id_vyp_rutas`);

--
-- AUTO_INCREMENT de las tablas volcadas
--

--
-- AUTO_INCREMENT de la tabla `glb_accion_bitacora`
--
ALTER TABLE `glb_accion_bitacora`
  MODIFY `id_accion` int(11) NOT NULL AUTO_INCREMENT COMMENT 'Almacena el identificador de la tabla', AUTO_INCREMENT=6;
--
-- AUTO_INCREMENT de la tabla `glb_bitacora`
--
ALTER TABLE `glb_bitacora`
  MODIFY `id_bitacora` int(11) NOT NULL AUTO_INCREMENT COMMENT 'Llave primaria de la tabla glb_bitacorá, para hacer referencia a la información', AUTO_INCREMENT=77904;
--
-- AUTO_INCREMENT de la tabla `org_modulo`
--
ALTER TABLE `org_modulo`
  MODIFY `id_modulo` int(10) UNSIGNED NOT NULL AUTO_INCREMENT, AUTO_INCREMENT=335;
--
-- AUTO_INCREMENT de la tabla `org_permiso`
--
ALTER TABLE `org_permiso`
  MODIFY `id_permiso` int(10) UNSIGNED NOT NULL AUTO_INCREMENT, AUTO_INCREMENT=5;
--
-- AUTO_INCREMENT de la tabla `org_rol`
--
ALTER TABLE `org_rol`
  MODIFY `id_rol` int(10) UNSIGNED NOT NULL AUTO_INCREMENT, AUTO_INCREMENT=60;
--
-- AUTO_INCREMENT de la tabla `org_rol_modulo_permiso`
--
ALTER TABLE `org_rol_modulo_permiso`
  MODIFY `id_rol_permiso` int(10) UNSIGNED NOT NULL AUTO_INCREMENT, AUTO_INCREMENT=3894;
--
-- AUTO_INCREMENT de la tabla `org_seccion`
--
ALTER TABLE `org_seccion`
  MODIFY `id_seccion` int(10) UNSIGNED NOT NULL AUTO_INCREMENT, AUTO_INCREMENT=181;
--
-- AUTO_INCREMENT de la tabla `org_sistema`
--
ALTER TABLE `org_sistema`
  MODIFY `id_sistema` int(10) UNSIGNED NOT NULL AUTO_INCREMENT, AUTO_INCREMENT=16;
--
-- AUTO_INCREMENT de la tabla `org_usuario_rol`
--
ALTER TABLE `org_usuario_rol`
  MODIFY `id_usuario_rol` int(10) UNSIGNED NOT NULL AUTO_INCREMENT, AUTO_INCREMENT=3352;
--
-- AUTO_INCREMENT de la tabla `sir_empleado_informacion_laboral`
--
ALTER TABLE `sir_empleado_informacion_laboral`
  MODIFY `id_empleado_informacion_laboral` int(10) UNSIGNED NOT NULL AUTO_INCREMENT, AUTO_INCREMENT=4;
--
-- AUTO_INCREMENT de la tabla `vyp_bitacora_viatico`
--
ALTER TABLE `vyp_bitacora_viatico`
  MODIFY `id_bitacora` int(10) UNSIGNED NOT NULL AUTO_INCREMENT;
--
-- AUTO_INCREMENT de la tabla `vyp_oficinas`
--
ALTER TABLE `vyp_oficinas`
  MODIFY `id_oficina` int(11) NOT NULL AUTO_INCREMENT, AUTO_INCREMENT=7;
--
-- AUTO_INCREMENT de la tabla `vyp_oficinas_telefono`
--
ALTER TABLE `vyp_oficinas_telefono`
  MODIFY `id_vyp_oficinas_telefono` int(11) NOT NULL AUTO_INCREMENT, AUTO_INCREMENT=12;
--
-- AUTO_INCREMENT de la tabla `vyp_rutas`
--
ALTER TABLE `vyp_rutas`
  MODIFY `id_vyp_rutas` int(11) NOT NULL AUTO_INCREMENT, AUTO_INCREMENT=4;
--
-- Restricciones para tablas volcadas
--

--
-- Filtros para la tabla `glb_bitacora`
--
ALTER TABLE `glb_bitacora`
  ADD CONSTRAINT `FK_accion_bitacora` FOREIGN KEY (`id_accion`) REFERENCES `glb_accion_bitacora` (`id_accion`) ON UPDATE CASCADE;
COMMIT;

/*!40101 SET CHARACTER_SET_CLIENT=@OLD_CHARACTER_SET_CLIENT */;
/*!40101 SET CHARACTER_SET_RESULTS=@OLD_CHARACTER_SET_RESULTS */;
/*!40101 SET COLLATION_CONNECTION=@OLD_COLLATION_CONNECTION */;
