-- phpMyAdmin SQL Dump
-- version 4.6.6deb4
-- https://www.phpmyadmin.net/
--
-- Servidor: localhost:3306
-- Tiempo de generación: 05-11-2017 a las 22:06:03
-- Versión del servidor: 5.7.20-0ubuntu0.17.04.1
-- Versión de PHP: 7.0.22-0ubuntu0.17.04.1

SET SQL_MODE = "NO_AUTO_VALUE_ON_ZERO";
SET time_zone = "+00:00";


/*!40101 SET @OLD_CHARACTER_SET_CLIENT=@@CHARACTER_SET_CLIENT */;
/*!40101 SET @OLD_CHARACTER_SET_RESULTS=@@CHARACTER_SET_RESULTS */;
/*!40101 SET @OLD_COLLATION_CONNECTION=@@COLLATION_CONNECTION */;
/*!40101 SET NAMES utf8mb4 */;

--
-- Base de datos: `mtps`
--

-- --------------------------------------------------------

--
-- Estructura de tabla para la tabla `org_genero`
--

CREATE TABLE `org_genero` (
  `id_genero` varchar(5) NOT NULL,
  `genero` varchar(45) NOT NULL
) ENGINE=InnoDB DEFAULT CHARSET=latin1;

--
-- Volcado de datos para la tabla `org_genero`
--

INSERT INTO `org_genero` (`id_genero`, `genero`) VALUES
('00001', 'MASCULINO'),
('00002', 'FEMENINO');

-- --------------------------------------------------------

--
-- Estructura de tabla para la tabla `org_modulo`
--

CREATE TABLE `org_modulo` (
  `id_modulo` int(10) UNSIGNED NOT NULL,
  `id_sistema` int(10) UNSIGNED NOT NULL,
  `nombre_modulo` text NOT NULL,
  `descripcion_modulo` text,
  `orden` int(10) UNSIGNED DEFAULT NULL,
  `dependencia` int(10) UNSIGNED DEFAULT NULL,
  `url_modulo` text,
  `img_modulo` text,
  `opciones_modulo` int(10) UNSIGNED DEFAULT NULL
) ENGINE=InnoDB DEFAULT CHARSET=latin1;

--
-- Volcado de datos para la tabla `org_modulo`
--

INSERT INTO `org_modulo` (`id_modulo`, `id_sistema`, `nombre_modulo`, `descripcion_modulo`, `orden`, `dependencia`, `url_modulo`, `img_modulo`, `opciones_modulo`) VALUES
(1, 1, 'FACTURAS', '', 1, 0, 'mod=facturas&secc=guardar', NULL, NULL),
(2, 1, 'PEDIDOS', '', 2, 0, 'mod=pedidos&secc=guardar', NULL, NULL),
(3, 1, 'PRODUCTOS', '', 3, 0, 'mod=productos&secc=guardar', NULL, NULL),
(4, 1, 'PROVEEDORES', '', 4, 0, 'mod=proveedores&secc=guardar', NULL, NULL),
(5, 1, 'UNIDADES DE PRODUCTOS', '', 5, 0, 'mod=unidades de productos&secc=guardar', NULL, NULL),
(6, 1, 'REPORTES', '', 6, 0, 'mod=reportes', NULL, NULL),
(7, 1, 'FUENTES DE FONDO', '', 7, 0, 'mod=fuentes de fondo&secc=guardar', NULL, NULL),
(8, 1, 'OBJETO ESPECIFICO', '', 8, 0, 'mod=objeto especifico&secc=guardar', NULL, NULL),
(9, 1, 'PERFIL', '', 10, 0, 'mod=perfil', NULL, NULL),
(10, 1, 'CORTE', '', 9, 0, 'mod=corte&secc=guardar', NULL, NULL),
(11, 2, 'SISTEMAS', '', 1, 0, 'mod=sistemas&secc=guardar', NULL, NULL),
(12, 2, 'MODULOS', '', 2, 0, 'mod=modulos&secc=guardar', NULL, NULL),
(13, 2, 'ROLES', '', 3, 0, 'mod=roles&secc=guardar', NULL, NULL),
(14, 2, 'PERMISOS', '', 4, 0, 'mod=permisos&secc=guardar', NULL, NULL),
(15, 2, 'USUARIOS', '', 5, 0, 'mod=usuarios&secc=guardar', NULL, NULL),
(16, 2, 'USUARIO ROL', '', 6, 0, 'mod=usuario rol&secc=guardar', NULL, NULL),
(17, 2, 'SECCIONES', '', 7, 0, 'mod=secciones&secc=guardar', NULL, NULL),
(18, 1, 'CONTEO FISICO', '', 11, 0, 'mod=conteo fisico&secc=guardar', NULL, NULL),
(19, 3, 'CATALOGOS', NULL, 1, 0, NULL, NULL, NULL),
(20, 3, 'CUENTAS CONTABLES', NULL, 1, 19, 'mod=cuentas contables&secc=guardar', NULL, NULL),
(21, 3, 'CATEGORIAS', NULL, 2, 19, 'mod=categorias&secc=guardar', NULL, NULL),
(22, 3, 'SUB CATEGORIAS', NULL, 3, 19, 'mod=sub categorias&secc=seleccionar', NULL, NULL),
(23, 3, 'MOVIMIENTOS', NULL, 4, 19, 'mod=movimientos&secc=guardar', NULL, NULL),
(24, 3, 'OFICINAS', NULL, 5, 19, 'mod=oficinas&secc=guardar', NULL, NULL),
(25, 3, 'ALMACENES', NULL, 6, 19, 'mod=almacenes&secc=guardar', NULL, NULL),
(26, 3, 'MARCAS', NULL, 7, 19, 'mod=marcas&secc=guardar', NULL, NULL),
(27, 3, 'DOCUMENTOS', NULL, 8, 19, 'mod=documentos&secc=guardar', NULL, NULL),
(28, 3, 'CONDICION', NULL, 9, 19, 'mod=condicion&secc=guardar', NULL, NULL),
(29, 3, 'PROYECTOS', NULL, 10, 19, 'mod=proyectos&secc=guardar', NULL, NULL),
(30, 3, 'REGISTRO', NULL, 2, 0, NULL, NULL, NULL),
(31, 3, 'DATOS COMUNES', NULL, 1, 30, 'mod=datos comunes&secc=guardar', NULL, NULL),
(32, 3, 'COD ACTIVOS', NULL, 2, 30, 'mod=cod activos&secc=guardar', NULL, NULL),
(33, 3, 'COD TERRENOS Y EDIF', NULL, 3, 30, 'mod=cod terrenos y edif&secc=guardar', NULL, NULL),
(34, 3, 'REG MOVIMIENTOS', NULL, 5, 30, 'mod=reg movimientos&secc=guardar', NULL, NULL),
(35, 3, 'REPORTES', NULL, 3, 0, 'mod=reportes', NULL, NULL),
(36, 3, 'PERFIL', NULL, 4, 0, 'mod=perfil', NULL, NULL),
(37, 3, 'COD AUTOMOVILES', NULL, 4, 30, 'mod=cod autos&secc=guardar', NULL, NULL),
(38, 4, 'PERSONAL', 'Registro de información personal', 0, 0, 'mod=personal&secc=guardar&ses=0', NULL, NULL),
(39, 4, 'EXPEDIENTES', 'Registro de información laboral del empleado', 1, 0, 'blank', NULL, NULL),
(40, 4, 'CAPACITACION', 'Menú principal de capacitaciones', 2, 0, 'blank', NULL, NULL),
(41, 4, 'CAPACITACIONES', 'Registro de capacitaciones', 3, 40, 'mod=capacitaciones&secc=guardar', NULL, NULL),
(42, 4, 'CAPACITADORES', 'Registro de personal del MTPS que imparte capacitaciones', 4, 40, 'mod=capacitadores&secc=guardar', NULL, NULL),
(43, 4, 'CATALOGOS', 'Menú principal de catálogos SFERH', 5, 0, 'blank.php', NULL, NULL),
(44, 4, 'NIVEL ACADEMICO', 'Registro de niveles academicos', 6, 43, 'mod=nivel academico&secc=guardar', NULL, NULL),
(45, 4, 'DOCUMENTOS', 'Catalogo de tipos de documentos usados en RRHH', 7, 43, 'mod=documentos&secc=guardar', NULL, NULL),
(46, 4, 'LICENCIAS', 'Catalogo de tipos de licencias usada en RRHH', 8, 43, 'mod=licencias&secc=guardar', NULL, NULL),
(47, 4, 'CARGOS FUNCIONALES', 'Catalogo de cargos funcionales en RRHH', 9, 43, 'mod=cargos funcionales&secc=guardar', NULL, NULL),
(48, 4, 'CARGOS NOMINALES', 'Catalogo de cargos nominales usados en RRHH', 10, 43, 'mod=cargos nominales&secc=guardar', NULL, NULL),
(49, 4, 'REPORTES', 'Listado de reportes que se pueden generar en RRHH', 11, 0, 'mod=reportes', NULL, NULL),
(50, 4, 'EXPEDIENTE', 'Información general del expediente del empleado, se considera a futuro el registro de información del expediente (ubicación física u otros)', 12, 39, 'mod=expediente&secc=lista', NULL, NULL),
(51, 4, 'LABORAL', 'Registro de información laboral del empleado', 13, 39, 'mod=laboral&secc=guardar', NULL, NULL),
(52, 4, 'LICENCIA', 'Registro de las licencias del empleado', 14, 39, 'mod=licencia&secc=guardar', NULL, NULL),
(53, 4, 'TITULOS', 'Registro de títulos del empleado ', 15, 39, 'mod=titulos&secc=guardar', NULL, NULL),
(54, 4, 'FAMILIARES', 'Registro de familiares del empleado', 16, 39, 'mod=familiares&secc=guardar', NULL, NULL),
(55, 4, 'RECORD', 'Registro del record del personal', 17, 39, 'mod=record&secc=lista', NULL, NULL),
(56, 4, 'PERFIL', 'Cambio de credenciales', 19, 0, 'mod=perfil', NULL, NULL),
(57, 3, 'PROVEEDORES', NULL, 11, 19, 'mod=proveedores&secc=guardar', NULL, NULL),
(59, 4, 'BENEFICIOS', '', 18, 0, '', NULL, NULL),
(60, 4, 'ARTICULOS', 'Vinculación de beneficios', 21, 59, 'mod=articulos&secc=guardar', NULL, NULL),
(61, 4, 'BENEFICIOS', 'Registro de beneficios', 20, 59, 'mod=beneficios&secc=guardar', NULL, NULL),
(62, 4, 'ASIGNACION', 'Registro de benficios a empleados', 22, 59, 'mod=asignacion&secc=guardar', NULL, NULL),
(63, 3, 'ACTA DESCARGO', 'registro de descargos', 6, 30, 'mod=acta descargo&secc=guardar', NULL, NULL),
(64, 5, 'Gestión de Transporte', 'Registro de solicitudes de Misiones Oficiales', 1, NULL, 'NULL', 'transporte.png', 4),
(65, 5, 'Crear solicitud de Misión Oficial', 'Ingreso de nueva solicitud de prestamo vehicular', 1, 64, 'transporte/solicitud', '', 4),
(66, 5, 'Control de solicitudes', 'Aprobar/Rechazar solicitudes hechas por los usuarios', 2, 64, 'transporte/control_solicitudes', '', 3),
(67, 5, 'Ver solicitudes', 'Ver el estado actual de las solicitudes hechas', 3, 64, 'transporte/ver_solicitudes', '', 4),
(68, 5, 'Asignación de vehículo/motorista', 'Establecer el vehículo y motorista a utilizar en una Misión Oficial', 4, 64, 'transporte/asignar_vehiculo_motorista', '', 3),
(69, 5, 'Ingreso de vales de combustible', 'Ingreso de vales de combustible', 1, 76, 'vales/ingreso_vales', '', 2),
(70, 5, 'Control de salidas/entradas', 'Registro del estado inicial y final del vehículo', 5, 64, 'transporte/control_salidas_entradas', '', 3),
(71, 5, 'Reportes y formularios', 'Consolidado de datos para exportación a hoja electronica/pdf', 6, 64, 'NULL', '', 4),
(72, 5, 'Solicitud de Misión Oficial', 'Exportación a pdf de una solicitud', 1, 71, 'transporte/reporte_solicitud', '', 4),
(73, 5, 'Control de salidas/entradas', 'Exportación a hoja electrónica/pdf de los movimientos de los vehículos', 2, 71, 'transporte/reporte_salidas_entradas', '', 3),
(74, 5, 'Bitácora de vehículos', 'Exportación a hoja electrónica/pdf de los movimientos del historial de viajes por vehículo', 3, 71, 'transporte/bitacora_vehiculos', '', 3),
(75, 5, 'Rediminiento vehicular', 'Exportación a hoja electrónica/pdf del rendimiento por combustible de los vehículos', 4, 71, 'transporte/reporte_vehicular', '', 3),
(76, 5, 'Vales de Combustible', 'Registro y Asignación de vales de combustible', 2, NULL, 'NULL', 'vales.png', 3),
(77, 5, 'Cerrar Sesión', 'Salir del Sistema', 6, NULL, 'sessiones/cerrar_session', 'cerrar.png', 1),
(78, 5, 'Mantenimiento Vehicular', 'Lo relacionado al mantenimiento de vehiculos', 3, NULL, 'NULL', 'mantenimiento.png', 2),
(79, 5, 'Control de vehículos', 'Gestión de vehículos ', 3, 78, 'vehiculo/vehiculos', NULL, 2),
(80, 5, 'Control de presupuestos', 'Gestión de presupuestos', 1, 78, 'vehiculo/presupuestos', NULL, 2),
(81, 5, 'Requisición de combustible', 'Ingreso de solicitud de combustible', 2, 76, 'vales/ingreso_requisicion', '', 3),
(82, 5, 'Comsumo de combustible', 'Control de consumo diario de combustible', 5, 76, 'vales/ingreso_consumo', '', 3),
(83, 5, 'Usuarios', 'Control de usuarios y roles', 4, NULL, 'NULL', 'user.png', 1),
(84, 5, 'Control de roles', 'Creación, modificación y eliminacón de roles', 1, 83, 'usuarios/roles', '', 1),
(85, 5, 'Control de usuarios', 'Creación, modificación y eliminacón de usuarios', 2, 83, 'usuarios/usuario', '', 1),
(86, 5, 'Autorizar Requisiciones', 'Muestra las requisiciones con visto bueno', 3, 76, 'vales/autorizacion', '', 1),
(87, 5, 'Entrega de Vales', 'Muestra las requisiciones autorizadas para que puedan ser entregadas', 4, 76, 'vales/entrega', '', 1),
(88, 5, 'Asignaciones de Vales', 'Permite modificar, agregar o eliminar las asignaciones de vales ', 3, 110, 'vales/asignaciones', '', 1),
(89, 5, 'Ver requisiciones', 'Muestra es estado e informacion de la requisicion', 4, 113, 'vales/ver_requisiciones', '', 3),
(90, 7, 'Inicio', 'Dashboard de información del sistema', 1, NULL, NULL, 'fa fa-home', 3),
(91, 7, 'Reportes', 'Consolidado de datos para exportación a hoja electronica/pdf', 6, NULL, NULL, 'fa fa-file-text', 1),
(92, 7, 'Promociones', 'Reporte de promociones realizadas', 1, 91, 'promocion/promociones', 'fa fa-caret-right', 2),
(93, 7, 'Promoción', 'Ingreso de toda la información relacionada a las empresas', 2, NULL, NULL, 'fa fa-building-o', 2),
(94, 7, 'Registrar empleador/a', 'Ingreso de la información básica de empleador', 1, 93, 'promocion/general', 'fa fa-caret-right', 1),
(95, 7, 'Registrar promoción', 'Ingreso de la visita a lugar de trabajo', 6, 93, 'promocion/ingreso', 'fa fa-caret-right', 3),
(96, 7, 'Programar visita', 'Asignación de visitas a empresas por promotores', 4, 93, 'promocion/programa', 'fa fa-caret-right', 3),
(97, 7, 'Capacitación', NULL, 3, NULL, NULL, 'fa fa-group', 2),
(98, 7, 'Programar capacitación', 'Programar capacitación de lugares de trabajo', 2, 97, 'acreditacion/capacitacion', 'fa fa-caret-right', 3),
(99, 7, 'Control asistencia', 'Regsitro de asistencia a capacitaciones', 3, 97, 'acreditacion/asistencia', 'fa fa-caret-right', 3),
(100, 7, 'Acreditación', NULL, 4, NULL, NULL, 'glyphicon glyphicon-check', 2),
(101, 7, 'Verificación', NULL, 5, NULL, NULL, 'fa fa-th-list', 2),
(102, 7, 'Programar visita', 'Asignación de visitas a lugares de trabajo', 2, 101, 'verificacion/programa', 'fa fa-caret-right', 3),
(103, 7, 'Ingreso de control de visita', 'Verificación de cumpliemiento de capacitación', 3, 101, 'verificacion/ingreso', 'fa fa-caret-right', 3),
(104, 7, 'Usuarios', 'Control de usuarios y roles', 6, NULL, NULL, 'glyphicon glyphicon-user', 1),
(105, 7, 'Control de roles', 'Creación, modificación y eliminacón de roles', 1, 104, 'usuarios/roles', 'fa fa-caret-right', 1),
(106, 7, 'Control de usuarios', 'Creación, modificación y eliminacón de usuarios', 2, 104, 'usuarios/usuario', 'fa fa-caret-right', 1),
(107, 7, 'Registrar lugares de trabajo', 'Ingreso de la información básica de lugares de trabajo', 2, 93, 'promocion/lugares_trabajo', 'fa fa-caret-right', 1),
(108, 7, 'Registrar participantes', 'Ingreso de empleados de lugares de trabajo que asistirán a capacitación', 1, 97, 'acreditacion/participantes', 'fa fa-caret-right', 2),
(109, 7, 'Ver asignaciones', 'Calendarización de visitas a lugares de trabajo', 5, 93, 'promocion/ver_asignaciones', 'fa fa-caret-right', 3),
(110, 5, 'Estado y Mantenimiento', 'Muestra el estado de los vales y requisiciones, asi como tambiem mantenimiento de datos para el sistema', 6, 76, 'NULL', '', 3),
(111, 5, 'Estado de Vales', 'Muestra la cantidad de vales con los que se cuenta', 1, 110, 'vales/estado', '', 3),
(112, 5, 'Herramientas', 'Creación, modicación y eliminacion de herramientas que consumen combustible', 2, 110, 'vales/herramientas', '', 3),
(113, 5, 'Informes', 'Muestra informes del consumo de vales de combustible', 6, 76, 'NULL', '', 3),
(114, 5, 'Consumo de vales y asignacion ', 'Muestra un informe de consumo de vales en comparación con lo asignado', 1, 113, 'vales/reporte_consumo', '', 3),
(115, 5, 'Consumo por vehiculo', 'Muestra el consumo por vehiculo', 2, 113, 'vales/reporte_vehiculo', '', 3),
(116, 5, 'Control de Vehículos en Taller Interno', 'Gestiona el proceso de los vehículos en el taller interno', 4, 78, 'vehiculo/control_taller', NULL, 2),
(117, 5, 'Bodega', 'Inventario de los árticulos disponibles en bodega', 2, 78, 'vehiculo/bodega', NULL, 1),
(118, 5, 'Control de Vehículos en Taller Externo', 'Gestiona el proceso de los vehículos en taller externo', 5, 78, 'vehiculo/control_taller_ext', NULL, 2),
(119, 5, 'Fuentes de fondos', 'Gestionar fuente de fondo', 7, 110, 'vales/fuente_fondos', '', 1),
(123, 5, 'Consumo Historico', 'Muestra el consumo historico por vehiculo', 3, 113, 'vales/reporte_historico', '', 3),
(124, 5, 'Asignación de vehiculos', 'Asignación de vehiculos a una sección de consumo', 4, 110, 'vales/asignacion_vehiculo', '', 1),
(125, 7, 'Registrar comité', 'Registro de conformación de comité', 1, 100, 'acreditacion/registrar_comite', 'fa fa-caret-right', 2),
(126, 7, 'Aprobar proceso de acreditaciones', 'Aprobación del registro de conformación de comité', 2, 100, 'acreditacion/aprobar_comite', 'fa fa-caret-right', 2),
(127, 7, 'Imprimir acreditación', 'Impresión de acreditaciones válidadas ', 3, 100, 'acreditacion/imprimir_acreditacion', 'fa fa-caret-right', 2),
(128, 7, 'Capacitaciones', 'Reporte de capacitaciones ', 2, 91, 'acreditacion/capacitaciones', 'fa fa-caret-right', 2),
(129, 7, 'Acreditaciones', 'Reporte de acreditaciones', 3, 91, 'acreditacion/acreditaciones', 'fa fa-caret-right', 2),
(130, 7, 'Verificaciones', 'Reporte de verificaciones', 4, 91, 'verificacion/verificaciones', 'fa fa-caret-right', 2),
(131, 5, 'Asignacion y Entrega ', 'Reporte de asignación y entrega de vales', 4, 113, 'vales/reporte_asignacion', NULL, 1),
(132, 7, 'Asignar visita', 'Asignación de visitas a empresas por promotores', 3, 93, 'promocion/asignacion', 'fa fa-caret-right', 2),
(133, 7, 'Asignar visita', 'Asignación de visitas a empresas por promotores', 1, 101, 'verificacion/asignacion', 'fa fa-caret-right', 2),
(134, 7, 'Informe mensual', 'Resumen del informe mensual de las actividades realizadas', 6, 91, 'inicio/informe_mensual', 'fa fa-caret-right', 2),
(135, 5, 'Perfil', 'Ver informacion de usuario y cambiar clave', 5, NULL, 'usuarios/perfil', 'user.png', 4),
(136, 5, 'Informes', 'Generar informes del área de mantenimiento vehicular', 6, 78, 'NULL', NULL, 2),
(137, 5, 'Ver facturas', 'Administración de facturas', 5, 110, 'vales/ver_facturas', NULL, 3),
(138, 5, 'Liquidacion de combustible', 'Ver reporte de liquidacion de combustible mensual', 4, 113, 'vales/reporte_liquidacion', NULL, 3),
(139, 8, 'NOTICIASOFERTAS', NULL, 0, 0, NULL, NULL, NULL),
(140, 5, 'Gasolineras', 'Gestionar gasolineras', 7, 110, 'vales/gasolineras', '', 1),
(141, 5, 'Kardex de artículos', 'Genera un Kardex de los artículos', 2, 136, 'vehiculo/kardex_articulo', NULL, 1),
(142, 5, 'Mantenimientos', 'Genera un informe estadístico de los mantenimientos realizados a los vehículo', 3, 136, 'vehiculo/reporte_mantenimientos', NULL, 2),
(143, 5, 'Hoja de control por vehículo', 'Genera la hoja de reparación y mantenimiento en Taller Interno', 4, 136, 'vehiculo/hoja_control_vehiculo', NULL, 1),
(144, 5, 'Hoja de control de encargado de mantenimiento', 'Generar hoja de control de encargado de mantenimiento por vehículo', 1, 136, 'vehiculo/hoja_mtto_preventivo', NULL, 2),
(145, 7, 'Incumplimiento de LGPRLT', 'Reporte de incumplimientos de LGPRLT', 5, 91, 'inicio/incumplimiento_LGPRLT', 'fa fa-caret-right', 2),
(146, 9, 'Capacitaciones', 'Gestionar capacitaciones y programar las mismas', 2, NULL, '', 'fa fa-group icon-sidebar', 1),
(147, 9, 'Factores', 'Gestionar factores  a evaluar', 3, NULL, 'factores', 'fa fa-flask icon-sidebar', 1),
(148, 9, 'Perfiles de evaluación', 'Gestionar criterios de evaluación para una determinada categoría de empleados y empleadas', 4, NULL, 'factores/perfiles', 'fa fa-edit icon-sidebar', 1),
(149, 9, 'Evaluación', 'Gestionar todo lo relacionado a la evaluacion', 5, NULL, '', 'fa fa-bar-chart-o icon-sidebar', 1),
(150, 9, 'Asignación', 'Asignación de personas que evaluarán y empleados correspondientes', 2, 149, 'evaluacion/asignacion', '', 3),
(151, 9, 'Realizar evaluación', 'Realizar evaluaciones del personal', 3, 149, 'evaluacion/realizar', '', 3),
(152, 9, 'Gestionar capacitaciones', 'Gestionar capacitaciones sugeridas al final de la  evaluacion', 2, 146, 'capacitacion/lista', '', 1),
(153, 9, 'Programar capacitaciones', 'Programar las capacitaciones mas solicitadas', 3, 146, 'capacitacion/programacion', '', 1),
(154, 9, 'Inconformidades', 'Revisión de evaluaciones', 4, 149, 'evaluacion/inconformes', '', 1),
(155, 9, 'Inicio', 'Información general del sistema', 1, NULL, 'inicio/', 'fa fa-dashboard icon-sidebar', 3),
(156, 9, 'Reportes', 'Ver reportes del sistema', 6, NULL, NULL, 'fa fa-file-text icon-sidebar', 1),
(157, 9, 'Gestionar áreas', 'Gestionar áreas de capacitaciones', 1, 146, 'capacitacion/areas', '', 1),
(158, 9, 'Ediciones de evaluación', 'Gestionar ediciones de evaluación y perfiles de evaluacion', 1, 149, 'evaluacion/ediciones', '', 1),
(159, 5, 'Presupuestos', 'Genera los informes referentes a los presupuestos', 5, 136, 'vehiculo/reporte_presupuesto', NULL, 1),
(166, 9, 'Capacitaciones', 'Muestra las capacitaciones solicitadas por oficina', 1, 156, 'reportes/capacitaciones', NULL, 1),
(168, 10, 'Inicio', 'Dashboard de información del sistema', 1, NULL, NULL, 'fa fa-home', 3),
(169, 10, 'Plan Estratégico Institucional', NULL, 2, NULL, NULL, 'fa fa-file', 1),
(170, 10, 'Plan Anual de Trabajo', NULL, 3, NULL, NULL, 'fa fa-flag', 3),
(171, 10, 'Monitorieo de Planificación', NULL, 4, NULL, NULL, 'fa fa-pencil', 3),
(172, 10, 'Usuarios', 'Control de usuarios y roles', 6, NULL, NULL, 'glyphicon glyphicon-user', 1),
(173, 10, 'Control de roles', 'Creación, modificación y eliminacón de roles', 1, 172, 'usuarios/roles', 'fa fa-caret-right', 1),
(174, 10, 'Informe de Avance', 'Estado actual del desarrollo de las actividades', 1, 175, 'reportes/avance', NULL, 3),
(175, 10, 'Reportes', 'Consolidado de datos para exportación a hoja electrónica/pdf', 5, NULL, NULL, 'fa fa-file-text', 3),
(176, 10, 'Configuración PEI', 'Configuración inicial del PEI', 1, 169, 'pei/documento', NULL, 1),
(177, 10, 'Configuración PAT', 'Configuración inicial del PAT', 1, 170, 'pat/configuracion', NULL, 1),
(178, 10, 'Validación PAT', 'Revisión y validación de las actividades del PAT', 3, 170, 'pat/validacion', NULL, 1),
(179, 10, 'Control de cumplimiento PAT', 'Ingreso de cumplimiento de metas mensuales plasmadas en el PAT', 1, 171, 'monitoreo/pat', NULL, 3),
(180, 10, 'Control PAT', 'Mantenimiento del PAT', 2, 170, 'pat/cpat', '', 3),
(181, 10, 'Control PEI', 'Mantenimiento del PEI', 2, 169, 'pei/objetivos', NULL, 1),
(182, 9, 'Puntuaciones', 'Muestra las puntuaciones en diferentes clasificaciones', 2, 156, 'reportes/por_niveles', NULL, 1),
(183, 9, 'Usuarios', 'Permite gestionar el acceso al sistema', 7, NULL, NULL, 'fa fa-user icon-sidebar', 1),
(184, 9, 'Enviar Contraseñas', 'Envia las contraseñas a los evaluadores', 1, 183, 'usuarios/enviar_claves', NULL, 1),
(185, 9, 'Usuarios', 'Administrar usuarios', 1, 183, 'usuarios/usuarios', NULL, 1),
(186, 9, 'Roles', 'Administrar roles', 1, 183, 'usuarios/roles', NULL, 1),
(187, 9, 'No evaluados', 'Muestra las razones por la cual no fueron evaluados algunos empleados', 3, 156, 'reportes/razones', '', 1),
(188, 11, 'Usuarios', 'Control de Usuarios', 1, NULL, 'usuarios/usuario', 'usuarios.png', 1),
(189, 11, 'Roles', 'Control de Roles', 2, NULL, 'usuarios/roles', 'roles.png', 1),
(190, 11, 'Bitácora', 'Control la bitácora de los Sistemas', 3, NULL, 'seguridad/bitacora', 'bitacora.png', 1),
(191, 11, 'Base de Datos', 'Control de Base de Datos', 4, NULL, 'seguridad/base_datos', 'base.png', 1),
(192, 11, 'Cerrar Sesión', 'Salir del Sistema', 5, NULL, 'sessiones/cerrar_session', 'cerrar.png', 1),
(193, 3, 'CAMBIO DE PROYECTO', 'módulo para cambio de proyecto en bienes', 7, 30, 'mod=cambio de proyecto&secc=guardar', NULL, NULL),
(194, 5, 'Gasolina para vehiculos en taller', 'Habilita que se pueda depositar combustible a vehículos en taller', 5, NULL, NULL, NULL, 1),
(195, 13, 'Productos', 'registro de productos', 1, 0, '', 'icon-price', 1),
(196, 13, 'Unidad Medida', 'registro de unidad medida para Bodega', 1, 195, 'Bodega/Unidadmedidas', 'icon-unidad', 4),
(197, 13, 'Producto y Servicios', 'registro de productos para Bodega', 2, 195, 'Bodega/Productos', 'icon-price', 4),
(198, 13, 'Especificos', 'registro de especificos para Bodega', 3, 195, 'Bodega/Especificos', 'icon-especifico', 4),
(199, 13, 'Detalle Producto', 'registro de detalle Producto para Bodega', 0, 198, 'Bodega/detalleProductos', '', 4),
(200, 13, 'Facturas', 'registro de facturas', 2, 0, '', 'icon-file-text2', 1),
(201, 13, 'Proveedores', 'registro de proveedores para Bodega', 2, 200, 'Bodega/Proveedores', 'icon-proveedores', 4),
(202, 13, 'Fuente de Fondos', 'registro de fuente de fondos para Bodega', 3, 200, 'Bodega/Fuentefondos', 'icon-fuente', 4),
(203, 13, 'Factura', 'registro de facturas para Bodega', 4, 200, 'Bodega/Factura', 'icon-factura', 4),
(204, 13, 'Detalle Factura', 'registro de detalle facturas para Bodega', 0, 203, 'Bodega/Detallefactura', '', 4),
(205, 13, 'Bodega', 'gestionar bodega', 3, 0, '', 'icon-database', 1),
(206, 13, 'Solicitudes', 'gention de solicitudes para Bodega', 1, 205, '', 'icon-solicitud', 4),
(207, 13, '1-Solicitud de Bodega', 'registro de solicitudes para Bodega', 1, 206, 'Bodega/Solicitud', 'icon-solicitud', 4),
(208, 13, 'Detalle Solicitud', 'registro de detalle Solicitud para Bodega', 0, 207, 'Bodega/detalle_solicitud_producto', '', 4),
(209, 13, '3-Retiro', 'registro de retiros para Bodega', 3, 206, 'Bodega/Retiro', 'icon-retiro', 4),
(210, 13, 'Detalle Retiro', 'registro de detalle retiro para Bodega', 0, 209, 'Bodega/detalle_retiro', '', 4),
(211, 13, '2-Control Solicitud', 'Control Solicitud para Bodega', 2, 206, 'Bodega/Solicitud_control', 'icon-equalizer2', 2),
(212, 13, 'Detalle Solicitud Control', 'registro de detalle Solicitud Control para Bodega', 0, 211, 'Bodega/detalle_solicitud_control', '', 4),
(213, 13, 'Conteo Fisico', 'registro de conteo conteo fisico para Bodega', 2, 205, 'Bodega/ConteoFisico', 'icon-pencil', 4),
(214, 13, 'Detalle Conteo', 'registro de detalle conteo para Bodega', 0, 213, 'Bodega/DetalleConteo', '', 4),
(215, 13, 'Reportes', 'registro de reportes para Bodega', 3, 205, '', 'icon-reporte', 1),
(216, 13, '1-Generación KARDEX', 'generacion kardex peps para Bodega', 1, 215, 'Bodega/kardex/ReporteKardex', 'icon-stats-dots', 1),
(217, 13, '2-Inventario General', 'inventario general para Bodega', 2, 215, 'Bodega/Kardex/ReporteGeneral', 'icon-calculator', 1),
(218, 13, '3-Salidas y Saldos por OE ', 'salidas y saldos para Bodega', 3, 215, 'Bodega/retiro/reporte', 'icon-upload', 1),
(219, 13, '4-Proveedor, Factura y Especifico', 'Proveedor, Factura y Especifico para Bodega', 4, 215, 'Bodega/Proveedores/Reporte', 'icon-proveedores', 1),
(220, 13, '5-Gasto Global por Sección ', 'Gasto Global por Sección para Bodega', 5, 215, 'Bodega/detalle_solicitud_producto/reporteGastoSeccion', 'icon-coin-dollar', 1),
(221, 13, '6-Ingreso Global por Sección ', 'Ingreso Global por Sección para Bodega', 6, 215, 'Bodega/factura/reporteIngresoSeccion', 'icon-download', 1),
(222, 13, '7-Productos con lento movimiento', 'Productos con lento movimiento para Bodega', 7, 215, 'Bodega/Productos/reporte', 'icon-hour-glass', 1),
(223, 13, '8-Comparación Conteo Físico', 'comparación conteo físico para Bodega', 8, 215, 'Bodega/ConteoFisico/Reporte', 'icon-pencil', 1),
(224, 13, '9-Kardex Existencias Detallado', 'inventario general peps para Bodega', 9, 215, 'Bodega/Kardex_Todos/ReporteKardex', 'icon-sphere', 1),
(225, 13, '10-Kardex Resumido', 'kardex resumido para Bodega', 10, 215, 'Bodega/Kardex_Todos/KardexResumido', 'icon-paragraph-left', 1),
(226, 13, 'Compras', 'gestionar compras', 4, 0, '', 'icon-compra', 1),
(227, 13, '1-Solicitud de Compras', 'registro de solicitudes de compras', 1, 226, 'Compras/Solicitud_Compra', 'icon-solicitud', 4),
(228, 13, 'Detalle Solicitud Compras', 'registro de detalle Solicitud de Compras', 0, 227, 'Compras/Solicitud_Compra/Detalle_Solicitud_Compra', '', 4),
(229, 13, 'Estado de solicitud de compras', 'Estado de solicitud de compras', 0, 227, 'Compras/Estado_solicitud', '', 4),
(230, 13, '2-Aprobar Solicitud', 'Aprobar/Denegar solictudes compra', 2, 226, 'Compras/Aprobar_Solicitud', 'icon-aprobar-compra', 2),
(231, 13, 'Aprobar Detalle Solicitud Compra ', 'registro de detalle Solicitud de compra', 0, 230, 'Compras/Aprobar_Solicitud/Detalle_Solicitud_Compra', '', 4),
(232, 13, '5-Orden de Compras', 'registro de orden de compras', 5, 226, 'Compras/Orden_Compra', 'icon-file-text2', 4),
(233, 13, 'Detalle Orden de Compras', 'registro de orden de compras', 0, 232, 'Compras/Detalle_orden_compra', '', 4),
(234, 13, '3-Gestionar Solicitud', 'gestión de solicitudes por jefe de compras', 3, 226, 'Compras/Gestionar_Solicitud', 'icon-equalizer2', 4),
(235, 13, 'Gestion Detalle Solicitud Compra ', 'registro de detalle Solicitud de compra', 0, 234, 'Compras/Gestionar_Solicitud/Detalle_Solicitud_Compra', '', 4),
(236, 13, '6-Compromiso Presupuestario', 'registro de compromiso presupuestario', 6, 226, 'Compras/Compromiso_Presupuestario', 'icon-compromiso', 4),
(237, 13, '4-Solicitud Disponibilidad', 'registro de solicitud de disponibilidad financiera', 4, 226, 'Compras/Solicitud_Disponibilidad', 'icon-disponibilidad', 4),
(239, 13, 'Activos Fijos', 'gestionar activos fijos', 5, 0, '', 'icon-office', 1),
(240, 13, 'Datos Comunes', 'gention de datos comunes de los bienes', 1, 239, '', 'icon-datos', 4),
(241, 13, 'Tipos de movimiento', 'registro de tipos de movimiento', 1, 240, 'ActivoFijo/Tipo_movimiento', 'icon-cog', 4),
(242, 13, 'Marcas', 'registro de marcas', 2, 240, 'ActivoFijo/Marcas', 'icon-stackoverflow', 4),
(243, 13, 'Documentos de amparo', 'registro de documentos de amparo', 3, 240, 'ActivoFijo/Doc_ampara', 'icon-ampara', 4),
(244, 13, 'Cuentas Contables', 'Registro de cuentas contables', 4, 240, 'ActivoFijo/Cuenta_Contable', 'icon-contable', 4),
(245, 13, 'Datos comunes', 'Registro de datos comunes de los bienes', 5, 240, 'ActivoFijo/Datos_comunes', 'icon-comun', 4),
(246, 13, 'Codificación de bienes', 'gention de codificacion de bienes', 2, 239, '', 'icon-bien', 4),
(247, 13, 'Bienes muebles', 'registro de bienes muebles', 1, 246, 'ActivoFijo/Bienes_muebles', 'icon-road', 4),
(248, 13, 'Bienes inmuebles', 'registro de bienes inmuebles', 2, 246, 'ActivoFijo/Bienes_Inmuebles', 'icon-muebles', 4),
(249, 13, 'Categorías', 'registro de categorías', 3, 246, 'ActivoFijo/Categoria', 'icon-list-numbered', 4),
(250, 13, 'Subcategorías', 'registro de Subcategorías', 4, 246, 'ActivoFijo/Seleccion_categoria', 'icon-price', 4),
(251, 13, 'Registro de Subcategorías', 'registro de Subcategorías', 0, 250, 'ActivoFijo/Subcategoria', '', 4),
(252, 13, 'Condiciones del bien', 'registro de condiciones del bien', 5, 246, 'ActivoFijo/Condicion_bien', 'icon-table', 4),
(253, 13, 'Institucionales', 'gention de catalogos institucionales', 3, 239, '', 'icon-stack', 4),
(254, 13, 'Oficinas', 'registro de oficinas', 2, 253, 'ActivoFijo/Oficinas', 'icon-oficina', 4),
(255, 13, 'Almacenes', 'registro de Almacenes', 3, 253, 'ActivoFijo/Almacenes', 'icon-floppy-disk', 4),
(256, 13, 'Procesos', 'gestion de procesos referentes a AF', 4, 239, '', 'icon-users', 4),
(257, 13, 'Movimientos', 'registro de movimientos', 1, 256, 'ActivoFijo/Movimiento', 'icon-share', 4),
(258, 13, 'Detalle Movimiento', 'registro de detalle de movimiento', 0, 257, 'ActivoFijo/Detalle_Movimiento', '', 4),
(259, 13, 'Reportes', 'Generar reportes para Activo Fijo', 5, 239, '', 'icon-reporte', 1),
(260, 13, '1-Bienes por usuario', 'generacion de reporte bienes por usuario', 1, 259, 'ActivoFijo/Reportes/Bienes_por_usuario/reporte', 'icon-user', 1),
(261, 13, '2-Bienes por Unidad', 'generacion de reporte bienes por unidad', 2, 259, 'ActivoFijo/Reportes/Bienes_por_unidad/reporte', 'icon-make-group', 1),
(262, 13, '3-Bienes por Proyecto', 'generacion de reporte bienes por proyecto', 3, 259, 'ActivoFijo/Reportes/Bienes_por_proyecto/reporte', 'icon-fuente', 1),
(263, 13, '4-Datos del bien', 'generacion de reporte datos del bien', 4, 259, 'ActivoFijo/Reportes/Datos_del_bien/reporte', 'icon-comun', 1),
(264, 13, 'Historial de movimientos', 'Consultar el historial de movimientos del bien', 0, 263, 'ActivoFijo/Reportes/Historial_movimientos', '', 1),
(265, 13, '5-Reporte General', 'generacion de reporte general', 5, 259, 'ActivoFijo/Reportes/Reporte_general/reporte', 'icon-table', 1),
(266, 13, '6- Reporte de Movimiento por Oficina', 'generacion ', 6, 259, 'ActivoFijo/Reportes/Movimientos_por_oficina/Reporte', 'icon-share', 1),
(267, 13, '7- Resumen Cuenta Contable', 'resumen de las cuentas contables ', 7, 259, 'ActivoFijo/Reportes/Resumen_cuenta_contable/Reporte', 'icon-file-zip', 1),
(268, 13, 'Rastreabilidad', 'Reporte de rastreabilidad de los usuarios', 6, 0, 'Rastreabilidad/reporte', 'icon-table', 1),
(269, 13, 'Usuario Rol', 'Registro de los usuarios con suus respectivos roles de SICBAF', 7, 0, 'Usuario_Rol', 'icon-user', 4),
(270, 13, 'Reportes', 'Generar reportes Compras', 7, 226, NULL, 'icon-reporte', 1),
(271, 13, '1-Reporte Orden de Compra', 'Generar reporte de orden de compra por fechas', 1, 270, 'Compras/Reportes/Reporte_orden_compra/reporte', 'icon-table', 1),
(272, 13, '2-Reporte Disponibilidad Financiera', 'Generar reporte de solicitudes de disponibilidad finaciera por fechas', 2, 270, 'Compras/Reportes/Reporte_solicitud_disponibilidad/reporteDisponibilidad', 'icon-coin-dollar', 1),
(273, 13, '3-Reporte por linea presupuestaria', 'Generar reporte por linea presupuestaria', 3, 270, 'Compras/Reportes/Reporte_linea_presupuestaria/reporte', 'icon-stats-dots', 1),
(275, 13, 'Equipo Informático', 'gestión de equipos informaticos', 5, 239, '', 'icon-display', 4),
(276, 13, 'Procesadores', 'registro de procesadores', 1, 275, 'ActivoFijo/Procesador', 'icon-cogs', 4),
(277, 13, 'Discos Duros', 'registro de discos duros', 2, 275, 'ActivoFijo/Disco_Duro', 'icon-drawer', 4),
(278, 13, 'Memorias', 'registro de memorias', 3, 275, 'ActivoFijo/Memoria', 'icon-meter', 4),
(279, 13, 'Sistemas operativos', 'registro de versiones de sistemas operativos', 4, 275, 'ActivoFijo/Sistema_operativo', 'icon-terminal', 4),
(280, 13, '4-Reporte Solicitudes Denegadas', 'Generar reporte de solicitudes de compras denegadas por fechas', 4, 270, 'Compras/Reportes/Reporte_solicitudes_denegadas/reporte', 'icon-cancel-circle', 1),
(281, 13, 'Office', 'registro de versiones de office', 5, 275, 'ActivoFijo/Office', 'icon-files-empty', 4),
(282, 13, '4-Solicitud + Retiro', 'ingresar solicitud, y realizar ell retiro de bodega directamente', 4, 206, 'Bodega/Solicitud_retiro', 'icon-power', 4),
(283, 13, '8- Reporte Depreciacion por Cuenta Contable', 'Reporte Depreciacion por Cuenta Contable', 8, 259, 'ActivoFijo/Reportes/Depreciacion_cuenta_contable/reporte', 'icon-sort-amount-desc', 1),
(285, 13, 'Equipo informático\n', 'Registro de Equipo Informático', 0, 247, 'ActivoFijo/Equipo_informatico', '', 4),
(286, 13, 'Detalle de productos', 'registro de detalle Solicitud de disponibilidad financiera', 0, 237, 'Compras/Detalle_Solicitud_Disponibilidad', '', 4),
(287, 13, 'Detalle de montos', 'registro de detalle Solicitud de disponibilidad financiera', 0, 237, 'Compras/Detalle_disponibilidad_montos', '', 4),
(288, 13, 'Categoría proveedores', 'registro de categoria de proveedores para Bodega', 1, 200, 'Bodega/Categoria_proveedor', 'icon-address-book', 4),
(289, 13, '9- Reporte de Ingresos de Bienes Adquiridos', 'Detalle de bienes adquiridos en intervalos de fecha', 9, 259, 'ActivoFijo/Reportes/Reporte_ingreso/reporte', 'icon-bienadquirido', 1),
(290, 13, '10- Reporte Tipo Computadora', 'Detalle de bienes de categoria equipo informatico por tipo de computadora', 10, 259, 'ActivoFijo/Reportes/Reporte_tipo_computadora/Reporte', 'icon-display', 1),
(291, 13, '11- Reporte por Version de Sistema Operativo', 'Reporte por Version de Sistema Operativo', 11, 259, 'ActivoFijo/Reportes/Reporte_sistema_operativo/Reporte', 'icon-terminal', 1),
(292, 13, '12- Reporte por versión de office', 'Reporte por versión de office', 12, 259, 'ActivoFijo/Reportes/Reporte_version_office/Reporte', 'icon-libreoffice', 1),
(293, 13, 'Detalle Orden de Compras Resumen', 'Registro de los productos que serviran como resumen del detalle de la OC', 0, 232, 'Compras/Detalle_orden_resumen', '', 4),
(294, 13, 'Detalle Proveedor', 'datos de los proveedores', 0, 201, 'Bodega/DetalleProveedor', '', 4),
(295, 13, 'Solicitud de movimientos', 'Ingreso de solicitud de movimientos', 2, 256, 'ActivoFijo/Solicitud_movimiento', 'icon-solicitud', 4),
(296, 13, 'Detalle Solicitud Movimiento', 'ingreso de detalle solicitud de movimiento', 0, 295, 'ActivoFijo/Detalle_solicitud_movimiento', '', 4),
(297, 13, 'Aprobar movimiento', 'Aprobacion de solicitudes de movimientos', 3, 256, 'ActivoFijo/Aprobar_movimiento', 'icon-aprobar-compra', 4),
(298, 13, 'Detalle Aprobar Movimiento', 'ingreso de detalle de aprobacion solicitud de movimiento', 0, 297, 'ActivoFijo/Detalle_aprobar_movimiento', '', 4),
(299, 13, 'Gestionar movimiento', 'Gestion de solicitudes de movimientos', 5, 256, 'ActivoFijo/Gestionar_movimiento', 'icon-equalizer2', 4),
(300, 13, 'Detalle Gestionar Movimientos', 'gestion de  solicitudes de movimientos', 0, 299, 'ActivoFijo/Detalle_gestionar_movimiento', '', 4),
(301, 13, '14- Reporte por tipo de movimiento', '14- Reporte por tipo de movimiento', 14, 259, 'ActivoFijo/Reportes/Reporte_tipo_movimiento/Reporte', 'icon-share', 1),
(302, 13, '13- Reporte estadistico', 'Reporte para oficina estadistica e informatica laboral', 13, 259, 'ActivoFijo/Reportes/Reporte_estadistico/RecibirDatos', 'icon-pie-chart', 1),
(303, 13, '15-Reporte bienes sin movimientos', 'Reporte bienes sin movimientos', 15, 259, 'ActivoFijo/Reportes/Reporte_bienes_sin_movimiento/reporte', 'icon-loop', 1),
(304, 13, 'Detalle de movimiento', 'Detalle de movimiento para el reporte', 0, 301, 'ActivoFijo/Reportes/Detalle_movimiento', '', 1),
(305, 13, '5-Reporte de Total de Solicitudes', 'Generar reporte de total de solicitudes por nivel', 5, 270, 'Compras/Reportes/Reporte_total_solicitudes/reporte', 'icon-table', 1),
(307, 13, 'Aprobar movimiento autorizante', 'aprobacion de solicitudes de movimientos para direccion administrativa', 4, 256, 'ActivoFijo/Aprobar_movimiento_autorizante', 'icon-aprobar-compra', 4),
(308, 13, 'Detalle Aprobar Movimiento Autorizante', 'registro de detalle de movimiento', 0, 307, 'ActivoFijo/Detalle_aprobar_movimiento_autorizante', '', 4),
(309, 13, 'Empleados enlace', 'registro de empleados enlace', 8, 0, 'ActivoFijo/Enlace_af', 'icon-enlace', 4),
(310, 13, 'Migrar pedidos', 'modulo para migrar pedidos a solicitudes de productos de bodega', 4, 205, 'Bodega/Migrar_pedidos', 'icon-database', 1),
(311, 13, 'Detalle de Solicitudes de Compra', 'solicitudes asociadas a la OC', 0, 232, 'Compras/Detalle_solicitud_orden', '', 4),
(312, 14, 'Configuracion sistemas', '', 1, 0, '#!', 'mdi mdi-settings', 0),
(313, 14, 'Sistemas', '', 1, 312, '/sistemas/sistema', 'mdi mdi-label', 0),
(314, 14, 'Modulos', '', 2, 312, '/sistemas/modulo', 'mdi mdi-label', 0),
(315, 14, 'Usuarios', '', 2, 0, '#!', 'mdi mdi-account-multiple', 0),
(316, 14, 'Usuarios', '', 1, 315, '/usuarios/usuarios', 'mdi mdi-label', 0),
(317, 14, 'Roles y permisos', '', 3, 0, '', 'mdi mdi-buffer', 0),
(318, 14, 'Roles', '', 1, 317, '/roles/roles', 'mdi mdi-format-list-bulleted', 0),
(319, 14, 'Permisos', '', 2, 317, '/roles/permisos', 'mdi mdi-lan', 0);

-- --------------------------------------------------------

--
-- Estructura de tabla para la tabla `org_permiso`
--

CREATE TABLE `org_permiso` (
  `id_permiso` int(10) UNSIGNED NOT NULL,
  `permiso` text NOT NULL
) ENGINE=InnoDB DEFAULT CHARSET=latin1;

--
-- Volcado de datos para la tabla `org_permiso`
--

INSERT INTO `org_permiso` (`id_permiso`, `permiso`) VALUES
(1, 'SELECT'),
(2, 'INSERT'),
(3, 'DELETE'),
(4, 'UPDATE');

-- --------------------------------------------------------

--
-- Estructura de tabla para la tabla `org_rol`
--

CREATE TABLE `org_rol` (
  `id_rol` int(10) UNSIGNED NOT NULL,
  `nombre_rol` text NOT NULL,
  `descripcion_rol` text
) ENGINE=InnoDB DEFAULT CHARSET=latin1;

--
-- Volcado de datos para la tabla `org_rol`
--

INSERT INTO `org_rol` (`id_rol`, `nombre_rol`, `descripcion_rol`) VALUES
(1, 'BODEGA', 'USUARIO DE BODEGA'),
(2, 'SIB_REPORTES', 'USUARIO DE BODEGA REPORTES'),
(3, 'ADMINISTRADOR', 'ADMIN'),
(4, 'SAF_ADMINISTRADOR', 'USUARIO ADMINISTRADOR SISTEMA DE ACTIVO FIJO'),
(5, 'SAF_USUARIO', 'USUARIO SISTEMA DE ACTIVO FIJO'),
(6, 'REGISTRO DE PERSONAL', 'Rol para registro de personal de RRHH'),
(7, 'ADMINISTRACION DE EXPEDIENTES', 'Rol que administra los expedientes de RRHH'),
(8, 'CAPACITACIONES', 'Rol de la sección de capacitaciones'),
(9, 'ADMINISTRACIÓN DE EXPEDIENTES Y PERSONAL', 'ROL DE PERSONAL CON FUNCIÓN DUAL'),
(10, 'JEFE RRHH', 'JEFE DEL DEPARTAMENTO DE RRHH'),
(12, 'BENEFICIOS SFERH', 'REGISTRO DE BENEFICIOS A EMPLEADOS'),
(13, 'SAF_REPORTE_USUARIO', 'CONSULTA DE BIENES ASIGNADOS A USUARIO LOGUEADO'),
(14, 'ADMINISTRADOR SITCOM', 'Administrador Transporte, Combustible y Mantenimiento Vehicular. Permite el acceso a todas las opciones de SITCOM'),
(15, 'APROBADOR DE SOLICITUDES DE TRANSPORTE DE SECCIóN SITCOM', 'Usuario autorizado para crear, aprobar y ver solicitudes de su sección'),
(16, 'USUARIO GENERAL SITCOM', 'Usuario General que sólo puede ver sus propios procesos de solicitud de transporte'),
(17, 'ADMINISTRADOR DE OFICINA DEPARTAMENTAL SITCOM', 'Usuario autorizado para administrar lo relacionado con su ubicación geográfica'),
(18, 'DELGADO DE VALES', 'Este rol permite realizar solicitudes solo para su seccion'),
(19, 'SECCION VALES', 'Usuario ingresa informacion de  los vales a nivel de seccion'),
(20, 'ENLACE DE SECCIóN STICOM', 'Permite crear y ver los estados de las solicitudes pertenecientes a la misma sección'),
(21, 'ADMINISTRADOR SRCS', 'Administrador del Sistema de Registro de Comités de Seguridad y Salud Ocupacional Acreditados '),
(22, 'JEFE DEPARTAMENTAL SRCS', 'Rol Jefe Sistema de Registro de Comités de Seguridad y Salud Ocupacional Acreditados '),
(23, 'TéCNICO EDUCADOR SRCS', 'Técnico Educador del Sistema de Registro de Comités de Seguridad y Salud Ocupacional Acreditados '),
(24, 'JEFE SAN SALVADOR SRCS', 'Rol Jefe Sistema de Registro de Comités de Seguridad y Salud Ocupacional Acreditados'),
(25, 'ADMINISTRADOR DE VALES', 'Administrador de vales a nivel nacional'),
(26, 'AUTORIZAR VALES Y REPORTES SITCOM', 'Autoriza Vales'),
(27, 'CONSULTA VALES', ''),
(28, 'CONSULTA VALES', ''),
(29, 'MECáNICO DE TALLER INSTITUCIONAL ', 'Este rol contiene lo relacionado a los talleres interno y externo, para controlar los mantenimientos realizados a los vehículos en ambos talleres '),
(30, 'PUBLICADOR DE NOTICIAS, SISTEMA OFERTAS EMPLEO', NULL),
(31, 'TéCNICO TALLER', 'Rol que permite el ingreso de artículos a bodega, ingresos de mantenimientos internos y externos, y, permite imprimir hojas de kardex y de mantenimientos'),
(32, 'JEFE DE TALLER', 'Muestra todas las opciones referentes al módulo de taller'),
(33, 'ADMINISTRADOR SEDP', 'Tiene acceso total al sistema de evaluación de desempeño'),
(34, 'ADMINISTRADOR SIPAT', 'Usuario administrador del Sistema de Planificación Anual de Trabajo'),
(35, 'EVALUADOR SEDP (DEFAULT)', 'Este es el Rol que SEDP asigna a las personas evaluadoras. Si se borrar causar inestabilidad'),
(36, 'TODAS LAS EVALUACIONES (SEDP)', 'Este rol permite ver y evaluar toda las evaluaciones de los empleados'),
(37, 'ADMINISTRADOR DE SEGURIDAD SIMTPS', ''),
(38, 'ENLACE SIPLAN', 'Enlace de Oficina del PAT'),
(39, 'APROBADOR AUTOMATICO', 'Este rol permite la creación de la solicitud y la aprobación automática de la misma.'),
(40, 'SAF_USUARIO_AUDITOR', 'USUARIO SAF AUDITOR'),
(41, 'COORDINADOR SIPLAN', 'Usuario administrador del SIPAT delegado en la Oficina de Coordinación y Desarrollo Institucional.'),
(42, 'AUDITOR TRANSPORTE', 'Para control y verificación del consumo de combustible.'),
(43, 'MONITOREO SIPAT', 'Acceso a reportes, consultas y dashboard para monitorear el seguimiento al PEI y PATs institucionales.'),
(44, 'GESTOR DE EVALUACIóN', 'Permite gestionar tareas administrativas de la evaluación.'),
(45, 'ENLACE SIPLAN 2', 'Enlace de pruebas debido a fallas en el ingreso y visualización de registros'),
(46, 'ADMINISTRADOR SICBAF', 'Administrador'),
(47, 'DIRECTOR ADMINISTRATIVO', 'Para control de solicitudes'),
(48, 'COLABORADOR BODEGA', 'Podra ingresar productos, facturas, proveedores, unidad medida'),
(49, 'JEFE BODEGA', 'Para control de solicitudes y administrador'),
(50, 'JEFE UNIDAD', 'Para control de solicitudes'),
(51, 'USUARIO SICBAF', 'usuario visitante'),
(52, 'JEFE COMPRAS', 'Para gestion de solicitudes'),
(54, 'JEFE AF', 'Para gestion de Activos fijos'),
(55, 'COLABORADOR AF', 'Para soporte a gestion de Activos fijos'),
(56, 'COLABORADOR COMPRAS', 'Para soporte a gestion de Compras'),
(58, 'TECNICO UDT', 'Para gestion de Activos fijos especificamente equipo informatico');

-- --------------------------------------------------------

--
-- Estructura de tabla para la tabla `org_rol_modulo_permiso`
--

CREATE TABLE `org_rol_modulo_permiso` (
  `id_rol_permiso` int(10) UNSIGNED NOT NULL,
  `id_rol` int(10) UNSIGNED NOT NULL,
  `id_modulo` int(10) UNSIGNED NOT NULL,
  `id_permiso` int(10) UNSIGNED NOT NULL,
  `estado` int(10) UNSIGNED NOT NULL
) ENGINE=InnoDB DEFAULT CHARSET=latin1;

--
-- Volcado de datos para la tabla `org_rol_modulo_permiso`
--

INSERT INTO `org_rol_modulo_permiso` (`id_rol_permiso`, `id_rol`, `id_modulo`, `id_permiso`, `estado`) VALUES
(1, 1, 1, 1, 1),
(2, 1, 1, 2, 1),
(3, 1, 1, 3, 1),
(4, 1, 1, 4, 1),
(5, 1, 2, 1, 1),
(6, 1, 2, 2, 1),
(7, 1, 2, 3, 1),
(8, 1, 2, 4, 1),
(9, 1, 3, 1, 1),
(10, 1, 3, 2, 1),
(11, 1, 3, 3, 1),
(12, 1, 3, 4, 1),
(13, 1, 4, 1, 1),
(14, 1, 4, 2, 1),
(15, 1, 4, 3, 1),
(16, 1, 4, 4, 1),
(17, 1, 5, 1, 1),
(18, 1, 5, 2, 1),
(19, 1, 5, 3, 1),
(20, 1, 5, 4, 1),
(21, 1, 6, 1, 1),
(22, 1, 6, 2, 1),
(23, 1, 6, 3, 1),
(24, 1, 6, 4, 1),
(25, 1, 7, 1, 1),
(26, 1, 7, 2, 1),
(27, 1, 7, 3, 1),
(28, 1, 7, 4, 1),
(29, 1, 8, 1, 1),
(30, 1, 8, 2, 1),
(31, 1, 8, 3, 1),
(32, 1, 8, 4, 1),
(37, 1, 9, 1, 1),
(38, 1, 9, 2, 1),
(39, 1, 9, 3, 1),
(40, 1, 9, 4, 1),
(41, 2, 1, 1, 0),
(42, 2, 1, 2, 0),
(43, 2, 1, 3, 0),
(44, 2, 1, 4, 0),
(45, 2, 2, 1, 0),
(46, 2, 2, 2, 0),
(47, 2, 2, 3, 0),
(48, 2, 2, 4, 0),
(49, 2, 3, 1, 0),
(50, 2, 3, 2, 0),
(51, 2, 3, 3, 0),
(52, 2, 3, 4, 0),
(53, 2, 4, 1, 0),
(54, 2, 4, 2, 0),
(55, 2, 4, 3, 0),
(56, 2, 4, 4, 0),
(57, 2, 5, 1, 0),
(58, 2, 5, 2, 0),
(59, 2, 5, 3, 0),
(60, 2, 5, 4, 0),
(61, 2, 6, 1, 1),
(62, 2, 6, 2, 0),
(63, 2, 6, 3, 0),
(64, 2, 6, 4, 0),
(65, 2, 7, 1, 0),
(66, 2, 7, 2, 0),
(67, 2, 7, 3, 0),
(68, 2, 7, 4, 0),
(69, 2, 8, 1, 0),
(70, 2, 8, 2, 0),
(71, 2, 8, 3, 0),
(72, 2, 8, 4, 0),
(73, 2, 9, 1, 1),
(74, 2, 9, 2, 1),
(75, 2, 9, 3, 1),
(76, 2, 9, 4, 1),
(77, 1, 10, 1, 1),
(78, 1, 10, 2, 1),
(79, 1, 10, 3, 0),
(80, 1, 10, 4, 0),
(81, 3, 11, 1, 1),
(82, 3, 11, 2, 1),
(83, 3, 11, 3, 1),
(84, 3, 11, 4, 1),
(85, 3, 12, 1, 1),
(86, 3, 12, 2, 1),
(87, 3, 12, 3, 1),
(88, 3, 12, 4, 1),
(89, 3, 13, 1, 1),
(90, 3, 13, 2, 1),
(91, 3, 13, 3, 1),
(92, 3, 13, 4, 1),
(93, 3, 14, 1, 1),
(94, 3, 14, 2, 1),
(95, 3, 14, 3, 1),
(96, 3, 14, 4, 1),
(97, 3, 15, 1, 1),
(98, 3, 15, 2, 1),
(99, 3, 15, 3, 1),
(100, 3, 15, 4, 1),
(101, 3, 16, 1, 1),
(102, 3, 16, 2, 1),
(103, 3, 16, 3, 1),
(104, 3, 16, 4, 1),
(105, 3, 17, 1, 1),
(106, 3, 17, 2, 1),
(107, 3, 17, 3, 1),
(108, 3, 17, 4, 1),
(109, 1, 18, 1, 1),
(110, 1, 18, 2, 1),
(111, 1, 18, 3, 1),
(112, 1, 18, 4, 1),
(113, 4, 19, 1, 1),
(114, 4, 19, 2, 1),
(115, 4, 19, 3, 1),
(116, 4, 19, 4, 1),
(117, 4, 20, 1, 1),
(118, 4, 20, 2, 1),
(119, 4, 20, 3, 1),
(120, 4, 20, 4, 1),
(121, 4, 21, 1, 1),
(122, 4, 21, 2, 1),
(123, 4, 21, 3, 1),
(124, 4, 21, 4, 1),
(125, 4, 22, 1, 1),
(126, 4, 22, 2, 1),
(127, 4, 22, 3, 1),
(128, 4, 22, 4, 1),
(129, 4, 23, 1, 1),
(130, 4, 23, 2, 1),
(131, 4, 23, 3, 1),
(132, 4, 23, 4, 1),
(133, 4, 24, 1, 1),
(134, 4, 24, 2, 1),
(135, 4, 24, 3, 1),
(136, 4, 24, 4, 1),
(137, 4, 25, 1, 1),
(138, 4, 25, 2, 1),
(139, 4, 25, 3, 1),
(140, 4, 25, 4, 1),
(141, 4, 26, 1, 1),
(142, 4, 26, 2, 1),
(143, 4, 26, 3, 1),
(144, 4, 26, 4, 1),
(145, 4, 27, 1, 1),
(146, 4, 27, 2, 1),
(147, 4, 27, 3, 1),
(148, 4, 27, 4, 1),
(149, 4, 28, 1, 1),
(150, 4, 28, 2, 1),
(151, 4, 28, 3, 1),
(152, 4, 28, 4, 1),
(153, 4, 29, 1, 1),
(154, 4, 29, 2, 1),
(155, 4, 29, 3, 1),
(156, 4, 29, 4, 1),
(157, 4, 30, 1, 1),
(158, 4, 30, 2, 1),
(159, 4, 30, 3, 1),
(160, 4, 30, 4, 1),
(161, 4, 31, 1, 1),
(162, 4, 31, 2, 1),
(163, 4, 31, 3, 1),
(164, 4, 31, 4, 1),
(165, 4, 32, 1, 1),
(166, 4, 32, 2, 1),
(167, 4, 32, 3, 1),
(168, 4, 32, 4, 1),
(169, 4, 33, 1, 1),
(170, 4, 33, 2, 1),
(171, 4, 33, 3, 1),
(172, 4, 33, 4, 1),
(173, 4, 34, 1, 1),
(174, 4, 34, 2, 1),
(175, 4, 34, 3, 1),
(176, 4, 34, 4, 1),
(177, 4, 35, 1, 1),
(178, 4, 35, 2, 1),
(179, 4, 35, 3, 1),
(180, 4, 35, 4, 1),
(181, 4, 36, 1, 1),
(182, 4, 36, 2, 1),
(183, 4, 36, 3, 1),
(184, 4, 36, 4, 1),
(185, 4, 37, 1, 0),
(186, 4, 37, 2, 0),
(187, 4, 37, 3, 0),
(188, 4, 37, 4, 0),
(246, 5, 19, 1, 1),
(247, 5, 19, 2, 0),
(248, 5, 19, 3, 0),
(249, 5, 19, 4, 0),
(250, 5, 20, 1, 1),
(251, 5, 20, 2, 0),
(252, 5, 20, 3, 0),
(253, 5, 20, 4, 0),
(254, 5, 21, 1, 1),
(255, 5, 21, 2, 0),
(256, 5, 21, 3, 0),
(257, 5, 21, 4, 0),
(258, 5, 22, 1, 1),
(259, 5, 22, 2, 0),
(260, 5, 22, 3, 0),
(261, 5, 22, 4, 0),
(262, 5, 23, 1, 1),
(263, 5, 23, 2, 0),
(264, 5, 23, 3, 0),
(265, 5, 23, 4, 0),
(266, 5, 24, 1, 1),
(267, 5, 24, 2, 0),
(268, 5, 24, 3, 0),
(269, 5, 24, 4, 0),
(270, 5, 25, 1, 1),
(271, 5, 25, 2, 0),
(272, 5, 25, 3, 0),
(273, 5, 25, 4, 0),
(274, 5, 26, 1, 1),
(275, 5, 26, 2, 1),
(276, 5, 26, 3, 1),
(277, 5, 26, 4, 0),
(278, 5, 27, 1, 1),
(279, 5, 27, 2, 0),
(280, 5, 27, 3, 0),
(281, 5, 27, 4, 0),
(282, 5, 28, 1, 1),
(283, 5, 28, 2, 0),
(284, 5, 28, 3, 0),
(285, 5, 28, 4, 0),
(286, 5, 29, 1, 1),
(287, 5, 29, 2, 0),
(288, 5, 29, 3, 0),
(289, 5, 29, 4, 0),
(290, 5, 30, 1, 1),
(291, 5, 30, 2, 0),
(292, 5, 30, 3, 0),
(293, 5, 30, 4, 0),
(294, 5, 31, 1, 1),
(295, 5, 31, 2, 1),
(296, 5, 31, 3, 1),
(297, 5, 31, 4, 1),
(298, 5, 32, 1, 1),
(299, 5, 32, 2, 1),
(300, 5, 32, 3, 1),
(301, 5, 32, 4, 1),
(302, 5, 33, 1, 1),
(303, 5, 33, 2, 1),
(304, 5, 33, 3, 1),
(305, 5, 33, 4, 0),
(306, 5, 34, 1, 1),
(307, 5, 34, 2, 1),
(308, 5, 34, 3, 1),
(309, 5, 34, 4, 1),
(310, 5, 35, 1, 1),
(311, 5, 35, 2, 0),
(312, 5, 35, 3, 0),
(313, 5, 35, 4, 0),
(314, 5, 36, 1, 1),
(315, 5, 36, 2, 1),
(316, 5, 36, 3, 1),
(317, 5, 36, 4, 1),
(318, 5, 37, 1, 0),
(319, 5, 37, 2, 0),
(320, 5, 37, 3, 0),
(321, 5, 37, 4, 0),
(322, 4, 10, 1, 1),
(323, 4, 10, 2, 1),
(324, 4, 10, 3, 1),
(325, 4, 10, 4, 1),
(326, 4, 11, 1, 1),
(327, 4, 11, 2, 1),
(328, 4, 11, 3, 1),
(329, 4, 11, 4, 1),
(330, 4, 15, 1, 1),
(331, 4, 15, 2, 1),
(332, 4, 15, 3, 1),
(333, 4, 15, 4, 1),
(334, 4, 16, 1, 1),
(335, 4, 16, 2, 1),
(336, 4, 16, 3, 1),
(337, 4, 16, 4, 1),
(338, 4, 17, 1, 1),
(339, 4, 17, 2, 1),
(340, 4, 17, 3, 1),
(341, 4, 17, 4, 1),
(342, 4, 18, 1, 1),
(343, 4, 18, 2, 1),
(344, 4, 18, 3, 1),
(345, 4, 18, 4, 1),
(346, 4, 21, 1, 1),
(347, 4, 21, 2, 1),
(348, 4, 21, 3, 1),
(349, 4, 21, 4, 1),
(350, 4, 23, 1, 1),
(351, 4, 23, 2, 1),
(352, 4, 23, 3, 1),
(353, 4, 23, 4, 1),
(354, 4, 29, 1, 1),
(355, 4, 29, 2, 1),
(356, 4, 29, 3, 1),
(357, 4, 29, 4, 1),
(358, 5, 11, 1, 1),
(359, 5, 11, 2, 1),
(360, 5, 11, 3, 1),
(361, 5, 11, 4, 1),
(362, 5, 23, 1, 1),
(363, 5, 23, 2, 1),
(364, 5, 23, 3, 1),
(365, 5, 23, 4, 1),
(366, 5, 24, 1, 1),
(367, 5, 24, 2, 1),
(368, 5, 24, 3, 1),
(369, 5, 24, 4, 1),
(370, 5, 25, 1, 1),
(371, 5, 25, 2, 1),
(372, 5, 25, 3, 1),
(373, 5, 25, 4, 1),
(374, 5, 26, 1, 1),
(375, 5, 26, 2, 1),
(376, 5, 26, 3, 1),
(377, 5, 26, 4, 1),
(378, 5, 27, 1, 1),
(379, 5, 27, 2, 1),
(380, 5, 27, 3, 1),
(381, 5, 27, 4, 1),
(382, 5, 28, 1, 1),
(383, 5, 28, 2, 1),
(384, 5, 28, 3, 1),
(385, 5, 28, 4, 1),
(386, 5, 29, 1, 1),
(387, 5, 29, 2, 1),
(388, 5, 29, 3, 1),
(389, 5, 29, 4, 1),
(446, 6, 38, 1, 1),
(447, 6, 38, 2, 1),
(448, 6, 38, 3, 1),
(449, 6, 38, 4, 1),
(450, 6, 39, 1, 1),
(451, 6, 39, 2, 1),
(452, 6, 39, 3, 1),
(453, 6, 39, 4, 1),
(454, 6, 43, 1, 1),
(455, 6, 43, 2, 1),
(456, 6, 43, 3, 1),
(457, 6, 43, 4, 1),
(458, 6, 44, 1, 1),
(459, 6, 44, 2, 1),
(460, 6, 44, 3, 1),
(461, 6, 44, 4, 1),
(462, 6, 45, 1, 1),
(463, 6, 45, 2, 1),
(464, 6, 45, 3, 1),
(465, 6, 45, 4, 1),
(466, 6, 46, 1, 1),
(467, 6, 46, 2, 1),
(468, 6, 46, 3, 1),
(469, 6, 46, 4, 1),
(470, 6, 48, 1, 1),
(471, 6, 48, 2, 1),
(472, 6, 48, 3, 1),
(473, 6, 48, 4, 1),
(474, 6, 50, 1, 1),
(475, 6, 50, 2, 1),
(476, 6, 50, 3, 1),
(477, 6, 50, 4, 1),
(478, 6, 56, 1, 1),
(479, 6, 56, 2, 1),
(480, 6, 56, 3, 1),
(481, 6, 56, 4, 1),
(514, 7, 39, 1, 1),
(515, 7, 39, 2, 1),
(516, 7, 39, 3, 1),
(517, 7, 39, 4, 1),
(518, 7, 50, 1, 1),
(519, 7, 50, 2, 1),
(520, 7, 50, 3, 1),
(521, 7, 50, 4, 1),
(522, 7, 51, 1, 1),
(523, 7, 51, 2, 1),
(524, 7, 51, 3, 1),
(525, 7, 51, 4, 1),
(526, 7, 52, 1, 1),
(527, 7, 52, 2, 1),
(528, 7, 52, 3, 1),
(529, 7, 52, 4, 1),
(530, 7, 53, 1, 1),
(531, 7, 53, 2, 1),
(532, 7, 53, 3, 1),
(533, 7, 53, 4, 1),
(534, 7, 54, 1, 1),
(535, 7, 54, 2, 1),
(536, 7, 54, 3, 1),
(537, 7, 54, 4, 1),
(538, 7, 55, 1, 1),
(539, 7, 55, 2, 1),
(540, 7, 55, 3, 1),
(541, 7, 55, 4, 1),
(542, 7, 56, 1, 1),
(543, 7, 56, 2, 1),
(544, 7, 56, 3, 1),
(545, 7, 56, 4, 1),
(546, 8, 39, 1, 1),
(547, 8, 39, 2, 1),
(548, 8, 39, 3, 1),
(549, 8, 39, 4, 1),
(550, 8, 40, 1, 1),
(551, 8, 40, 2, 1),
(552, 8, 40, 3, 1),
(553, 8, 40, 4, 1),
(554, 8, 41, 1, 1),
(555, 8, 41, 2, 1),
(556, 8, 41, 3, 1),
(557, 8, 41, 4, 1),
(558, 8, 42, 1, 1),
(559, 8, 42, 2, 1),
(560, 8, 42, 3, 1),
(561, 8, 42, 4, 1),
(562, 8, 50, 1, 1),
(563, 8, 50, 2, 1),
(564, 8, 50, 3, 1),
(565, 8, 50, 4, 1),
(566, 8, 56, 1, 1),
(567, 8, 56, 2, 1),
(568, 8, 56, 3, 1),
(569, 8, 56, 4, 1),
(570, 9, 38, 1, 1),
(571, 9, 38, 2, 1),
(572, 9, 38, 3, 1),
(573, 9, 38, 4, 1),
(574, 9, 39, 1, 1),
(575, 9, 39, 2, 1),
(576, 9, 39, 3, 1),
(577, 9, 39, 4, 1),
(578, 9, 50, 1, 1),
(579, 9, 50, 2, 1),
(580, 9, 50, 3, 1),
(581, 9, 50, 4, 1),
(582, 9, 51, 1, 1),
(583, 9, 51, 2, 1),
(584, 9, 51, 3, 1),
(585, 9, 51, 4, 1),
(586, 9, 52, 1, 1),
(587, 9, 52, 2, 1),
(588, 9, 52, 3, 1),
(589, 9, 52, 4, 1),
(590, 9, 53, 1, 1),
(591, 9, 53, 2, 1),
(592, 9, 53, 3, 1),
(593, 9, 53, 4, 1),
(594, 9, 54, 1, 1),
(595, 9, 54, 2, 1),
(596, 9, 54, 3, 1),
(597, 9, 54, 4, 1),
(598, 9, 55, 1, 1),
(599, 9, 55, 2, 1),
(600, 9, 55, 3, 1),
(601, 9, 55, 4, 1),
(602, 9, 56, 1, 1),
(603, 9, 56, 2, 1),
(604, 9, 56, 3, 1),
(605, 9, 56, 4, 1),
(606, 7, 38, 1, 1),
(607, 7, 38, 2, 1),
(608, 7, 38, 3, 1),
(609, 7, 38, 4, 1),
(610, 6, 47, 1, 1),
(611, 6, 47, 2, 1),
(612, 6, 47, 3, 1),
(613, 6, 47, 4, 1),
(614, 4, 57, 1, 1),
(615, 4, 57, 2, 1),
(616, 4, 57, 3, 1),
(617, 4, 57, 4, 1),
(619, 10, 38, 1, 1),
(620, 10, 39, 1, 1),
(621, 10, 40, 1, 1),
(622, 10, 41, 1, 1),
(623, 10, 42, 1, 1),
(624, 10, 43, 1, 1),
(625, 10, 44, 1, 1),
(626, 10, 45, 1, 1),
(627, 10, 46, 1, 1),
(628, 10, 47, 1, 1),
(629, 10, 48, 1, 1),
(630, 10, 50, 1, 1),
(631, 10, 51, 1, 1),
(632, 10, 52, 1, 1),
(633, 10, 53, 1, 1),
(634, 10, 54, 1, 1),
(635, 10, 55, 1, 1),
(636, 10, 56, 1, 1),
(637, 12, 59, 1, 1),
(638, 12, 59, 2, 1),
(639, 12, 59, 3, 1),
(640, 12, 59, 4, 1),
(641, 12, 50, 1, 1),
(642, 12, 62, 1, 1),
(643, 12, 62, 2, 1),
(644, 12, 62, 3, 1),
(645, 12, 62, 4, 1),
(646, 12, 61, 1, 1),
(647, 12, 61, 2, 1),
(648, 12, 61, 3, 1),
(649, 12, 61, 4, 1),
(650, 12, 60, 1, 1),
(651, 12, 60, 2, 1),
(652, 12, 60, 3, 1),
(653, 12, 60, 4, 1),
(654, 5, 57, 1, 1),
(655, 5, 57, 2, 1),
(656, 5, 57, 3, 1),
(657, 5, 57, 4, 1),
(658, 13, 19, 1, 0),
(659, 13, 19, 2, 0),
(660, 13, 19, 3, 0),
(661, 13, 19, 4, 0),
(662, 13, 20, 1, 0),
(663, 13, 20, 2, 0),
(664, 13, 20, 3, 0),
(665, 13, 20, 4, 0),
(666, 13, 21, 1, 0),
(667, 13, 21, 2, 0),
(668, 13, 21, 3, 0),
(669, 13, 21, 4, 0),
(670, 13, 22, 1, 0),
(671, 13, 22, 2, 0),
(672, 13, 22, 3, 0),
(673, 13, 22, 4, 0),
(674, 13, 23, 1, 0),
(675, 13, 23, 2, 0),
(676, 13, 23, 3, 0),
(677, 13, 23, 4, 0),
(678, 13, 24, 1, 0),
(679, 13, 24, 2, 0),
(680, 13, 24, 3, 0),
(681, 13, 24, 4, 0),
(682, 13, 25, 1, 0),
(683, 13, 25, 2, 0),
(684, 13, 25, 3, 0),
(685, 13, 25, 4, 0),
(686, 13, 26, 1, 0),
(687, 13, 26, 2, 0),
(688, 13, 26, 3, 0),
(689, 13, 26, 4, 0),
(690, 13, 27, 1, 0),
(691, 13, 27, 2, 0),
(692, 13, 27, 3, 0),
(693, 13, 27, 4, 0),
(694, 13, 28, 1, 0),
(695, 13, 28, 2, 0),
(696, 13, 28, 3, 0),
(697, 13, 28, 4, 0),
(698, 13, 29, 1, 0),
(699, 13, 29, 2, 0),
(700, 13, 29, 3, 0),
(701, 13, 29, 4, 0),
(702, 13, 30, 1, 0),
(703, 13, 30, 2, 0),
(704, 13, 30, 3, 0),
(705, 13, 30, 4, 0),
(706, 13, 31, 1, 0),
(707, 13, 31, 2, 0),
(708, 13, 31, 3, 0),
(709, 13, 31, 4, 0),
(710, 13, 32, 1, 0),
(711, 13, 32, 2, 0),
(712, 13, 32, 3, 0),
(713, 13, 32, 4, 0),
(714, 13, 33, 1, 0),
(715, 13, 33, 2, 0),
(716, 13, 33, 3, 0),
(717, 13, 33, 4, 0),
(718, 13, 34, 1, 0),
(719, 13, 34, 2, 0),
(720, 13, 34, 3, 0),
(721, 13, 34, 4, 0),
(722, 13, 35, 1, 1),
(723, 13, 35, 2, 0),
(724, 13, 35, 3, 0),
(725, 13, 35, 4, 0),
(726, 13, 36, 1, 1),
(727, 13, 36, 2, 1),
(728, 13, 36, 3, 1),
(729, 13, 36, 4, 1),
(730, 4, 63, 1, 1),
(731, 4, 63, 2, 1),
(732, 4, 63, 3, 1),
(733, 4, 63, 4, 1),
(734, 5, 63, 1, 1),
(735, 5, 63, 2, 0),
(736, 5, 63, 3, 0),
(737, 5, 63, 4, 0),
(764, 15, 65, 2, 1),
(765, 15, 64, 2, 1),
(766, 15, 66, 2, 1),
(767, 15, 67, 2, 1),
(768, 15, 72, 2, 1),
(769, 15, 71, 2, 1),
(770, 15, 77, 3, 1),
(777, 17, 65, 4, 1),
(778, 17, 64, 4, 1),
(779, 17, 66, 4, 1),
(780, 17, 67, 4, 1),
(781, 17, 68, 4, 1),
(782, 17, 70, 4, 1),
(783, 17, 72, 4, 1),
(784, 17, 71, 4, 1),
(785, 17, 77, 3, 1),
(786, 18, 81, 2, 1),
(787, 18, 76, 2, 1),
(788, 18, 77, 3, 1),
(1260, 23, 90, 1, 1),
(1261, 23, 94, 3, 1),
(1262, 23, 93, 3, 1),
(1263, 23, 107, 3, 1),
(1264, 23, 96, 1, 1),
(1265, 23, 109, 1, 1),
(1266, 23, 95, 1, 1),
(1267, 23, 108, 4, 1),
(1268, 23, 97, 4, 1),
(1269, 23, 98, 3, 1),
(1270, 23, 99, 1, 1),
(1271, 23, 127, 4, 1),
(1272, 23, 100, 4, 1),
(1273, 23, 102, 1, 1),
(1274, 23, 101, 1, 1),
(1275, 23, 103, 1, 1),
(1276, 23, 71, 3, 1),
(1358, 27, 114, 3, 1),
(1359, 27, 113, 3, 1),
(1360, 27, 76, 3, 1),
(1361, 27, 115, 3, 1),
(1362, 27, 123, 3, 1),
(1363, 27, 89, 3, 1),
(1364, 27, 131, 3, 1),
(1365, 27, 77, 3, 1),
(1366, 28, 114, 3, 1),
(1367, 28, 113, 3, 1),
(1368, 28, 76, 3, 1),
(1369, 28, 115, 3, 1),
(1370, 28, 123, 3, 1),
(1371, 28, 89, 3, 1),
(1372, 28, 131, 3, 1),
(1373, 28, 77, 3, 1),
(1422, 26, 86, 3, 1),
(1423, 26, 76, 3, 1),
(1424, 26, 114, 3, 1),
(1425, 26, 113, 3, 1),
(1426, 26, 115, 3, 1),
(1427, 26, 123, 3, 1),
(1428, 26, 89, 3, 1),
(1429, 26, 135, 3, 1),
(1430, 26, 77, 3, 1),
(1431, 26, 77, 3, 1),
(1493, 30, 139, 1, 1),
(1494, 30, 139, 2, 1),
(1495, 30, 139, 3, 1),
(1496, 30, 139, 4, 1),
(1554, 32, 80, 3, 1),
(1555, 32, 78, 3, 1),
(1556, 32, 117, 3, 1),
(1557, 32, 79, 3, 1),
(1558, 32, 116, 3, 1),
(1559, 32, 118, 3, 1),
(1560, 32, 144, 3, 1),
(1561, 32, 136, 3, 1),
(1562, 32, 141, 3, 1),
(1563, 32, 142, 3, 1),
(1564, 32, 143, 3, 1),
(1565, 32, 77, 3, 1),
(1672, 22, 90, 4, 1),
(1673, 22, 94, 3, 1),
(1674, 22, 93, 3, 1),
(1675, 22, 107, 3, 1),
(1676, 22, 132, 4, 1),
(1677, 22, 96, 4, 1),
(1678, 22, 109, 4, 1),
(1679, 22, 95, 4, 1),
(1680, 22, 108, 4, 1),
(1681, 22, 97, 4, 1),
(1682, 22, 98, 4, 1),
(1683, 22, 99, 4, 1),
(1684, 22, 126, 4, 1),
(1685, 22, 100, 4, 1),
(1686, 22, 127, 4, 1),
(1687, 22, 133, 4, 1),
(1688, 22, 101, 4, 1),
(1689, 22, 102, 4, 1),
(1690, 22, 103, 4, 1),
(1691, 22, 92, 4, 1),
(1692, 22, 91, 4, 1),
(1693, 22, 128, 4, 1),
(1694, 22, 129, 4, 1),
(1695, 22, 130, 4, 1),
(1696, 22, 145, 4, 1),
(1697, 22, 134, 4, 1),
(1698, 22, 71, 3, 1),
(1699, 24, 90, 3, 1),
(1700, 24, 94, 3, 1),
(1701, 24, 93, 3, 1),
(1702, 24, 107, 3, 1),
(1703, 24, 132, 4, 1),
(1704, 24, 96, 4, 1),
(1705, 24, 109, 4, 1),
(1706, 24, 95, 4, 1),
(1707, 24, 108, 4, 1),
(1708, 24, 97, 4, 1),
(1709, 24, 98, 4, 1),
(1710, 24, 99, 4, 1),
(1711, 24, 126, 4, 1),
(1712, 24, 100, 4, 1),
(1713, 24, 127, 4, 1),
(1714, 24, 133, 4, 1),
(1715, 24, 101, 4, 1),
(1716, 24, 102, 4, 1),
(1717, 24, 103, 4, 1),
(1718, 24, 92, 3, 1),
(1719, 24, 91, 3, 1),
(1720, 24, 128, 3, 1),
(1721, 24, 129, 3, 1),
(1722, 24, 130, 3, 1),
(1723, 24, 145, 3, 1),
(1724, 24, 134, 3, 1),
(1725, 24, 71, 3, 1),
(1748, 29, 117, 3, 1),
(1749, 29, 78, 3, 1),
(1750, 29, 79, 3, 1),
(1751, 29, 116, 3, 1),
(1752, 29, 118, 3, 1),
(1753, 29, 144, 3, 1),
(1754, 29, 136, 3, 1),
(1755, 29, 142, 3, 1),
(1756, 29, 143, 3, 1),
(1757, 29, 77, 3, 1),
(1758, 29, 77, 3, 1),
(1778, 19, 81, 2, 1),
(1779, 19, 76, 2, 1),
(1780, 19, 82, 2, 1),
(1781, 19, 137, 2, 1),
(1782, 19, 110, 2, 1),
(1783, 19, 135, 3, 1),
(1784, 19, 77, 3, 1),
(1785, 19, 77, 3, 1),
(2056, 35, 77, 3, 1),
(2057, 35, 155, 2, 1),
(2058, 35, 151, 2, 1),
(2059, 35, 149, 2, 1),
(2060, 35, 77, 3, 1),
(2085, 36, 77, 3, 1),
(2086, 36, 155, 3, 1),
(2087, 36, 151, 3, 1),
(2088, 36, 149, 3, 1),
(2089, 36, 77, 3, 1),
(2090, 37, 188, 3, 1),
(2091, 37, 189, 3, 1),
(2092, 37, 190, 3, 1),
(2093, 37, 191, 3, 1),
(2094, 37, 192, 3, 1),
(2095, 37, 77, 3, 1),
(2101, 39, 65, 1, 1),
(2102, 39, 64, 1, 1),
(2103, 39, 67, 1, 1),
(2104, 39, 135, 1, 1),
(2105, 39, 77, 3, 1),
(2106, 39, 77, 3, 1),
(2107, 40, 19, 1, 1),
(2108, 40, 19, 2, 0),
(2109, 40, 19, 3, 0),
(2110, 40, 19, 4, 0),
(2111, 40, 20, 1, 1),
(2112, 40, 20, 2, 0),
(2113, 40, 20, 3, 0),
(2114, 40, 20, 4, 0),
(2115, 40, 21, 1, 1),
(2116, 40, 21, 2, 0),
(2117, 40, 21, 3, 0),
(2118, 40, 21, 4, 0),
(2119, 40, 22, 1, 1),
(2120, 40, 22, 2, 0),
(2121, 40, 22, 3, 0),
(2122, 40, 22, 4, 0),
(2123, 40, 23, 1, 1),
(2124, 40, 23, 2, 0),
(2125, 40, 23, 3, 0),
(2126, 40, 23, 4, 0),
(2127, 40, 24, 1, 1),
(2128, 40, 24, 2, 0),
(2129, 40, 24, 3, 0),
(2130, 40, 24, 4, 0),
(2131, 40, 25, 1, 1),
(2132, 40, 25, 2, 0),
(2133, 40, 25, 3, 0),
(2134, 40, 25, 4, 0),
(2135, 40, 26, 1, 1),
(2136, 40, 26, 2, 0),
(2137, 40, 26, 3, 0),
(2138, 40, 26, 4, 0),
(2139, 40, 27, 1, 1),
(2140, 40, 27, 2, 0),
(2141, 40, 27, 3, 0),
(2142, 40, 27, 4, 0),
(2143, 40, 28, 1, 1),
(2144, 40, 28, 2, 0),
(2145, 40, 28, 3, 0),
(2146, 40, 28, 4, 0),
(2147, 40, 29, 1, 1),
(2148, 40, 29, 2, 0),
(2149, 40, 29, 3, 0),
(2150, 40, 29, 4, 0),
(2151, 40, 30, 1, 1),
(2152, 40, 30, 2, 0),
(2153, 40, 30, 3, 0),
(2154, 40, 30, 4, 0),
(2155, 40, 31, 1, 1),
(2156, 40, 31, 2, 0),
(2157, 40, 31, 3, 0),
(2158, 40, 31, 4, 0),
(2159, 40, 32, 1, 1),
(2160, 40, 32, 2, 0),
(2161, 40, 32, 3, 0),
(2162, 40, 32, 4, 0),
(2163, 40, 33, 1, 1),
(2164, 40, 33, 2, 0),
(2165, 40, 33, 3, 0),
(2166, 40, 33, 4, 0),
(2167, 40, 34, 1, 1),
(2168, 40, 34, 2, 0),
(2169, 40, 34, 3, 0),
(2170, 40, 34, 4, 0),
(2171, 40, 35, 1, 1),
(2172, 40, 35, 2, 0),
(2173, 40, 35, 3, 0),
(2174, 40, 35, 4, 0),
(2175, 40, 36, 1, 1),
(2176, 40, 36, 2, 0),
(2177, 40, 36, 3, 0),
(2178, 40, 36, 4, 0),
(2179, 40, 37, 1, 1),
(2180, 40, 37, 2, 0),
(2181, 40, 37, 3, 0),
(2182, 40, 37, 4, 0),
(2183, 40, 57, 1, 1),
(2184, 40, 57, 2, 0),
(2185, 40, 57, 3, 0),
(2186, 40, 57, 4, 0),
(2187, 40, 63, 1, 1),
(2188, 40, 63, 2, 0),
(2189, 40, 63, 3, 0),
(2190, 40, 63, 4, 0),
(2199, 4, 193, 1, 1),
(2200, 4, 193, 2, 1),
(2201, 4, 193, 3, 1),
(2202, 4, 193, 4, 1),
(2203, 5, 193, 1, 1),
(2204, 5, 193, 2, 1),
(2205, 5, 193, 3, 1),
(2206, 5, 193, 4, 1),
(2207, 40, 193, 1, 1),
(2208, 40, 193, 2, 0),
(2209, 40, 193, 3, 0),
(2210, 40, 193, 4, 0),
(2211, 34, 168, 3, 1),
(2212, 34, 176, 3, 1),
(2213, 34, 169, 3, 1),
(2214, 34, 181, 3, 1),
(2215, 34, 177, 3, 1),
(2216, 34, 170, 3, 1),
(2217, 34, 180, 3, 1),
(2218, 34, 178, 3, 1),
(2219, 34, 179, 3, 1),
(2220, 34, 171, 3, 1),
(2221, 34, 174, 3, 1),
(2222, 34, 175, 3, 1),
(2223, 34, 173, 3, 1),
(2224, 34, 172, 3, 1),
(2225, 34, 77, 3, 1),
(2239, 31, 117, 3, 1),
(2240, 31, 78, 3, 1),
(2241, 31, 79, 3, 1),
(2242, 31, 116, 3, 1),
(2243, 31, 118, 3, 1),
(2244, 31, 144, 3, 1),
(2245, 31, 136, 3, 1),
(2246, 31, 141, 3, 1),
(2247, 31, 142, 3, 1),
(2248, 31, 143, 3, 1),
(2249, 31, 77, 3, 1),
(2250, 31, 77, 3, 1),
(2271, 42, 111, 3, 1),
(2272, 42, 110, 3, 1),
(2273, 42, 76, 3, 1),
(2274, 42, 114, 3, 1),
(2275, 42, 113, 3, 1),
(2276, 42, 115, 3, 1),
(2277, 42, 123, 3, 1),
(2278, 42, 89, 3, 1),
(2279, 42, 131, 3, 1),
(2280, 42, 138, 3, 1),
(2281, 42, 135, 3, 1),
(2282, 42, 77, 3, 1),
(2283, 42, 77, 3, 1),
(2284, 25, 69, 3, 1),
(2285, 25, 76, 3, 1),
(2286, 25, 81, 3, 1),
(2287, 25, 86, 3, 1),
(2288, 25, 87, 3, 1),
(2289, 25, 82, 3, 1),
(2290, 25, 111, 3, 1),
(2291, 25, 110, 3, 1),
(2292, 25, 112, 3, 1),
(2293, 25, 88, 3, 1),
(2294, 25, 124, 3, 1),
(2295, 25, 137, 3, 1),
(2296, 25, 114, 3, 1),
(2297, 25, 113, 3, 1),
(2298, 25, 115, 3, 1),
(2299, 25, 123, 3, 1),
(2300, 25, 89, 3, 1),
(2301, 25, 131, 3, 1),
(2302, 25, 138, 3, 1),
(2303, 25, 135, 3, 1),
(2304, 25, 194, 3, 1),
(2305, 25, 77, 3, 1),
(2306, 25, 77, 3, 1),
(2358, 21, 90, 3, 1),
(2359, 21, 94, 3, 1),
(2360, 21, 93, 3, 1),
(2361, 21, 107, 3, 1),
(2362, 21, 132, 3, 1),
(2363, 21, 96, 3, 1),
(2364, 21, 109, 3, 1),
(2365, 21, 95, 3, 1),
(2366, 21, 108, 3, 1),
(2367, 21, 97, 3, 1),
(2368, 21, 98, 3, 1),
(2369, 21, 99, 3, 1),
(2370, 21, 125, 3, 1),
(2371, 21, 100, 3, 1),
(2372, 21, 126, 3, 1),
(2373, 21, 127, 3, 1),
(2374, 21, 133, 3, 1),
(2375, 21, 101, 3, 1),
(2376, 21, 102, 3, 1),
(2377, 21, 103, 3, 1),
(2378, 21, 92, 3, 1),
(2379, 21, 91, 3, 1),
(2380, 21, 128, 3, 1),
(2381, 21, 129, 3, 1),
(2382, 21, 130, 3, 1),
(2383, 21, 145, 3, 1),
(2384, 21, 134, 3, 1),
(2385, 21, 105, 3, 1),
(2386, 21, 104, 3, 1),
(2387, 21, 106, 3, 1),
(2388, 21, 77, 3, 1),
(2430, 33, 77, 3, 1),
(2431, 33, 155, 3, 1),
(2432, 33, 157, 3, 1),
(2433, 33, 146, 3, 1),
(2434, 33, 152, 3, 1),
(2435, 33, 153, 3, 1),
(2436, 33, 147, 3, 1),
(2437, 33, 148, 3, 1),
(2438, 33, 158, 3, 1),
(2439, 33, 149, 3, 1),
(2440, 33, 150, 3, 1),
(2441, 33, 151, 3, 1),
(2442, 33, 154, 3, 1),
(2443, 33, 166, 3, 1),
(2444, 33, 156, 3, 1),
(2445, 33, 182, 3, 1),
(2446, 33, 187, 3, 1),
(2447, 33, 184, 3, 1),
(2448, 33, 183, 3, 1),
(2449, 33, 77, 3, 1),
(2500, 43, 168, 3, 1),
(2501, 43, 179, 3, 1),
(2502, 43, 171, 3, 1),
(2503, 43, 174, 3, 1),
(2504, 43, 175, 3, 1),
(2505, 43, 77, 3, 1),
(2514, 16, 65, 1, 1),
(2515, 16, 64, 1, 1),
(2516, 16, 67, 1, 1),
(2517, 16, 72, 1, 1),
(2518, 16, 71, 1, 1),
(2519, 16, 77, 3, 1),
(2520, 16, 77, 3, 1),
(2521, 8, 49, 1, 1),
(2541, 45, 180, 2, 1),
(2542, 45, 170, 2, 1),
(2543, 45, 178, 3, 1),
(2544, 45, 179, 2, 1),
(2545, 45, 171, 2, 1),
(2546, 45, 174, 2, 1),
(2547, 45, 175, 2, 1),
(2548, 45, 77, 3, 1),
(2559, 38, 77, 3, 1),
(2560, 38, 168, 4, 1),
(2561, 38, 180, 4, 1),
(2562, 38, 170, 4, 1),
(2563, 38, 179, 4, 1),
(2564, 38, 171, 4, 1),
(2565, 38, 174, 4, 1),
(2566, 38, 175, 4, 1),
(2567, 38, 77, 3, 1),
(2568, 41, 77, 3, 1),
(2569, 41, 168, 3, 1),
(2570, 41, 176, 3, 1),
(2571, 41, 169, 3, 1),
(2572, 41, 181, 3, 1),
(2573, 41, 177, 3, 1),
(2574, 41, 170, 3, 1),
(2575, 41, 180, 3, 1),
(2576, 41, 178, 3, 1),
(2577, 41, 179, 3, 1),
(2578, 41, 171, 3, 1),
(2579, 41, 174, 3, 1),
(2580, 41, 175, 3, 1),
(2581, 41, 77, 3, 1),
(2588, 44, 77, 3, 1),
(2589, 44, 155, 3, 1),
(2590, 44, 158, 3, 1),
(2591, 44, 149, 3, 1),
(2592, 44, 150, 3, 1),
(2593, 44, 184, 3, 1),
(2594, 44, 183, 3, 1),
(2595, 44, 77, 3, 1),
(2596, 46, 195, 1, 1),
(2597, 47, 195, 1, 1),
(2598, 49, 195, 1, 1),
(2599, 48, 195, 1, 1),
(2600, 46, 196, 1, 1),
(2601, 46, 196, 2, 1),
(2602, 46, 196, 3, 1),
(2603, 46, 196, 4, 1),
(2605, 49, 196, 1, 1),
(2606, 49, 196, 2, 1),
(2607, 49, 196, 3, 1),
(2608, 49, 196, 4, 1),
(2609, 48, 196, 1, 1),
(2610, 46, 197, 1, 1),
(2611, 46, 197, 2, 1),
(2612, 46, 197, 3, 1),
(2613, 46, 197, 4, 1),
(2614, 47, 197, 1, 1),
(2615, 49, 197, 1, 1),
(2616, 49, 197, 2, 1),
(2617, 49, 197, 3, 1),
(2618, 49, 197, 4, 1),
(2619, 48, 197, 1, 1),
(2620, 46, 198, 1, 1),
(2621, 46, 198, 2, 1),
(2622, 46, 198, 3, 1),
(2623, 46, 198, 4, 1),
(2624, 47, 198, 1, 1),
(2625, 49, 198, 1, 1),
(2626, 49, 198, 2, 1),
(2627, 49, 198, 3, 1),
(2628, 49, 198, 4, 1),
(2629, 48, 198, 1, 1),
(2630, 46, 200, 1, 1),
(2631, 49, 200, 1, 1),
(2632, 48, 200, 1, 1),
(2635, 52, 200, 1, 1),
(2636, 46, 201, 1, 1),
(2637, 46, 201, 2, 1),
(2638, 46, 201, 3, 1),
(2639, 46, 201, 4, 1),
(2650, 52, 201, 1, 1),
(2651, 52, 201, 2, 1),
(2652, 52, 201, 3, 1),
(2653, 52, 201, 4, 1),
(2654, 56, 201, 1, 1),
(2660, 46, 202, 1, 1),
(2661, 46, 202, 2, 1),
(2662, 46, 202, 3, 1),
(2663, 46, 202, 4, 1),
(2684, 46, 203, 1, 1),
(2685, 46, 203, 2, 1),
(2686, 46, 203, 3, 1),
(2687, 46, 203, 4, 1),
(2688, 49, 203, 1, 1),
(2689, 49, 203, 2, 1),
(2690, 49, 203, 3, 1),
(2691, 49, 203, 4, 1),
(2692, 48, 203, 1, 1),
(2693, 46, 205, 1, 1),
(2694, 49, 205, 1, 1),
(2695, 47, 205, 1, 1),
(2696, 48, 205, 1, 1),
(2697, 51, 205, 1, 1),
(2698, 50, 205, 1, 1),
(2700, 52, 205, 1, 1),
(2701, 54, 205, 1, 1),
(2702, 55, 205, 1, 1),
(2703, 56, 205, 1, 1),
(2705, 46, 206, 1, 1),
(2706, 49, 206, 1, 1),
(2707, 47, 206, 1, 1),
(2708, 48, 206, 1, 1),
(2709, 51, 206, 1, 1),
(2710, 50, 206, 1, 1),
(2712, 52, 206, 1, 1),
(2713, 54, 206, 1, 1),
(2714, 55, 206, 1, 1),
(2715, 56, 206, 1, 1),
(2717, 46, 207, 1, 1),
(2718, 46, 207, 2, 1),
(2719, 46, 207, 3, 1),
(2720, 46, 207, 4, 1),
(2721, 49, 207, 1, 1),
(2722, 49, 207, 2, 1),
(2723, 49, 207, 3, 1),
(2724, 49, 207, 4, 1),
(2725, 47, 207, 1, 1),
(2726, 47, 207, 2, 1),
(2727, 47, 207, 3, 1),
(2728, 47, 207, 4, 1),
(2729, 48, 207, 1, 1),
(2730, 48, 207, 2, 1),
(2731, 48, 207, 3, 1),
(2732, 48, 207, 4, 1),
(2733, 51, 207, 1, 1),
(2734, 51, 207, 2, 1),
(2735, 51, 207, 3, 1),
(2736, 51, 207, 4, 1),
(2737, 50, 207, 1, 1),
(2738, 50, 207, 2, 1),
(2739, 50, 207, 3, 1),
(2740, 50, 207, 4, 1),
(2745, 52, 207, 1, 1),
(2746, 52, 207, 2, 1),
(2747, 52, 207, 3, 1),
(2748, 52, 207, 4, 1),
(2749, 54, 207, 1, 1),
(2750, 54, 207, 2, 1),
(2751, 54, 207, 3, 1),
(2752, 54, 207, 4, 1),
(2753, 55, 207, 1, 1),
(2754, 55, 207, 2, 1),
(2755, 55, 207, 3, 1),
(2756, 55, 207, 4, 1),
(2757, 56, 207, 1, 1),
(2758, 56, 207, 2, 1),
(2759, 56, 207, 3, 1),
(2760, 56, 207, 4, 1),
(2765, 46, 209, 1, 1),
(2766, 46, 209, 2, 1),
(2767, 46, 209, 3, 1),
(2768, 46, 209, 4, 1),
(2769, 49, 209, 1, 1),
(2770, 49, 209, 2, 1),
(2771, 49, 209, 3, 1),
(2772, 49, 209, 4, 1),
(2773, 48, 209, 1, 1),
(2774, 48, 209, 2, 1),
(2775, 48, 209, 3, 1),
(2776, 48, 209, 4, 1),
(2777, 46, 211, 1, 1),
(2778, 46, 211, 4, 1),
(2779, 49, 211, 1, 1),
(2780, 49, 211, 4, 1),
(2781, 54, 211, 1, 1),
(2782, 54, 211, 4, 1),
(2783, 52, 211, 1, 1),
(2784, 52, 211, 4, 1),
(2787, 47, 211, 1, 1),
(2788, 47, 211, 4, 1),
(2789, 50, 211, 1, 1),
(2790, 50, 211, 4, 1),
(2791, 46, 213, 1, 1),
(2792, 46, 213, 2, 1),
(2793, 46, 213, 3, 1),
(2794, 46, 213, 4, 1),
(2795, 49, 213, 1, 1),
(2796, 49, 213, 2, 1),
(2797, 49, 213, 3, 1),
(2798, 49, 213, 4, 1),
(2799, 46, 215, 1, 1),
(2800, 49, 215, 1, 1),
(2801, 47, 215, 1, 1),
(2802, 48, 215, 1, 1),
(2803, 46, 216, 1, 1),
(2804, 49, 216, 1, 1),
(2805, 47, 216, 1, 1),
(2806, 48, 216, 1, 1),
(2807, 46, 217, 1, 1),
(2808, 49, 217, 1, 1),
(2809, 47, 217, 1, 1),
(2810, 48, 217, 1, 1),
(2811, 46, 218, 1, 1),
(2812, 49, 218, 1, 1),
(2813, 47, 218, 1, 1),
(2814, 48, 218, 1, 1),
(2815, 46, 219, 1, 1),
(2816, 49, 219, 1, 1),
(2817, 47, 219, 1, 1),
(2818, 48, 219, 1, 1),
(2819, 46, 220, 1, 1),
(2820, 49, 220, 1, 1),
(2821, 47, 220, 1, 1),
(2822, 48, 220, 1, 1),
(2823, 46, 221, 1, 1),
(2824, 49, 221, 1, 1),
(2825, 47, 221, 1, 1),
(2826, 48, 221, 1, 1),
(2827, 46, 222, 1, 1),
(2828, 49, 222, 1, 1),
(2829, 47, 222, 1, 1),
(2830, 48, 222, 1, 1),
(2831, 46, 223, 1, 1),
(2832, 49, 223, 1, 1),
(2833, 47, 223, 1, 1),
(2834, 48, 223, 1, 1),
(2835, 46, 224, 1, 1),
(2836, 49, 224, 1, 1),
(2837, 47, 224, 1, 1),
(2838, 48, 224, 1, 1),
(2839, 46, 225, 1, 1),
(2840, 49, 225, 1, 1),
(2841, 47, 225, 1, 1),
(2842, 48, 225, 1, 1),
(2843, 46, 226, 1, 1),
(2844, 49, 226, 1, 1),
(2845, 47, 226, 1, 1),
(2846, 48, 226, 1, 1),
(2847, 51, 226, 1, 1),
(2848, 50, 226, 1, 1),
(2850, 52, 226, 1, 1),
(2851, 54, 226, 1, 1),
(2852, 55, 226, 1, 1),
(2853, 56, 226, 1, 1),
(2855, 46, 227, 1, 1),
(2856, 46, 227, 2, 1),
(2857, 46, 227, 3, 1),
(2858, 46, 227, 4, 1),
(2859, 49, 227, 1, 1),
(2860, 49, 227, 2, 1),
(2861, 49, 227, 3, 1),
(2862, 49, 227, 4, 1),
(2863, 47, 227, 1, 1),
(2864, 47, 227, 2, 1),
(2865, 47, 227, 3, 1),
(2866, 47, 227, 4, 1),
(2867, 48, 227, 1, 1),
(2868, 48, 227, 2, 1),
(2869, 48, 227, 3, 1),
(2870, 48, 227, 4, 1),
(2871, 51, 227, 1, 1),
(2872, 51, 227, 2, 1),
(2873, 51, 227, 3, 1),
(2874, 51, 227, 4, 1),
(2875, 50, 227, 1, 1),
(2876, 50, 227, 2, 1),
(2877, 50, 227, 3, 1),
(2878, 50, 227, 4, 1),
(2883, 52, 227, 1, 1),
(2884, 52, 227, 2, 1),
(2885, 52, 227, 3, 1),
(2886, 52, 227, 4, 1),
(2887, 54, 227, 1, 1),
(2888, 54, 227, 2, 1),
(2889, 54, 227, 3, 1),
(2890, 54, 227, 4, 1),
(2891, 55, 227, 1, 1),
(2892, 55, 227, 2, 1),
(2893, 55, 227, 3, 1),
(2894, 55, 227, 4, 1),
(2895, 56, 227, 1, 1),
(2896, 56, 227, 2, 1),
(2897, 56, 227, 3, 1),
(2898, 56, 227, 4, 1),
(2903, 46, 230, 1, 1),
(2904, 46, 230, 4, 1),
(2905, 49, 230, 1, 1),
(2906, 49, 230, 4, 1),
(2907, 47, 230, 1, 1),
(2908, 47, 230, 4, 1),
(2909, 50, 230, 1, 1),
(2910, 50, 230, 4, 1),
(2913, 52, 230, 1, 1),
(2914, 52, 230, 4, 1),
(2915, 54, 230, 1, 1),
(2916, 54, 230, 4, 1),
(2917, 46, 232, 1, 1),
(2918, 46, 232, 2, 1),
(2919, 46, 232, 3, 1),
(2920, 46, 232, 4, 1),
(2921, 52, 232, 1, 1),
(2922, 52, 232, 2, 1),
(2923, 52, 232, 3, 1),
(2924, 52, 232, 4, 1),
(2925, 56, 232, 1, 1),
(2926, 56, 232, 2, 1),
(2927, 56, 232, 3, 1),
(2928, 56, 232, 4, 1),
(2937, 46, 233, 1, 1),
(2938, 46, 233, 2, 1),
(2939, 46, 233, 3, 1),
(2940, 46, 233, 4, 1),
(2941, 52, 233, 1, 1),
(2942, 52, 233, 2, 1),
(2943, 52, 233, 3, 1),
(2944, 52, 233, 4, 1),
(2945, 56, 233, 1, 1),
(2946, 56, 233, 2, 1),
(2947, 56, 233, 3, 1),
(2948, 56, 233, 4, 1),
(2957, 46, 234, 1, 1),
(2958, 46, 234, 2, 1),
(2959, 46, 234, 3, 1),
(2960, 46, 234, 4, 1),
(2961, 52, 234, 1, 1),
(2962, 52, 234, 2, 1),
(2963, 52, 234, 3, 1),
(2964, 52, 234, 4, 1),
(2965, 56, 234, 1, 1),
(2966, 56, 234, 2, 1),
(2967, 56, 234, 3, 1),
(2968, 56, 234, 4, 1),
(2977, 46, 236, 1, 1),
(2978, 46, 236, 2, 1),
(2979, 46, 236, 3, 1),
(2980, 46, 236, 4, 1),
(2989, 46, 237, 1, 1),
(2990, 46, 237, 2, 1),
(2991, 46, 237, 3, 1),
(2992, 46, 237, 4, 1),
(3001, 46, 239, 1, 1),
(3002, 54, 239, 1, 1),
(3003, 55, 239, 1, 1),
(3004, 46, 240, 1, 1),
(3005, 54, 240, 1, 1),
(3006, 55, 240, 1, 1),
(3007, 46, 241, 1, 1),
(3008, 46, 241, 2, 1),
(3009, 46, 241, 3, 1),
(3010, 46, 241, 4, 1),
(3011, 54, 241, 1, 1),
(3012, 54, 241, 2, 1),
(3013, 54, 241, 3, 1),
(3014, 54, 241, 4, 1),
(3015, 55, 241, 1, 1),
(3016, 55, 241, 2, 1),
(3017, 55, 241, 3, 1),
(3018, 55, 241, 4, 1),
(3019, 46, 242, 1, 1),
(3020, 46, 242, 2, 1),
(3021, 46, 242, 3, 1),
(3022, 46, 242, 4, 1),
(3023, 54, 242, 1, 1),
(3024, 54, 242, 2, 1),
(3025, 54, 242, 3, 1),
(3026, 54, 242, 4, 1),
(3027, 55, 242, 1, 1),
(3028, 55, 242, 2, 1),
(3029, 55, 242, 3, 1),
(3030, 55, 242, 4, 1),
(3031, 46, 243, 1, 1),
(3032, 46, 243, 2, 1),
(3033, 46, 243, 3, 1),
(3034, 46, 243, 4, 1),
(3035, 54, 243, 1, 1),
(3036, 54, 243, 2, 1),
(3037, 54, 243, 3, 1),
(3038, 54, 243, 4, 1),
(3039, 55, 243, 1, 1),
(3040, 55, 243, 2, 1),
(3041, 55, 243, 3, 1),
(3042, 55, 243, 4, 1),
(3043, 46, 244, 1, 1),
(3044, 46, 244, 2, 1),
(3045, 46, 244, 3, 1),
(3046, 46, 244, 4, 1),
(3047, 54, 244, 1, 1),
(3048, 54, 244, 2, 1),
(3049, 54, 244, 3, 1),
(3050, 54, 244, 4, 1),
(3051, 55, 244, 1, 1),
(3052, 55, 244, 2, 1),
(3053, 55, 244, 3, 1),
(3054, 55, 244, 4, 1),
(3055, 46, 245, 1, 1),
(3056, 46, 245, 2, 1),
(3057, 46, 245, 3, 1),
(3058, 46, 245, 4, 1),
(3059, 54, 245, 1, 1),
(3060, 54, 245, 2, 1),
(3061, 54, 245, 3, 1),
(3062, 54, 245, 4, 1),
(3063, 55, 245, 1, 1),
(3064, 55, 245, 2, 1),
(3065, 55, 245, 3, 1),
(3066, 55, 245, 4, 1),
(3067, 46, 246, 1, 1),
(3068, 54, 246, 1, 1),
(3069, 55, 246, 1, 1),
(3070, 46, 247, 1, 1),
(3071, 46, 247, 2, 1),
(3072, 46, 247, 3, 1),
(3073, 46, 247, 4, 1),
(3074, 54, 247, 1, 1),
(3075, 54, 247, 2, 1),
(3076, 54, 247, 3, 1),
(3077, 54, 247, 4, 1),
(3078, 55, 247, 1, 1),
(3079, 55, 247, 2, 1),
(3080, 55, 247, 3, 1),
(3081, 55, 247, 4, 1),
(3082, 46, 248, 1, 1),
(3083, 46, 248, 2, 1),
(3084, 46, 248, 3, 1),
(3085, 46, 248, 4, 1),
(3086, 54, 248, 1, 1),
(3087, 54, 248, 2, 1),
(3088, 54, 248, 3, 1),
(3089, 54, 248, 4, 1),
(3090, 55, 248, 1, 1),
(3091, 55, 248, 2, 1),
(3092, 55, 248, 3, 1),
(3093, 55, 248, 4, 1),
(3094, 46, 249, 1, 1),
(3095, 46, 249, 2, 1),
(3096, 46, 249, 3, 1),
(3097, 46, 249, 4, 1),
(3098, 54, 249, 1, 1),
(3099, 54, 249, 2, 1),
(3100, 54, 249, 3, 1),
(3101, 54, 249, 4, 1),
(3102, 55, 249, 1, 1),
(3103, 55, 249, 2, 1),
(3104, 55, 249, 3, 1),
(3105, 55, 249, 4, 1),
(3106, 46, 250, 1, 1),
(3107, 46, 250, 2, 1),
(3108, 46, 250, 3, 1),
(3109, 46, 250, 4, 1),
(3110, 54, 250, 1, 1),
(3111, 54, 250, 2, 1),
(3112, 54, 250, 3, 1),
(3113, 54, 250, 4, 1),
(3114, 55, 250, 1, 1),
(3115, 55, 250, 2, 1),
(3116, 55, 250, 3, 1),
(3117, 55, 250, 4, 1),
(3118, 46, 251, 1, 1),
(3119, 46, 251, 2, 1),
(3120, 46, 251, 3, 1),
(3121, 46, 251, 4, 1),
(3122, 54, 251, 1, 1),
(3123, 54, 251, 2, 1),
(3124, 54, 251, 3, 1),
(3125, 54, 251, 4, 1),
(3126, 55, 251, 1, 1),
(3127, 55, 251, 2, 1),
(3128, 55, 251, 3, 1),
(3129, 55, 251, 4, 1),
(3130, 46, 252, 1, 1),
(3131, 46, 252, 2, 1),
(3132, 46, 252, 3, 1),
(3133, 46, 252, 4, 1),
(3134, 54, 252, 1, 1),
(3135, 54, 252, 2, 1),
(3136, 54, 252, 3, 1),
(3137, 54, 252, 4, 1),
(3138, 55, 252, 1, 1),
(3139, 55, 252, 2, 1),
(3140, 55, 252, 3, 1),
(3141, 55, 252, 4, 1),
(3142, 46, 253, 1, 1),
(3143, 54, 253, 1, 1),
(3144, 55, 253, 1, 1),
(3145, 46, 254, 1, 1),
(3146, 46, 254, 2, 1),
(3147, 46, 254, 3, 1),
(3148, 46, 254, 4, 1),
(3149, 54, 254, 1, 1),
(3150, 54, 254, 2, 1),
(3151, 54, 254, 3, 1),
(3152, 54, 254, 4, 1),
(3153, 55, 254, 1, 1),
(3154, 55, 254, 2, 1),
(3155, 55, 254, 3, 1),
(3156, 55, 254, 4, 1),
(3157, 46, 255, 1, 1),
(3158, 46, 255, 2, 1),
(3159, 46, 255, 3, 1),
(3160, 46, 255, 4, 1),
(3161, 54, 255, 1, 1),
(3162, 54, 255, 2, 1),
(3163, 54, 255, 3, 1),
(3164, 54, 255, 4, 1),
(3165, 55, 255, 1, 1),
(3166, 55, 255, 2, 1),
(3167, 55, 255, 3, 1),
(3168, 55, 255, 4, 1),
(3169, 46, 256, 1, 1),
(3170, 54, 256, 1, 1),
(3171, 55, 256, 1, 1),
(3172, 46, 257, 1, 1),
(3173, 46, 257, 2, 1),
(3174, 46, 257, 3, 1),
(3175, 46, 257, 4, 1),
(3176, 54, 257, 1, 1),
(3177, 54, 257, 2, 1),
(3178, 54, 257, 3, 1),
(3179, 54, 257, 4, 1),
(3180, 55, 257, 1, 1),
(3181, 55, 257, 2, 1),
(3182, 55, 257, 3, 1),
(3183, 55, 257, 4, 1),
(3184, 46, 259, 1, 1),
(3185, 54, 259, 1, 1),
(3186, 55, 259, 1, 1),
(3187, 46, 260, 1, 1),
(3188, 54, 260, 1, 1),
(3189, 55, 260, 1, 1),
(3190, 46, 261, 1, 1),
(3191, 54, 261, 1, 1),
(3192, 55, 261, 1, 1),
(3193, 46, 262, 1, 1),
(3194, 54, 262, 1, 1),
(3195, 55, 262, 1, 1),
(3196, 46, 263, 1, 1),
(3197, 54, 263, 1, 1),
(3198, 55, 263, 1, 1),
(3199, 46, 265, 1, 1),
(3200, 54, 265, 1, 1),
(3201, 55, 265, 1, 1),
(3202, 46, 266, 1, 1),
(3203, 54, 266, 1, 1),
(3204, 55, 266, 1, 1),
(3205, 46, 267, 1, 1),
(3206, 54, 267, 1, 1),
(3207, 55, 267, 1, 1),
(3208, 46, 268, 1, 1),
(3209, 46, 269, 1, 1),
(3210, 46, 269, 2, 1),
(3211, 46, 269, 3, 1),
(3212, 46, 269, 4, 1),
(3213, 46, 270, 1, 1),
(3214, 52, 270, 1, 1),
(3215, 56, 270, 1, 1),
(3218, 46, 271, 1, 1),
(3219, 52, 271, 1, 1),
(3220, 56, 271, 1, 1),
(3223, 46, 272, 1, 1),
(3226, 46, 273, 1, 1),
(3227, 52, 273, 1, 1),
(3228, 56, 273, 1, 1),
(3234, 46, 275, 1, 1),
(3237, 58, 275, 1, 1),
(3238, 46, 276, 1, 1),
(3239, 46, 276, 2, 1),
(3240, 46, 276, 3, 1),
(3241, 46, 276, 4, 1),
(3250, 58, 276, 1, 1),
(3251, 58, 276, 2, 1),
(3252, 58, 276, 3, 1),
(3253, 58, 276, 4, 1),
(3254, 46, 277, 1, 1),
(3255, 46, 277, 2, 1),
(3256, 46, 277, 3, 1),
(3257, 46, 277, 4, 1),
(3266, 58, 277, 1, 1),
(3267, 58, 277, 2, 1),
(3268, 58, 277, 3, 1),
(3269, 58, 277, 4, 1),
(3270, 46, 278, 1, 1),
(3271, 46, 278, 2, 1),
(3272, 46, 278, 3, 1),
(3273, 46, 278, 4, 1),
(3282, 58, 278, 1, 1),
(3283, 58, 278, 2, 1),
(3284, 58, 278, 3, 1),
(3285, 58, 278, 4, 1),
(3286, 46, 279, 1, 1),
(3287, 46, 279, 2, 1),
(3288, 46, 279, 3, 1),
(3289, 46, 279, 4, 1),
(3298, 58, 279, 1, 1),
(3299, 58, 279, 2, 1),
(3300, 58, 279, 3, 1),
(3301, 58, 279, 4, 1),
(3302, 46, 280, 1, 1),
(3303, 52, 280, 1, 1),
(3304, 56, 280, 1, 1),
(3307, 46, 281, 1, 1),
(3308, 46, 281, 2, 1),
(3309, 46, 281, 3, 1),
(3310, 46, 281, 4, 1),
(3319, 58, 281, 1, 1),
(3320, 58, 281, 2, 1),
(3321, 58, 281, 3, 1),
(3322, 58, 281, 4, 1),
(3323, 58, 205, 1, 1),
(3324, 58, 206, 1, 1),
(3325, 58, 205, 1, 1),
(3326, 58, 207, 1, 1),
(3327, 58, 207, 2, 1),
(3328, 58, 207, 3, 1),
(3329, 58, 207, 4, 1),
(3330, 58, 226, 4, 1),
(3331, 58, 227, 1, 1),
(3332, 58, 227, 2, 1),
(3333, 58, 227, 3, 1),
(3334, 58, 227, 4, 1),
(3335, 58, 239, 1, 1),
(3353, 58, 246, 1, 1),
(3354, 58, 247, 1, 1),
(3387, 58, 256, 1, 1),
(3392, 46, 282, 1, 1),
(3393, 46, 282, 2, 1),
(3394, 46, 282, 3, 1),
(3395, 46, 282, 4, 1),
(3396, 49, 282, 1, 1),
(3397, 49, 282, 2, 1),
(3398, 49, 282, 3, 1),
(3399, 49, 282, 4, 1),
(3400, 48, 282, 1, 1),
(3401, 48, 282, 2, 1),
(3402, 48, 282, 3, 1),
(3403, 48, 282, 4, 1),
(3404, 46, 283, 1, 1),
(3405, 54, 283, 1, 1),
(3406, 55, 283, 1, 1),
(3408, 52, 239, 1, 1),
(3410, 49, 239, 1, 1),
(3411, 50, 239, 1, 1),
(3412, 47, 239, 1, 1),
(3413, 56, 239, 1, 1),
(3415, 48, 239, 1, 1),
(3416, 51, 239, 1, 1),
(3555, 51, 254, 1, 1),
(3564, 51, 255, 1, 1),
(3565, 52, 256, 1, 1),
(3567, 49, 256, 1, 1),
(3568, 50, 256, 1, 1),
(3569, 47, 256, 1, 1),
(3570, 56, 256, 1, 1),
(3572, 48, 256, 1, 1),
(3573, 51, 256, 1, 1),
(3608, 46, 285, 1, 1),
(3609, 46, 285, 2, 1),
(3610, 46, 285, 3, 1),
(3611, 46, 285, 4, 1),
(3612, 54, 285, 1, 1),
(3613, 54, 285, 2, 1),
(3614, 54, 285, 3, 1),
(3615, 54, 285, 4, 1),
(3616, 55, 285, 1, 1),
(3617, 55, 285, 2, 1),
(3618, 55, 285, 3, 1),
(3619, 55, 285, 4, 1),
(3620, 58, 285, 1, 1),
(3621, 58, 285, 2, 1),
(3622, 58, 285, 3, 1),
(3623, 58, 285, 4, 1),
(3624, 20, 65, 2, 1),
(3625, 20, 64, 2, 1),
(3626, 20, 67, 2, 1),
(3627, 20, 72, 2, 1),
(3628, 20, 71, 2, 1),
(3629, 20, 77, 3, 1),
(3630, 20, 77, 3, 1),
(3631, 46, 288, 1, 1),
(3632, 46, 288, 2, 1),
(3633, 46, 288, 3, 1),
(3634, 46, 288, 4, 1),
(3645, 52, 288, 1, 1),
(3646, 52, 288, 2, 1),
(3647, 52, 288, 3, 1),
(3648, 52, 288, 4, 1),
(3649, 56, 288, 1, 1),
(3655, 46, 289, 1, 1),
(3656, 54, 289, 1, 1),
(3657, 55, 289, 1, 1),
(3659, 46, 290, 1, 1),
(3662, 58, 290, 1, 1),
(3663, 46, 291, 1, 1),
(3666, 58, 291, 1, 1),
(3667, 46, 292, 1, 1),
(3670, 58, 292, 1, 1),
(3671, 46, 295, 1, 1),
(3672, 46, 295, 2, 1),
(3673, 46, 295, 3, 1),
(3674, 46, 295, 4, 1),
(3675, 54, 295, 1, 1),
(3676, 54, 295, 2, 1),
(3677, 54, 295, 3, 1),
(3678, 54, 295, 4, 1),
(3679, 46, 297, 1, 1),
(3680, 46, 297, 2, 1),
(3681, 46, 297, 3, 1),
(3682, 46, 297, 4, 1),
(3683, 54, 297, 1, 1),
(3684, 54, 297, 2, 1),
(3685, 54, 297, 3, 1),
(3686, 54, 297, 4, 1),
(3687, 50, 297, 1, 1),
(3688, 50, 297, 2, 1),
(3689, 50, 297, 3, 1),
(3690, 50, 297, 4, 1),
(3691, 46, 299, 1, 1),
(3692, 46, 299, 2, 1),
(3693, 46, 299, 3, 1),
(3694, 46, 299, 4, 1),
(3695, 54, 299, 1, 1),
(3696, 54, 299, 2, 1),
(3697, 54, 299, 3, 1),
(3698, 54, 299, 4, 1),
(3699, 46, 301, 1, 1),
(3700, 54, 301, 1, 1),
(3701, 55, 301, 1, 1),
(3702, 46, 302, 1, 1),
(3703, 54, 302, 1, 1),
(3704, 55, 302, 1, 1),
(3705, 46, 303, 1, 1),
(3706, 54, 303, 1, 1),
(3707, 55, 303, 1, 1),
(3708, 46, 305, 1, 1),
(3709, 52, 305, 1, 1),
(3710, 56, 305, 1, 1),
(3713, 14, 65, 3, 1),
(3714, 14, 64, 3, 1),
(3715, 14, 66, 3, 1),
(3716, 14, 67, 3, 1),
(3717, 14, 68, 3, 1),
(3718, 14, 70, 3, 1),
(3719, 14, 72, 3, 1),
(3720, 14, 71, 3, 1),
(3721, 14, 73, 3, 1),
(3722, 14, 74, 3, 1),
(3723, 14, 75, 3, 1),
(3724, 14, 69, 3, 1),
(3725, 14, 76, 3, 1),
(3726, 14, 81, 3, 1),
(3727, 14, 86, 3, 1),
(3728, 14, 87, 3, 1),
(3729, 14, 82, 3, 1),
(3730, 14, 111, 3, 1),
(3731, 14, 110, 3, 1),
(3732, 14, 112, 3, 1),
(3733, 14, 88, 3, 1),
(3734, 14, 124, 3, 1),
(3735, 14, 137, 3, 1),
(3736, 14, 119, 3, 1),
(3737, 14, 140, 3, 1),
(3738, 14, 114, 3, 1),
(3739, 14, 113, 3, 1),
(3740, 14, 115, 3, 1),
(3741, 14, 123, 3, 1),
(3742, 14, 89, 3, 1),
(3743, 14, 131, 3, 1),
(3744, 14, 138, 3, 1),
(3745, 14, 80, 3, 1),
(3746, 14, 78, 3, 1),
(3747, 14, 117, 3, 1),
(3748, 14, 79, 3, 1),
(3749, 14, 116, 3, 1),
(3750, 14, 118, 3, 1),
(3751, 14, 144, 3, 1),
(3752, 14, 136, 3, 1),
(3753, 14, 141, 3, 1),
(3754, 14, 142, 3, 1),
(3755, 14, 143, 3, 1),
(3756, 14, 159, 3, 1),
(3757, 14, 84, 3, 1),
(3758, 14, 83, 3, 1),
(3759, 14, 85, 3, 1),
(3760, 14, 135, 3, 1),
(3761, 14, 194, 3, 1),
(3762, 14, 77, 3, 1),
(3763, 14, 77, 3, 1),
(3780, 49, 295, 1, 1),
(3781, 49, 295, 2, 1),
(3782, 49, 295, 3, 1),
(3783, 49, 295, 4, 1),
(3784, 47, 295, 1, 1),
(3785, 47, 295, 2, 1),
(3786, 47, 295, 3, 1),
(3787, 47, 295, 4, 1),
(3788, 48, 295, 1, 1),
(3789, 48, 295, 2, 1),
(3790, 48, 295, 3, 1),
(3791, 48, 295, 4, 1),
(3792, 51, 295, 1, 1),
(3793, 51, 295, 2, 1),
(3794, 51, 295, 3, 1),
(3795, 51, 295, 4, 1),
(3796, 50, 295, 1, 1),
(3797, 50, 295, 2, 1),
(3798, 50, 295, 3, 1),
(3799, 50, 295, 4, 1),
(3800, 52, 295, 1, 1),
(3801, 52, 295, 2, 1),
(3802, 52, 295, 3, 1),
(3803, 52, 295, 4, 1),
(3804, 55, 295, 1, 1),
(3805, 55, 295, 2, 1),
(3806, 55, 295, 3, 1),
(3807, 55, 295, 4, 1),
(3808, 56, 295, 1, 1),
(3809, 56, 295, 2, 1),
(3810, 56, 295, 3, 1),
(3811, 56, 295, 4, 1),
(3812, 58, 295, 1, 1),
(3813, 58, 295, 2, 1),
(3814, 58, 295, 3, 1),
(3815, 58, 295, 4, 1),
(3816, 49, 297, 1, 1),
(3817, 49, 297, 2, 1),
(3818, 49, 297, 3, 1),
(3819, 49, 297, 4, 1),
(3824, 52, 297, 1, 1),
(3825, 52, 297, 2, 1),
(3826, 52, 297, 3, 1),
(3827, 52, 297, 4, 1),
(3836, 46, 307, 1, 1),
(3837, 46, 307, 2, 1),
(3838, 46, 307, 3, 1),
(3839, 46, 307, 4, 1),
(3840, 47, 307, 1, 1),
(3841, 47, 307, 2, 1),
(3842, 47, 307, 3, 1),
(3843, 47, 307, 4, 1),
(3848, 58, 259, 1, 1),
(3849, 52, 236, 1, 1),
(3850, 52, 236, 2, 1),
(3851, 52, 236, 3, 1),
(3852, 52, 236, 4, 1),
(3853, 56, 236, 1, 1),
(3854, 56, 236, 2, 1),
(3855, 56, 236, 3, 1),
(3856, 56, 236, 4, 1),
(3857, 52, 272, 1, 1),
(3858, 56, 272, 1, 1),
(3859, 52, 237, 1, 1),
(3860, 56, 237, 1, 1),
(3861, 52, 237, 2, 1),
(3862, 56, 237, 2, 1),
(3863, 52, 237, 3, 1),
(3864, 56, 237, 3, 1),
(3865, 52, 237, 4, 1),
(3866, 56, 237, 4, 1),
(3867, 47, 200, 1, 1),
(3868, 47, 202, 1, 1),
(3869, 47, 202, 2, 1),
(3870, 47, 202, 3, 1),
(3871, 47, 202, 4, 1),
(3872, 47, 197, 2, 1),
(3873, 47, 197, 3, 1),
(3874, 47, 197, 4, 1),
(3875, 47, 198, 2, 1),
(3876, 47, 198, 3, 1),
(3877, 47, 198, 4, 1),
(3878, 46, 309, 1, 1),
(3879, 46, 309, 2, 1),
(3880, 46, 309, 3, 1),
(3881, 46, 309, 4, 1),
(3882, 54, 309, 1, 1),
(3883, 54, 309, 2, 1),
(3884, 54, 309, 3, 1),
(3885, 54, 309, 4, 1),
(3886, 46, 310, 1, 1),
(3887, 46, 310, 2, 1),
(3888, 46, 310, 3, 1),
(3889, 46, 310, 4, 1),
(3890, 47, 310, 1, 1),
(3891, 47, 310, 2, 1),
(3892, 47, 310, 3, 1),
(3893, 47, 310, 4, 1);

-- --------------------------------------------------------

--
-- Estructura de tabla para la tabla `org_seccion`
--

CREATE TABLE `org_seccion` (
  `id_seccion` int(10) UNSIGNED NOT NULL,
  `nombre_seccion` varchar(200) NOT NULL,
  `depende` int(10) UNSIGNED NOT NULL,
  `nivel` int(10) UNSIGNED NOT NULL
) ENGINE=InnoDB DEFAULT CHARSET=latin1;

--
-- Volcado de datos para la tabla `org_seccion`
--

INSERT INTO `org_seccion` (`id_seccion`, `nombre_seccion`, `depende`, `nivel`) VALUES
(1, 'OFICINA DE ASESORIA JURIDICA', 34, 1),
(2, 'LIQUIDACION LABORAL', 37, 2),
(3, 'ARCHIVO GENERAL', 36, 2),
(4, 'ADMINISTRACION DE PROYECTOS', 34, 1),
(5, 'CENTRO OBRERO COATEPEQUE', 15, 2),
(6, 'CENTRO OBRERO CONCHALIO', 15, 2),
(8, 'CENTRO OBRERO EL TAMARINDO', 15, 2),
(9, 'CENTRO OBRERO LA PALMA', 15, 2),
(10, 'CIUDAD MUJER', 61, 2),
(11, 'CLINICA EMPRESARIAL', 36, 2),
(12, 'CNR', 37, 2),
(13, 'CONSEJO NACIONAL DEL SALARIO MINIMO', 34, 1),
(14, 'CONSEJO SUPERIOR DEL TRABAJO', 34, 1),
(15, 'DEPARTAMENTO DE CENTROS DE RECREACION A TRABAJADORES', 36, 2),
(16, 'DEPARTAMENTO DE INSPECCION AGROPECUARIA', 37, 2),
(17, 'DEPARTAMENTO DE INSPECCION, INDUSTRIA, COMERCIO Y SERVICIO', 37, 2),
(18, 'DEPARTAMENTO DE INSPECCION AGROPECUARIA_NO USAR', 37, 2),
(19, 'DEPARTAMENTO DE RECURSOS HUMANOS', 36, 2),
(20, 'DEPARTAMENTO DE RELACIONES DE TRABAJO', 43, 2),
(21, 'DEPARTAMENTO DE SERVICIOS GENERALES', 36, 2),
(22, 'DEPARTAMENTO NACIONAL DE EMPLEO', 42, 2),
(23, 'DEPARTAMENTO DE EMPLEO BOLSA DE EMPLEO DE APOPA', 42, 2),
(24, 'DEPARTAMENTO DE EMPLEO BOLSA DE EMPLEO DE ILOPANGO', 42, 2),
(25, 'DEPARTAMENTO DE EMPLEO BOLSA DE EMPLEO DE MEJICANOS', 42, 2),
(26, 'DEPARTAMENTO DE EMPLEO BOLSA DE EMPLEO DE NEJAPA', 42, 2),
(27, 'DEPARTAMENTO DE EMPLEO BOLSA DE EMPLEO DE SAN MARCOS', 42, 2),
(28, 'DEPARTAMENTO DE EMPLEO BOLSA DE EMPLEO DE SOYAPANGO', 42, 2),
(29, 'DEPARTAMENTO DE EMPLEO BOLSA DE EMPLEO SAN MARTIN', 42, 2),
(30, 'DEPARTAMENTO NACIONAL DE ORGANIZACIONES SOCIALES', 43, 2),
(31, 'DEPARTAMENTO UACI', 36, 2),
(32, 'DEPTO DE INSPECCION AGRICOLA_NO USAR', 37, 2),
(33, 'DEPTO. DE SEGURIDAD E HIGIENE OCUPACIONAL', 42, 2),
(34, 'DESPACHO MINISTERIAL', 0, 2),
(35, 'DESPACHO VICE MINISTERIAL', 34, 2),
(36, 'DIRECCION ADMINISTRATIVA', 40, 2),
(37, 'DIRECCION GENERAL DE INSPECCION', 40, 2),
(39, 'DIRECCION DE RELACIONES INTERNACIONALES DE TRABAJO', 40, 2),
(40, 'DIRECCION EJECUTIVA', 34, 2),
(41, '117 TRABAJO', 0, 2),
(42, 'DIRECCION GENERAL DE PREVISION SOCIAL', 40, 2),
(43, 'DIRECCION GENERAL DE TRABAJO', 40, 2),
(44, 'INSPECCION SUPERVISORIA 3', 37, 2),
(46, 'EXTRANJERIA MIGRANTES', 42, 2),
(47, 'INFRAESTRUCTURA', 36, 2),
(48, 'INSPECCION AGROPECUARIA_NO USAR', 37, 2),
(49, 'INSPECCION SUPERVISORIA 2', 37, 2),
(51, 'MINISTRO', 34, 2),
(52, 'OFICINA DEPARTAMENTAL DE AHUACHAPAN', 35, 3),
(53, 'OFICINA DEPARTAMENTAL DE CABANAS', 35, 3),
(54, 'OFICINA DEPARTAMENTAL DE CHALATENANGO', 35, 3),
(55, 'OFICINA DEPARTAMENTAL DE CUSCATLAN', 35, 3),
(56, 'OFICINA DEPARTAMENTAL DE LA LIBERTAD', 35, 3),
(57, 'OFICINA DEPARTAMENTAL DE LA UNION', 35, 3),
(58, 'OFICINA DEPARTAMENTAL DE MORAZAN', 35, 3),
(59, 'OFICINA DEPARTAMENTAL DE SAN VICENTE', 35, 3),
(60, 'OFICINA DEPARTAMENTAL DE SONSONATE', 35, 3),
(61, 'OFICINA DEPARTAMENTAL DE USULUTAN', 35, 3),
(64, 'OFICINA PARACENTRAL DE ZACATECOLUCA', 35, 3),
(65, 'OFICINA REGIONAL DE SAN MIGUEL', 35, 3),
(66, 'OFICINA REGIONAL DE SANTA ANA', 35, 3),
(67, 'PAGADURIA INSTITUCIONAL', 34, 2),
(68, 'RAC', 43, 2),
(69, 'SALA CUNA', 43, 2),
(72, 'SECCION DE BODEGA', 36, 2),
(73, 'SECCION DE COMPRAS', 36, 2),
(74, 'SECCION DE CONTABILIDAD', 34, 2),
(75, 'SECCION DE CORRESPONDENCIA', 34, 2),
(76, 'SECCION DE HIGIENE OCUPACIONAL', 42, 2),
(77, 'SECCION DE INTENDENCIA', 21, 2),
(78, 'SECCION DE MANTENIMIENTO', 21, 2),
(79, 'SECCION DE MULTAS', 37, 2),
(80, 'SECCION DE PRESUPUESTO', 34, 2),
(81, 'SECCION DE PREVENCION DE RIESGOS OCUPACIONALES', 42, 2),
(84, 'SECCION DE RECREACION PARA TRABAJADORES', 36, 2),
(86, 'SECCION DE REGLAMENTOS INTERNOS DE TRABAJO', 43, 2),
(87, 'SECCION DE RELACIONES COLECTIVAS DE TRABAJO', 43, 2),
(89, 'SECCION DE RELACIONES INDIVIDUALES DE TRABAJO', 43, 2),
(90, 'SECCION DE SEGURIDAD OCUPACIONAL', 42, 2),
(91, 'SECCION DE TRABAJADORES MIGRANTES', 42, 2),
(92, 'SECCION MULTAS', 37, 2),
(93, 'SECCION NOTIFICADORES DE INSPECCION', 37, 2),
(94, 'SECCION PRESUPUESTO', 34, 2),
(95, 'SECRETARIA DE DIRECCION GENERAL DE TRABAJO', 43, 2),
(97, 'INSPECCION SUPERVISORIA 1', 37, 2),
(98, 'SUB DIRECCION', 36, 2),
(99, 'SUB 36', 0, 2),
(100, 'UNIDAD DE ACCESO A LA INFORMACION PUBLICA', 34, 1),
(101, 'UNIDAD DE ACTIVO FIJO', 36, 2),
(104, 'UNIDAD DE ASESORIA LABORAL', 37, 2),
(105, 'UNIDAD DE ATENCION AL USUARIO', 36, 2),
(106, 'OFICINA DE AUDITORIA Y CONTROL INTERNO', 34, 1),
(107, 'OFICINA DE COORDINACION Y DESARROLLO INSTITUCIONAL', 40, 2),
(108, 'UNIDAD DE DESARROLLO TECNOLOGICO', 40, 1),
(109, 'OFICINA DE ESTADISTICA E INFORMATICA LABORAL', 40, 1),
(111, 'UNIDAD DE NOTIFICADORES', 43, 2),
(112, 'OFICINA DE PRENSA Y RELACIONES PUBLICAS', 40, 1),
(113, 'UNIDAD ESPECIAL DE GENERO Y PREV. ACTOS', 37, 2),
(114, 'UNIDAD ESPECIAL DE PREVENCION DE ACTOS LABORALES DISCRIMINATORIOS', 37, 2),
(115, 'UNIDAD FINANCIERA INSTITUCIONAL', 34, 1),
(116, 'UNIDAD PARA LA EQUIDAD ENTRE LOS GENEROS', 34, 1),
(117, 'UNIDAD DE ANALISIS E INVESTIGACION DEL MERCADO LABORAL', 42, 2),
(118, 'SECCION DE SECTORES VULNERABLES', 22, 2),
(119, 'SECCION COORDINACION DE EMPLEO JUVENIL', 42, 2),
(120, 'UNIDAD DE ATENCION A ADOLESCENTES TRABAJADORES', 36, 2),
(121, 'UNIDAD DE ADQUISICIONES Y CONTRATACIONES INSTITUCIONAL', 36, 1),
(122, 'INSPECCION SUPERVISORIA 4', 37, 2),
(123, 'RECEPCION DE SOLICITUD DE INSPECCION', 37, 2),
(124, 'SITRAMITPS', 0, 2),
(125, 'APELACIONES', 37, 2),
(126, 'INSCRIPCION DE ESTABLECIMIENTOS', 37, 2),
(127, 'COORDINACION DE INDUSTRIA DE COMERCIO', 37, 2),
(128, 'FERIAS DE EMPLEO', 22, 2),
(129, 'COORDINACION BOLSA DE EMPLEO LOCAL', 22, 2),
(130, 'SEMINTRAB', 0, 2),
(131, 'UNIDAD DE DIALOGO SOCIAL', 22, 2),
(132, 'SALA DE USOS MULTIPLES E4N2', 36, 2),
(133, 'SALA DE REUNION CONSEJO SUPERIOR DE TRABAJO', 14, 2),
(134, 'SALA DE REUNION CLINICA', 11, 2),
(135, 'SALA DE CAPACITACION RRHH', 19, 2),
(136, 'OFICINA DE LA PGR', 0, 2),
(137, 'ARCHIVO INSTITUCIONAL', 40, 2),
(138, 'SALA DE REUNION USOS MULTIPLES PREVISION DE RIESGOS', 42, 2),
(139, 'SALA DE REUNION CLINICA', 36, 2),
(140, 'SECCION GENERAL', 0, 2),
(141, 'CAFETERIA', 36, 2),
(142, 'CORTE DE CUENTAS', 36, 2),
(143, 'SECCION GENERAL', 36, 2),
(144, 'SECRETARIA DE DIRECCION GENERAL DE INSPECCION TRABAJO', 37, 2),
(145, 'UNIDAD DE ATENCION A NINOS Y NINAS ADOLESCENTES', 42, 2),
(146, 'UNIDAD DE APRENDICES', 42, 2),
(147, 'DESCARGADO Y DESALOJADO', 40, 2),
(148, 'SUBDIRECCION GENERAL DE INSPECCION', 37, 2),
(149, 'COMITE DE SEGURIDAD OCUPACIONAL', 11, 2),
(150, 'COORDINACION NACIONAL DE INSPECCION DE TRABAJO', 37, 2),
(151, 'SECCION TRANSPORTE', 21, 2),
(152, 'SUPERVISORIA 1', 37, 2),
(153, 'SUPERVISORIA 2', 37, 2),
(154, 'SUPERVISORIA 3', 37, 2),
(155, 'SUPERVISORIA 4', 37, 2),
(156, 'MECANICOS', 21, 2),
(157, 'UNIDAD ENCARGADA DE TRAMITAR CASOS PROVENIENTES DEL DESPACHO Y PROGRAMA CONVERSANDO CON EL PRESIDENTE', 34, 2),
(158, 'UNIDAD CALL CENTER', 36, 2),
(159, 'SECCION DE SEGURIDAD', 21, 2),
(160, 'UBICACION EXTERNA', 0, 2),
(161, 'MTPS', 0, 2),
(162, 'OFICINA RECEPTORA DE QUEJAS', 37, 2),
(163, 'SECCION TALLER', 21, 2),
(164, 'SECCION VIGILANCIA', 36, 2),
(165, 'UNIDAD DE MEDIO AMBIENTE', 34, 2),
(166, 'PLAN DE LA LAGUNA OFICINAS ADMINISTRATIVAS', 36, 2),
(167, 'SUB DIRECCION ADMINISTRATIVA', 36, 2),
(168, 'SUB DIRECCION DE PREVISION SOCIAL', 42, 2),
(169, 'SUB DIRECCION DE TRABAJO', 43, 2),
(170, 'SECRETARIA DE ACTUACIONES', 43, 2),
(171, 'SECCION BOLSA DE EMPLEO', 22, 2),
(172, 'UNIDAD DE EMPLEO JUVENIL Y FERIAS DE EMPLEO', 22, 2),
(174, 'SECCION DE REGISTRO Y CONTROL DE PERSONAL', 19, 2),
(175, 'SECCION DE CAPACITACION', 19, 2),
(176, 'SECCION DE BIENESTAR LABORAL', 19, 2),
(177, 'UNIDAD DE EMPLEO JUVENIL', 22, 2),
(178, 'UNIDAD DE FERIAS DE EMPLEO', 22, 2),
(179, 'FONDO CIRCULANTE', 115, 1),
(180, 'UNIDAD DE GESTION DOCUMENTAL Y ARCHIVOS', 40, 2);

-- --------------------------------------------------------

--
-- Estructura de tabla para la tabla `org_sistema`
--

CREATE TABLE `org_sistema` (
  `id_sistema` int(10) UNSIGNED NOT NULL,
  `nombre_sistema` text NOT NULL,
  `base_url` text NOT NULL
) ENGINE=InnoDB DEFAULT CHARSET=latin1;

--
-- Volcado de datos para la tabla `org_sistema`
--

INSERT INTO `org_sistema` (`id_sistema`, `nombre_sistema`, `base_url`) VALUES
(1, 'SISTEMA INTEGRAL DE BODEGA', ''),
(2, 'SISTEMA DE ADMINISTRACION DE ROLES', ''),
(3, 'SISTEMA DE ACTIVO FIJO', ''),
(4, 'SISTEMA DE REGISTRO DE FICHAS DE EMPLEADOS DE RECURSOS HUMANOS', ''),
(5, 'SISTEMA DE TRANSPORTE, COMBUSTIBLE Y MANTENIMIENTO DE VEHICULOS', ''),
(6, 'SISTEMA DE CONSULTA DE BIENES SAF', ''),
(7, 'SISTEMA DE REGISTRO DE COMITES DE SEGURIDAD Y SALUD OCUPACIONAL ACREDITADOS', ''),
(8, 'SISTEMA DE PUBLICACION DE OFERTAS DE EMPLEO', ''),
(9, 'SISTEMA DE EVALUACION DE DESEMPEÑO DEL PERSONAL', ''),
(10, 'SISTEMA DE PLANIFICACION ANUAL DE TRABAJO', ''),
(11, 'SISTEMA DE SEGURIDAD DE SIMTPS', ''),
(12, 'SISTEMA DE GESTION DE CONTRATOS INDIVIDUALES DE TRABAJO', ''),
(13, 'SISTEMA INTEGRAL DE COMPRAS, BODEGA INSTITUCIONAL Y ACTIVOS FIJOS', ''),
(14, 'SISTEMA DE SEGURIDAD', 'http://localhost/securityplus/');

-- --------------------------------------------------------

--
-- Estructura de tabla para la tabla `org_usuario`
--

CREATE TABLE `org_usuario` (
  `id_usuario` int(10) UNSIGNED NOT NULL,
  `nombre_completo` varchar(100) NOT NULL,
  `nr` varchar(5) NOT NULL,
  `sexo` varchar(5) NOT NULL,
  `usuario` varchar(50) NOT NULL,
  `password` varchar(100) NOT NULL,
  `id_seccion` varchar(5) NOT NULL,
  `estado` int(10) UNSIGNED NOT NULL
) ENGINE=InnoDB DEFAULT CHARSET=latin1;

--
-- Volcado de datos para la tabla `org_usuario`
--

INSERT INTO `org_usuario` (`id_usuario`, `nombre_completo`, `nr`, `sexo`, `usuario`, `password`, `id_seccion`, `estado`) VALUES
(1, 'WILLIAN RIVERA', '2017', '00001', 'willian.rivera', 'willian', '1', 1),
(2, 'DOUGLAS RECINOS', '2545', '00001', 'douglas.recinos', '1df6b38df5d989e87ed053ddc5a099bf', '13', 1),
(3, 'PAZ ELISA ALVARADO', '1218', '00001', 'paz.alvarado', 'b9dd7dec8201d01ba274db91fbb5e280', '97', 1);

-- --------------------------------------------------------

--
-- Estructura de tabla para la tabla `org_usuario_rol`
--

CREATE TABLE `org_usuario_rol` (
  `id_usuario_rol` int(10) UNSIGNED NOT NULL,
  `id_usuario` int(10) UNSIGNED DEFAULT NULL,
  `id_rol` int(10) UNSIGNED DEFAULT NULL
) ENGINE=InnoDB DEFAULT CHARSET=latin1;

--
-- Volcado de datos para la tabla `org_usuario_rol`
--

INSERT INTO `org_usuario_rol` (`id_usuario_rol`, `id_usuario`, `id_rol`) VALUES
(2, 2, 1),
(5, 5, 1),
(9, 9, 5),
(11, 11, 5),
(12, 12, 5),
(13, 13, 7),
(20, 21, 5),
(24, 23, 12),
(27, 24, 13),
(28, 25, 13),
(30, 27, 13),
(31, 28, 13),
(32, 29, 13),
(34, 31, 13),
(35, 32, 13),
(36, 33, 13),
(37, 34, 13),
(38, 35, 13),
(39, 36, 13),
(40, 37, 13),
(41, 38, 13),
(42, 39, 13),
(43, 40, 13),
(44, 41, 13),
(45, 42, 13),
(46, 43, 13),
(47, 44, 13),
(48, 45, 13),
(51, 48, 13),
(53, 50, 13),
(54, 51, 13),
(55, 52, 13),
(57, 54, 13),
(58, 55, 13),
(59, 56, 13),
(60, 57, 13),
(61, 58, 13),
(62, 59, 13),
(63, 60, 13),
(66, 63, 13),
(67, 64, 13),
(68, 65, 13),
(70, 67, 13),
(71, 68, 13),
(72, 69, 13),
(74, 71, 13),
(75, 72, 13),
(77, 74, 13),
(78, 75, 13),
(79, 76, 13),
(81, 78, 13),
(82, 79, 13),
(83, 80, 13),
(85, 82, 13),
(89, 86, 13),
(90, 87, 13),
(91, 88, 13),
(92, 89, 13),
(93, 90, 13),
(95, 92, 13),
(96, 93, 13),
(97, 94, 13),
(98, 95, 13),
(99, 96, 13),
(100, 97, 13),
(101, 98, 13),
(103, 100, 13),
(104, 101, 13),
(105, 103, 13),
(106, 104, 13),
(107, 105, 13),
(108, 106, 13),
(109, 107, 13),
(110, 108, 13),
(113, 111, 13),
(114, 112, 13),
(115, 113, 13),
(116, 114, 13),
(120, 118, 13),
(121, 119, 13),
(122, 120, 13),
(123, 121, 13),
(124, 122, 13),
(125, 123, 13),
(126, 124, 13),
(127, 125, 13),
(128, 127, 13),
(129, 128, 13),
(130, 129, 13),
(131, 130, 13),
(132, 131, 13),
(133, 132, 13),
(134, 133, 13),
(135, 134, 13),
(136, 135, 13),
(138, 137, 13),
(141, 140, 13),
(142, 141, 13),
(143, 142, 13),
(144, 143, 13),
(145, 144, 13),
(146, 145, 13),
(147, 146, 13),
(149, 148, 13),
(151, 150, 13),
(152, 151, 13),
(153, 152, 13),
(154, 153, 13),
(157, 156, 13),
(158, 157, 13),
(159, 158, 13),
(160, 159, 13),
(161, 160, 13),
(162, 161, 13),
(163, 162, 13),
(164, 163, 13),
(166, 165, 13),
(168, 167, 13),
(169, 168, 13),
(170, 169, 13),
(171, 170, 13),
(172, 171, 13),
(173, 172, 13),
(174, 173, 13),
(176, 175, 13),
(177, 176, 13),
(178, 177, 13),
(179, 178, 13),
(180, 179, 13),
(181, 180, 13),
(182, 181, 13),
(183, 182, 13),
(184, 183, 13),
(185, 184, 13),
(187, 186, 13),
(188, 187, 13),
(189, 188, 13),
(190, 189, 13),
(191, 190, 13),
(192, 191, 13),
(193, 192, 13),
(194, 193, 13),
(195, 194, 13),
(196, 195, 13),
(197, 196, 13),
(198, 197, 13),
(199, 198, 13),
(200, 199, 13),
(201, 200, 13),
(202, 201, 13),
(203, 202, 13),
(204, 203, 13),
(209, 208, 13),
(210, 209, 13),
(211, 210, 13),
(212, 211, 13),
(213, 212, 13),
(216, 215, 13),
(217, 216, 13),
(218, 217, 13),
(219, 218, 13),
(220, 219, 13),
(222, 221, 13),
(223, 222, 13),
(224, 223, 13),
(226, 226, 13),
(227, 227, 13),
(229, 229, 13),
(230, 230, 13),
(231, 231, 13),
(234, 234, 13),
(236, 236, 13),
(237, 237, 13),
(239, 239, 13),
(241, 241, 13),
(242, 242, 13),
(243, 244, 13),
(244, 245, 13),
(245, 246, 13),
(246, 247, 13),
(247, 248, 13),
(251, 252, 13),
(252, 253, 13),
(253, 255, 13),
(254, 256, 13),
(255, 257, 13),
(256, 258, 13),
(258, 260, 13),
(259, 261, 13),
(260, 262, 13),
(261, 263, 13),
(263, 265, 13),
(264, 266, 13),
(265, 267, 13),
(266, 268, 13),
(268, 270, 13),
(269, 271, 13),
(270, 272, 13),
(271, 273, 13),
(272, 274, 13),
(273, 275, 13),
(274, 276, 13),
(275, 277, 13),
(276, 278, 13),
(277, 279, 13),
(278, 280, 13),
(280, 282, 13),
(281, 283, 13),
(282, 284, 13),
(283, 285, 13),
(284, 286, 13),
(285, 287, 13),
(286, 288, 13),
(287, 289, 13),
(290, 292, 13),
(291, 293, 13),
(292, 294, 13),
(293, 295, 13),
(294, 296, 13),
(296, 298, 13),
(297, 299, 13),
(298, 300, 13),
(300, 302, 13),
(301, 303, 13),
(303, 305, 13),
(304, 306, 13),
(305, 307, 13),
(306, 308, 13),
(308, 310, 13),
(310, 312, 13),
(311, 313, 13),
(312, 314, 13),
(313, 315, 13),
(314, 316, 13),
(315, 317, 13),
(316, 318, 13),
(317, 319, 13),
(318, 320, 40),
(319, 321, 13),
(321, 323, 13),
(323, 325, 13),
(324, 326, 13),
(325, 327, 13),
(326, 328, 13),
(327, 329, 13),
(329, 331, 13),
(330, 332, 13),
(331, 333, 13),
(333, 335, 13),
(334, 337, 13),
(335, 338, 13),
(336, 339, 13),
(337, 340, 13),
(338, 341, 13),
(339, 342, 13),
(340, 343, 13),
(341, 344, 13),
(343, 346, 13),
(345, 348, 13),
(346, 349, 13),
(347, 350, 13),
(349, 352, 13),
(350, 353, 13),
(351, 354, 13),
(353, 356, 13),
(354, 357, 13),
(355, 358, 13),
(356, 359, 13),
(357, 360, 13),
(359, 362, 13),
(361, 365, 13),
(362, 366, 13),
(363, 367, 13),
(364, 368, 13),
(365, 369, 13),
(367, 371, 13),
(368, 372, 13),
(369, 373, 13),
(370, 374, 13),
(372, 376, 13),
(374, 378, 13),
(375, 379, 13),
(376, 380, 13),
(377, 381, 13),
(378, 382, 13),
(379, 383, 13),
(380, 385, 13),
(381, 386, 13),
(382, 387, 13),
(383, 388, 13),
(384, 389, 13),
(385, 390, 13),
(386, 391, 13),
(387, 392, 13),
(390, 395, 13),
(391, 396, 13),
(392, 397, 13),
(394, 400, 13),
(395, 401, 13),
(396, 402, 13),
(397, 403, 13),
(398, 404, 13),
(399, 405, 13),
(400, 406, 13),
(401, 407, 13),
(402, 408, 13),
(404, 410, 13),
(405, 411, 13),
(406, 412, 13),
(407, 413, 13),
(408, 414, 13),
(409, 415, 13),
(410, 416, 13),
(412, 418, 13),
(413, 419, 13),
(414, 420, 13),
(415, 421, 13),
(416, 422, 13),
(417, 423, 13),
(419, 425, 13),
(420, 426, 13),
(421, 427, 13),
(422, 428, 13),
(423, 429, 13),
(424, 430, 13),
(425, 431, 13),
(426, 432, 13),
(427, 433, 13),
(428, 434, 13),
(430, 436, 13),
(431, 437, 13),
(432, 438, 13),
(433, 439, 13),
(434, 440, 13),
(435, 441, 13),
(436, 442, 13),
(437, 443, 13),
(438, 444, 13),
(439, 445, 13),
(440, 446, 13),
(442, 448, 13),
(443, 449, 13),
(445, 451, 13),
(447, 453, 13),
(448, 454, 13),
(451, 457, 13),
(452, 458, 13),
(453, 459, 13),
(454, 460, 13),
(455, 461, 13),
(456, 462, 13),
(457, 463, 13),
(458, 464, 13),
(459, 465, 13),
(460, 466, 13),
(461, 467, 13),
(463, 469, 13),
(464, 470, 13),
(465, 471, 13),
(466, 472, 13),
(468, 474, 13),
(469, 475, 13),
(470, 476, 13),
(471, 477, 13),
(472, 478, 13),
(473, 479, 13),
(474, 480, 13),
(475, 481, 13),
(476, 482, 13),
(477, 483, 13),
(478, 484, 13),
(481, 487, 13),
(482, 488, 13),
(484, 490, 13),
(485, 491, 13),
(486, 492, 13),
(488, 494, 13),
(489, 495, 13),
(490, 496, 13),
(491, 497, 13),
(492, 498, 13),
(493, 499, 13),
(494, 500, 13),
(495, 501, 13),
(497, 503, 13),
(498, 504, 13),
(499, 505, 13),
(501, 507, 13),
(503, 509, 13),
(504, 510, 13),
(507, 513, 13),
(509, 515, 13),
(510, 516, 13),
(511, 517, 13),
(513, 519, 13),
(514, 520, 13),
(515, 521, 13),
(516, 522, 13),
(517, 523, 13),
(518, 524, 13),
(521, 528, 13),
(522, 529, 13),
(523, 530, 13),
(524, 531, 13),
(526, 533, 13),
(527, 534, 13),
(528, 535, 13),
(530, 537, 13),
(531, 538, 13),
(532, 539, 13),
(534, 541, 13),
(535, 542, 13),
(538, 545, 13),
(539, 546, 13),
(540, 547, 13),
(541, 548, 13),
(543, 550, 13),
(544, 551, 13),
(545, 552, 13),
(546, 553, 13),
(548, 555, 13),
(549, 556, 13),
(551, 558, 13),
(552, 559, 13),
(553, 560, 13),
(554, 561, 13),
(555, 562, 13),
(556, 563, 13),
(557, 564, 13),
(558, 565, 13),
(560, 567, 13),
(561, 568, 13),
(562, 569, 13),
(565, 572, 13),
(566, 573, 13),
(567, 574, 13),
(568, 575, 13),
(569, 576, 13),
(570, 577, 13),
(572, 579, 13),
(573, 580, 13),
(574, 581, 13),
(575, 582, 13),
(576, 583, 13),
(577, 584, 13),
(578, 585, 13),
(579, 586, 13),
(580, 587, 13),
(581, 588, 13),
(582, 589, 13),
(584, 591, 13),
(585, 592, 13),
(586, 593, 13),
(587, 594, 13),
(588, 596, 13),
(589, 597, 13),
(590, 598, 13),
(591, 600, 13),
(592, 601, 13),
(595, 604, 13),
(596, 605, 13),
(597, 606, 13),
(598, 607, 13),
(599, 608, 13),
(600, 609, 13),
(601, 610, 13),
(602, 611, 13),
(603, 612, 13),
(604, 613, 13),
(605, 614, 13),
(606, 615, 13),
(607, 616, 13),
(608, 617, 13),
(609, 618, 13),
(610, 619, 13),
(612, 621, 13),
(613, 622, 13),
(614, 623, 13),
(615, 624, 13),
(616, 625, 13),
(617, 626, 13),
(618, 627, 13),
(620, 629, 13),
(621, 630, 13),
(622, 631, 13),
(623, 632, 13),
(624, 633, 13),
(625, 634, 13),
(626, 635, 13),
(627, 636, 13),
(628, 637, 13),
(631, 640, 13),
(632, 641, 13),
(633, 642, 13),
(634, 643, 13),
(635, 644, 13),
(636, 645, 13),
(637, 646, 13),
(638, 647, 13),
(639, 648, 13),
(641, 650, 13),
(642, 651, 13),
(645, 654, 13),
(646, 655, 13),
(647, 656, 13),
(648, 657, 13),
(649, 658, 13),
(650, 659, 13),
(651, 660, 13),
(652, 661, 13),
(653, 662, 13),
(655, 664, 13),
(656, 665, 13),
(657, 666, 13),
(658, 667, 13),
(660, 669, 13),
(661, 670, 13),
(662, 671, 13),
(663, 672, 13),
(664, 673, 13),
(665, 674, 13),
(666, 675, 13),
(669, 678, 13),
(671, 680, 13),
(672, 681, 13),
(673, 682, 13),
(674, 683, 13),
(675, 684, 13),
(676, 685, 13),
(677, 686, 13),
(678, 687, 13),
(679, 688, 13),
(680, 689, 13),
(681, 690, 13),
(682, 691, 13),
(683, 692, 13),
(684, 693, 13),
(685, 694, 13),
(686, 695, 13),
(688, 697, 13),
(689, 698, 13),
(691, 700, 13),
(693, 702, 13),
(694, 703, 13),
(695, 704, 13),
(699, 708, 13),
(700, 709, 13),
(701, 710, 13),
(702, 711, 13),
(704, 713, 13),
(705, 714, 13),
(706, 715, 13),
(707, 716, 13),
(708, 717, 13),
(709, 718, 13),
(712, 721, 13),
(713, 722, 13),
(715, 724, 13),
(716, 725, 13),
(717, 726, 13),
(718, 727, 13),
(719, 729, 13),
(720, 730, 13),
(722, 732, 13),
(723, 733, 13),
(724, 734, 13),
(725, 736, 13),
(727, 738, 13),
(729, 740, 13),
(730, 741, 13),
(731, 742, 13),
(732, 743, 13),
(733, 744, 13),
(735, 746, 13),
(736, 747, 13),
(737, 748, 13),
(738, 749, 13),
(739, 750, 13),
(740, 751, 13),
(742, 753, 13),
(744, 755, 13),
(745, 756, 13),
(746, 757, 13),
(748, 759, 13),
(750, 761, 13),
(751, 762, 13),
(752, 763, 13),
(753, 764, 13),
(754, 765, 13),
(755, 766, 13),
(756, 767, 13),
(759, 770, 13),
(760, 771, 13),
(761, 772, 13),
(763, 774, 13),
(764, 775, 13),
(765, 776, 13),
(768, 779, 13),
(769, 780, 13),
(770, 781, 13),
(771, 782, 13),
(772, 783, 13),
(773, 784, 13),
(774, 785, 13),
(775, 786, 13),
(776, 787, 13),
(777, 788, 13),
(778, 789, 13),
(779, 790, 13),
(780, 791, 13),
(781, 792, 13),
(782, 793, 13),
(783, 794, 13),
(784, 795, 13),
(785, 796, 13),
(786, 797, 13),
(790, 801, 13),
(791, 802, 13),
(792, 803, 13),
(793, 804, 13),
(794, 805, 13),
(795, 806, 13),
(797, 808, 13),
(798, 809, 13),
(799, 810, 13),
(800, 811, 13),
(801, 812, 13),
(803, 814, 13),
(804, 815, 13),
(805, 816, 13),
(807, 818, 13),
(808, 819, 13),
(810, 821, 13),
(811, 822, 13),
(812, 823, 13),
(815, 826, 13),
(816, 827, 13),
(817, 828, 13),
(819, 830, 13),
(820, 831, 13),
(821, 832, 13),
(822, 833, 13),
(823, 834, 13),
(824, 835, 13),
(825, 836, 13),
(826, 837, 13),
(827, 838, 13),
(828, 839, 13),
(829, 840, 13),
(830, 841, 13),
(833, 844, 13),
(834, 845, 13),
(835, 846, 13),
(836, 848, 13),
(839, 851, 13),
(840, 852, 13),
(841, 853, 13),
(842, 854, 13),
(843, 855, 13),
(844, 856, 13),
(845, 857, 13),
(846, 858, 13),
(847, 859, 13),
(848, 860, 13),
(850, 862, 13),
(851, 863, 13),
(852, 864, 13),
(853, 865, 13),
(855, 867, 13),
(857, 869, 13),
(858, 870, 13),
(860, 872, 13),
(861, 873, 13),
(862, 874, 13),
(863, 875, 13),
(864, 876, 13),
(865, 877, 13),
(867, 879, 13),
(868, 880, 13),
(869, 881, 13),
(870, 882, 13),
(871, 883, 13),
(872, 884, 13),
(873, 885, 13),
(876, 888, 13),
(877, 889, 13),
(879, 891, 13),
(880, 892, 13),
(881, 893, 13),
(883, 895, 13),
(884, 896, 13),
(886, 898, 13),
(887, 899, 13),
(889, 901, 13),
(893, 5, 13),
(914, 790, 15),
(921, 631, 15),
(922, 845, 15),
(923, 617, 15),
(924, 288, 15),
(925, 465, 15),
(928, 63, 15),
(929, 674, 15),
(930, 92, 15),
(931, 609, 15),
(932, 171, 15),
(933, 522, 15),
(934, 271, 15),
(935, 202, 15),
(936, 521, 15),
(937, 548, 15),
(938, 666, 15),
(940, 50, 15),
(942, 197, 15),
(946, 751, 15),
(948, 827, 15),
(949, 410, 15),
(951, 298, 15),
(955, 421, 15),
(956, 729, 15),
(957, 137, 15),
(961, 405, 15),
(962, 664, 15),
(965, 129, 15),
(968, 426, 15),
(969, 411, 15),
(970, 412, 15),
(972, 872, 15),
(973, 276, 15),
(974, 802, 15),
(975, 661, 15),
(976, 471, 15),
(977, 438, 15),
(980, 475, 15),
(981, 333, 15),
(982, 221, 15),
(983, 38, 15),
(984, 767, 15),
(985, 310, 15),
(986, 150, 15),
(987, 296, 15),
(991, 646, 15),
(992, 268, 15),
(993, 874, 15),
(994, 203, 15),
(995, 356, 15),
(996, 397, 15),
(997, 780, 16),
(998, 786, 16),
(1000, 779, 16),
(1001, 270, 16),
(1002, 76, 16),
(1003, 550, 16),
(1005, 406, 16),
(1006, 835, 16),
(1007, 575, 16),
(1008, 183, 16),
(1009, 680, 16),
(1011, 12, 16),
(1012, 584, 16),
(1013, 372, 16),
(1014, 258, 16),
(1015, 320, 16),
(1016, 457, 16),
(1017, 5, 16),
(1018, 495, 16),
(1020, 111, 16),
(1021, 335, 16),
(1022, 23, 16),
(1023, 791, 16),
(1024, 670, 16),
(1025, 168, 16),
(1026, 505, 16),
(1028, 114, 16),
(1029, 43, 16),
(1030, 13, 16),
(1032, 809, 16),
(1033, 60, 16),
(1034, 451, 16),
(1038, 722, 16),
(1039, 9, 16),
(1040, 660, 16),
(1041, 201, 16),
(1042, 449, 16),
(1047, 591, 16),
(1048, 740, 16),
(1049, 659, 16),
(1050, 573, 16),
(1051, 494, 16),
(1054, 519, 16),
(1055, 275, 16),
(1057, 132, 16),
(1059, 82, 16),
(1060, 579, 16),
(1061, 267, 16),
(1062, 332, 16),
(1063, 253, 16),
(1065, 303, 16),
(1066, 567, 16),
(1067, 34, 16),
(1068, 504, 16),
(1069, 764, 16),
(1070, 553, 16),
(1072, 815, 16),
(1073, 226, 16),
(1074, 588, 16),
(1075, 589, 16),
(1076, 277, 16),
(1077, 107, 16),
(1078, 108, 16),
(1079, 133, 16),
(1080, 788, 16),
(1081, 430, 16),
(1082, 577, 16),
(1083, 265, 16),
(1084, 530, 16),
(1085, 498, 16),
(1086, 823, 16),
(1088, 759, 16),
(1089, 657, 16),
(1090, 454, 16),
(1091, 293, 16),
(1092, 348, 16),
(1093, 121, 16),
(1094, 69, 16),
(1095, 209, 16),
(1096, 260, 16),
(1098, 513, 16),
(1099, 200, 16),
(1100, 546, 16),
(1101, 167, 16),
(1102, 713, 16),
(1104, 239, 16),
(1105, 656, 16),
(1107, 161, 16),
(1110, 650, 16),
(1111, 35, 16),
(1112, 241, 16),
(1115, 848, 16),
(1116, 55, 16),
(1117, 686, 16),
(1118, 607, 16),
(1119, 248, 16),
(1122, 673, 16),
(1123, 266, 16),
(1124, 94, 16),
(1125, 672, 16),
(1126, 328, 16),
(1128, 562, 16),
(1130, 645, 16),
(1131, 531, 16),
(1132, 367, 16),
(1134, 808, 16),
(1135, 187, 16),
(1136, 533, 16),
(1137, 859, 16),
(1138, 746, 16),
(1139, 695, 16),
(1140, 582, 16),
(1141, 172, 16),
(1143, 891, 16),
(1144, 371, 16),
(1145, 272, 16),
(1146, 257, 16),
(1147, 863, 16),
(1148, 683, 16),
(1149, 814, 16),
(1150, 175, 16),
(1151, 208, 16),
(1152, 340, 16),
(1153, 864, 16),
(1154, 176, 16),
(1155, 555, 16),
(1156, 832, 16),
(1158, 210, 16),
(1159, 88, 16),
(1160, 308, 16),
(1161, 40, 16),
(1162, 261, 16),
(1163, 851, 16),
(1164, 867, 16),
(1165, 327, 16),
(1166, 395, 16),
(1167, 558, 16),
(1168, 689, 16),
(1169, 528, 16),
(1170, 626, 16),
(1172, 199, 16),
(1173, 561, 16),
(1174, 627, 16),
(1175, 644, 16),
(1176, 612, 16),
(1177, 64, 16),
(1178, 52, 16),
(1179, 685, 16),
(1180, 805, 16),
(1181, 642, 16),
(1182, 694, 16),
(1183, 616, 16),
(1184, 396, 16),
(1185, 716, 16),
(1187, 299, 16),
(1188, 96, 16),
(1189, 587, 16),
(1191, 741, 16),
(1193, 28, 16),
(1194, 439, 16),
(1197, 476, 16),
(1198, 869, 16),
(1200, 195, 16),
(1201, 169, 16),
(1202, 734, 16),
(1205, 772, 16),
(1207, 79, 16),
(1208, 651, 16),
(1209, 104, 16),
(1210, 606, 16),
(1211, 846, 16),
(1212, 523, 16),
(1213, 858, 16),
(1215, 186, 16),
(1216, 113, 16),
(1217, 48, 16),
(1218, 65, 16),
(1219, 68, 16),
(1220, 159, 16),
(1221, 341, 16),
(1222, 105, 16),
(1223, 325, 16),
(1224, 178, 16),
(1225, 541, 16),
(1226, 41, 16),
(1227, 559, 16),
(1228, 854, 16),
(1229, 529, 16),
(1230, 856, 16),
(1231, 806, 16),
(1232, 158, 16),
(1233, 726, 16),
(1234, 337, 16),
(1235, 795, 16),
(1236, 437, 16),
(1237, 289, 16),
(1238, 782, 16),
(1239, 360, 16),
(1240, 478, 16),
(1241, 496, 16),
(1242, 407, 16),
(1243, 605, 16),
(1244, 401, 16),
(1245, 515, 16),
(1246, 434, 16),
(1247, 419, 16),
(1248, 97, 16),
(1249, 388, 16),
(1250, 749, 16),
(1251, 390, 16),
(1252, 118, 16),
(1253, 733, 16),
(1254, 36, 16),
(1255, 896, 16),
(1256, 292, 16),
(1257, 882, 16),
(1258, 702, 16),
(1259, 461, 16),
(1260, 671, 16),
(1261, 687, 16),
(1262, 462, 16),
(1263, 263, 16),
(1264, 429, 16),
(1265, 576, 16),
(1266, 134, 16),
(1268, 135, 16),
(1269, 708, 16),
(1270, 416, 16),
(1271, 383, 16),
(1272, 568, 16),
(1273, 715, 16),
(1274, 770, 16),
(1275, 294, 16),
(1276, 423, 16),
(1277, 317, 16),
(1278, 244, 16),
(1279, 755, 16),
(1280, 33, 16),
(1282, 432, 16),
(1283, 95, 16),
(1284, 252, 16),
(1285, 792, 16),
(1286, 284, 16),
(1287, 80, 16),
(1288, 31, 16),
(1289, 711, 16),
(1290, 875, 16),
(1291, 32, 16),
(1293, 535, 16),
(1294, 551, 16),
(1295, 698, 16),
(1296, 101, 16),
(1297, 537, 16),
(1298, 667, 16),
(1299, 192, 16),
(1300, 323, 16),
(1301, 539, 16),
(1302, 669, 16),
(1303, 736, 16),
(1304, 524, 16),
(1305, 608, 16),
(1306, 181, 16),
(1307, 610, 16),
(1308, 560, 16),
(1309, 643, 16),
(1310, 545, 16),
(1311, 366, 16),
(1312, 888, 16),
(1313, 29, 16),
(1314, 93, 16),
(1315, 586, 16),
(1316, 157, 16),
(1317, 44, 16),
(1318, 368, 16),
(1319, 353, 16),
(1321, 753, 16),
(1322, 641, 16),
(1323, 611, 16),
(1324, 810, 16),
(1325, 709, 16),
(1326, 86, 16),
(1327, 78, 16),
(1328, 163, 16),
(1329, 816, 16),
(1330, 556, 16),
(1331, 862, 16),
(1332, 697, 16),
(1333, 59, 16),
(1334, 354, 16),
(1335, 803, 16),
(1336, 630, 16),
(1337, 547, 16),
(1338, 873, 16),
(1339, 693, 16),
(1340, 385, 16),
(1342, 776, 16),
(1345, 662, 16),
(1346, 727, 16),
(1347, 218, 16),
(1348, 170, 16),
(1349, 300, 16),
(1350, 500, 16),
(1351, 889, 16),
(1356, 826, 16),
(1357, 286, 16),
(1359, 601, 16),
(1360, 287, 16),
(1361, 828, 16),
(1362, 256, 16),
(1363, 389, 16),
(1365, 338, 16),
(1367, 100, 16),
(1368, 339, 16),
(1369, 305, 16),
(1370, 37, 16),
(1371, 119, 16),
(1372, 636, 16),
(1373, 766, 16),
(1375, 717, 16),
(1376, 783, 16),
(1377, 881, 16),
(1379, 130, 16),
(1380, 194, 16),
(1381, 654, 16),
(1382, 227, 16),
(1383, 358, 16),
(1385, 655, 16),
(1386, 122, 16),
(1387, 477, 16),
(1391, 883, 16),
(1392, 245, 16),
(1393, 703, 16),
(1394, 196, 16),
(1395, 479, 16),
(1396, 362, 16),
(1397, 756, 16),
(1399, 464, 16),
(1400, 658, 16),
(1401, 125, 16),
(1402, 480, 16),
(1403, 757, 16),
(1404, 312, 16),
(1406, 151, 16),
(1407, 481, 16),
(1408, 742, 16),
(1410, 822, 16),
(1412, 152, 16),
(1413, 216, 16),
(1414, 184, 16),
(1415, 314, 16),
(1416, 747, 16),
(1417, 738, 16),
(1418, 427, 16),
(1419, 634, 16),
(1421, 153, 16),
(1422, 841, 16),
(1426, 236, 16),
(1427, 369, 16),
(1429, 319, 16),
(1431, 98, 16),
(1434, 893, 16),
(1435, 321, 16),
(1440, 520, 16),
(1442, 223, 16),
(1443, 895, 16),
(1444, 538, 16),
(1445, 160, 16),
(1447, 306, 16),
(1449, 831, 16),
(1450, 193, 16),
(1452, 72, 16),
(1453, 834, 16),
(1454, 57, 16),
(1455, 211, 16),
(1456, 262, 16),
(1457, 74, 16),
(1458, 688, 16),
(1459, 42, 16),
(1462, 804, 16),
(1464, 690, 16),
(1467, 838, 16),
(1468, 215, 16),
(1473, 173, 16),
(1476, 212, 16),
(1479, 365, 16),
(1480, 483, 16),
(1481, 433, 16),
(1482, 499, 16),
(1483, 484, 16),
(1485, 564, 16),
(1486, 453, 16),
(1487, 516, 16),
(1488, 469, 16),
(1489, 255, 16),
(1490, 140, 16),
(1491, 600, 16),
(1492, 352, 16),
(1493, 189, 16),
(1495, 503, 16),
(1496, 796, 16),
(1497, 422, 16),
(1499, 635, 16),
(1500, 144, 16),
(1501, 274, 16),
(1502, 408, 16),
(1503, 474, 16),
(1504, 440, 16),
(1505, 459, 16),
(1506, 145, 16),
(1507, 357, 16),
(1508, 460, 16),
(1509, 342, 16),
(1510, 492, 16),
(1511, 106, 16),
(1513, 24, 16),
(1515, 704, 16),
(1516, 123, 16),
(1517, 428, 16),
(1519, 295, 16),
(1520, 592, 16),
(1521, 231, 16),
(1522, 431, 16),
(1523, 839, 16),
(1524, 482, 16),
(1525, 744, 16),
(1526, 316, 16),
(1527, 581, 16),
(1528, 403, 16),
(1529, 420, 16),
(1530, 436, 16),
(1531, 877, 16),
(1532, 633, 16),
(1533, 488, 16),
(1534, 273, 16),
(1535, 458, 16),
(1536, 865, 16),
(1538, 89, 16),
(1539, 853, 16),
(1540, 413, 16),
(1541, 414, 16),
(1542, 724, 16),
(1543, 415, 16),
(1544, 794, 16),
(1546, 315, 16),
(1547, 112, 16),
(1548, 217, 16),
(1549, 350, 16),
(1550, 285, 16),
(1551, 648, 16),
(1552, 404, 16),
(1553, 472, 16),
(1554, 618, 16),
(1555, 682, 16),
(1556, 604, 16),
(1557, 376, 16),
(1558, 507, 16),
(1559, 146, 16),
(1560, 343, 16),
(1561, 378, 16),
(1562, 443, 16),
(1563, 278, 16),
(1564, 640, 16),
(1565, 463, 16),
(1566, 446, 16),
(1567, 837, 16),
(1568, 870, 16),
(1569, 821, 16),
(1570, 27, 16),
(1571, 182, 16),
(1572, 593, 16),
(1573, 45, 16),
(1574, 743, 16),
(1575, 467, 16),
(1576, 580, 16),
(1577, 402, 16),
(1578, 418, 16),
(1579, 793, 16),
(1580, 302, 16),
(1581, 732, 16),
(1582, 222, 16),
(1583, 797, 16),
(1585, 392, 16),
(1586, 120, 16),
(1587, 425, 16),
(1588, 162, 16),
(1589, 131, 16),
(1590, 624, 16),
(1591, 25, 16),
(1592, 379, 16),
(1593, 127, 16),
(1595, 789, 16),
(1596, 811, 16),
(1597, 613, 16),
(1598, 234, 16),
(1599, 675, 16),
(1601, 346, 16),
(1602, 331, 16),
(1603, 87, 16),
(1604, 400, 16),
(1608, 374, 16),
(1609, 710, 16),
(1610, 614, 16),
(1611, 237, 16),
(1612, 714, 16),
(1613, 879, 16),
(1614, 833, 16),
(1615, 58, 16),
(1616, 819, 16),
(1617, 165, 16),
(1619, 156, 16),
(1620, 622, 16),
(1621, 852, 16),
(1624, 597, 16),
(1626, 621, 16),
(1629, 583, 16),
(1630, 585, 16),
(1631, 177, 16),
(1632, 775, 16),
(1633, 188, 16),
(1634, 681, 16),
(1635, 750, 16),
(1636, 880, 16),
(1637, 344, 16),
(1638, 497, 16),
(1639, 466, 16),
(1640, 282, 16),
(1642, 190, 16),
(1644, 2, 16),
(1650, 313, 16),
(1651, 382, 16),
(1652, 128, 16),
(1653, 700, 16),
(1654, 898, 16),
(1655, 229, 16),
(1656, 574, 16),
(1658, 510, 16),
(1659, 124, 16),
(1662, 692, 16),
(1663, 596, 16),
(1664, 349, 16),
(1665, 730, 16),
(1666, 763, 16),
(1667, 191, 16),
(1668, 572, 16),
(1669, 899, 16),
(1670, 721, 16),
(1671, 542, 16),
(1672, 836, 16),
(1673, 230, 16),
(1674, 380, 16),
(1675, 517, 16),
(1676, 762, 16),
(1677, 141, 16),
(1679, 785, 16),
(1680, 801, 16),
(1681, 884, 16),
(1682, 279, 16),
(1683, 774, 16),
(1685, 725, 16),
(1686, 840, 16),
(1687, 678, 16),
(1688, 761, 16),
(1689, 598, 16),
(1690, 501, 16),
(1691, 470, 16),
(1692, 632, 16),
(1693, 665, 16),
(1694, 487, 16),
(1695, 748, 16),
(1696, 142, 16),
(1697, 552, 16),
(1698, 781, 16),
(1699, 143, 16),
(1700, 569, 16),
(1701, 765, 16),
(1702, 830, 16),
(1703, 490, 16),
(1704, 491, 16),
(1705, 307, 16),
(1706, 441, 16),
(1707, 784, 16),
(1708, 442, 16),
(1709, 509, 16),
(1710, 148, 16),
(1711, 246, 16),
(1712, 444, 16),
(1713, 771, 16),
(1714, 787, 16),
(1715, 198, 16),
(1716, 280, 16),
(1717, 381, 16),
(1718, 594, 16),
(1721, 4, 16),
(1722, 4, 40),
(1723, 4, 3),
(1728, 508, 24),
(1729, 508, 15),
(1730, 508, 13),
(1734, 309, 21),
(1735, 309, 15),
(1736, 309, 13),
(1743, 570, 15),
(1744, 570, 13),
(1757, 699, 26),
(1758, 699, 25),
(1759, 699, 16),
(1760, 699, 13),
(1763, 149, 15),
(1764, 149, 13),
(1767, 829, 23),
(1768, 829, 16),
(1769, 829, 13),
(1781, 906, 13),
(1782, 906, 16),
(1783, 907, 13),
(1784, 907, 16),
(1785, 19, 16),
(1786, 19, 8),
(1787, 114, 8),
(1794, 769, 23),
(1795, 769, 16),
(1796, 769, 13),
(1839, 705, 19),
(1840, 705, 16),
(1841, 705, 13),
(1854, 731, 19),
(1855, 731, 16),
(1856, 731, 13),
(1901, 447, 19),
(1902, 447, 16),
(1903, 447, 13),
(1904, 719, 19),
(1905, 719, 16),
(1906, 719, 13),
(1956, 800, 19),
(1957, 800, 16),
(1958, 800, 13),
(1966, 264, 19),
(1967, 264, 13),
(1968, 649, 19),
(1969, 649, 13),
(1970, 450, 19),
(1971, 450, 13),
(1978, 147, 19),
(1979, 147, 16),
(1980, 147, 13),
(1991, 720, 20),
(1992, 720, 13),
(1993, 525, 15),
(1994, 525, 13),
(1997, 154, 20),
(1998, 154, 13),
(1999, 224, 20),
(2000, 224, 13),
(2001, 536, 15),
(2002, 536, 13),
(2007, 4, 30),
(2008, 224, 30),
(2009, 169, 30),
(2010, 639, 19),
(2011, 639, 16),
(2012, 639, 13),
(2013, 220, 28),
(2014, 220, 19),
(2015, 220, 16),
(2016, 220, 13),
(2017, 4, 30),
(2030, 240, 28),
(2031, 240, 19),
(2032, 240, 16),
(2033, 240, 13),
(2043, 17, 7),
(2044, 17, 13),
(2051, 745, 31),
(2052, 745, 16),
(2053, 745, 13),
(2062, 791, 30),
(2075, 900, 29),
(2076, 900, 16),
(2077, 900, 13),
(2080, 878, 29),
(2081, 878, 16),
(2082, 878, 13),
(2083, 290, 32),
(2084, 290, 15),
(2085, 290, 13),
(2091, 281, 24),
(2092, 281, 16),
(2093, 281, 13),
(2094, 543, 23),
(2095, 543, 16),
(2096, 543, 13),
(2097, 213, 20),
(2098, 213, 13),
(2120, 394, 20),
(2121, 394, 13),
(2161, 17, 35),
(2165, 2, 35),
(2191, 345, 15),
(2192, 345, 19),
(2193, 345, 13),
(2194, 842, 15),
(2195, 842, 19),
(2196, 842, 13),
(2213, 673, 7),
(2224, 185, 20),
(2225, 185, 15),
(2226, 185, 13),
(2227, 26, 39),
(2228, 26, 13),
(2229, 701, 39),
(2230, 701, 13),
(2231, 518, 0),
(2233, 908, 39),
(2236, 301, 39),
(2237, 301, 13),
(2240, 424, 39),
(2241, 424, 13),
(2242, 638, 39),
(2243, 638, 13),
(2244, 578, 39),
(2245, 578, 13),
(2246, 620, 39),
(2247, 620, 13),
(2248, 155, 39),
(2249, 155, 13),
(2250, 544, 39),
(2251, 544, 13),
(2252, 47, 39),
(2253, 47, 13),
(2256, 235, 39),
(2257, 235, 13),
(2258, 679, 39),
(2259, 679, 13),
(2262, 138, 39),
(2263, 138, 13),
(2264, 204, 39),
(2265, 204, 13),
(2266, 902, 39),
(2267, 902, 13),
(2268, 456, 39),
(2269, 456, 13),
(2270, 166, 39),
(2271, 166, 13),
(2272, 493, 39),
(2273, 493, 13),
(2274, 232, 39),
(2275, 232, 13),
(2276, 813, 39),
(2277, 813, 13),
(2278, 653, 39),
(2279, 653, 13),
(2280, 628, 39),
(2281, 628, 13),
(2282, 532, 39),
(2283, 532, 13),
(2284, 399, 39),
(2285, 399, 13),
(2286, 707, 39),
(2287, 707, 13),
(2288, 375, 39),
(2289, 375, 13),
(2290, 861, 39),
(2291, 861, 13),
(2292, 62, 39),
(2293, 62, 13),
(2294, 304, 39),
(2295, 304, 13),
(2296, 758, 39),
(2297, 758, 13),
(2302, 311, 39),
(2303, 311, 13),
(2304, 777, 39),
(2305, 777, 13),
(2316, 514, 39),
(2317, 514, 13),
(2318, 849, 39),
(2319, 849, 13),
(2320, 737, 39),
(2321, 737, 13),
(2324, 754, 39),
(2325, 754, 13),
(2328, 238, 39),
(2329, 238, 13),
(2330, 890, 39),
(2331, 890, 13),
(2342, 4, 4),
(2343, 652, 16),
(2358, 228, 39),
(2359, 228, 13),
(2373, 30, 41),
(2374, 30, 16),
(2375, 30, 13),
(2376, 696, 41),
(2377, 696, 16),
(2378, 696, 13),
(2380, NULL, NULL),
(2395, 276, 35),
(2396, 525, 35),
(2397, 371, 35),
(2399, 536, 35),
(2402, 137, 35),
(2403, 298, 35),
(2404, 271, 35),
(2405, 522, 35),
(2406, 439, 35),
(2408, 426, 35),
(2413, 661, 35),
(2415, 909, 35),
(2416, 725, 35),
(2417, 789, 35),
(2419, 570, 35),
(2420, 50, 35),
(2421, 63, 35),
(2425, 905, 35),
(2426, 905, 16),
(2427, 905, 13),
(2430, 772, 35),
(2432, 911, 35),
(2434, 421, 35),
(2436, 802, 35),
(2437, 171, 35),
(2438, 700, 35),
(2440, 53, 35),
(2441, 53, 16),
(2442, 53, 13),
(2443, 729, 35),
(2444, 70, 31),
(2445, 70, 29),
(2446, 70, 20),
(2447, 70, 13),
(2448, 548, 35),
(2449, 169, 35),
(2450, 734, 35),
(2451, 609, 35),
(2453, 195, 35),
(2454, 159, 35),
(2456, 299, 35),
(2457, 310, 35),
(2459, 79, 35),
(2460, 768, 35),
(2461, 768, 15),
(2462, 768, 13),
(2463, 150, 35),
(2465, 400, 35),
(2466, 719, 35),
(2467, 203, 35),
(2469, 268, 35),
(2471, 356, 35),
(2473, 38, 35),
(2475, 104, 35),
(2477, 447, 35),
(2478, 221, 35),
(2482, 508, 35),
(2487, 751, 35),
(2489, 290, 35),
(2490, 649, 35),
(2491, 450, 35),
(2492, 846, 35),
(2496, 874, 35),
(2497, 523, 35),
(2498, 587, 35),
(2499, 879, 35),
(2500, 333, 35),
(2507, 180, 35),
(2508, 795, 35),
(2509, 186, 35),
(2518, 869, 35),
(2519, 345, 35),
(2520, 397, 35),
(2521, 28, 35),
(2522, 842, 35),
(2525, 646, 35),
(2526, 96, 35),
(2528, 218, 35),
(2529, 412, 35),
(2530, 576, 35),
(2531, 153, 35),
(2532, 97, 35),
(2533, 606, 35),
(2534, 185, 35),
(2536, 87, 35),
(2537, 664, 35),
(2538, 827, 35),
(2539, 264, 35),
(2551, 912, 41),
(2552, 7, 15),
(2553, 7, 35),
(2554, 7, 4),
(2561, 84, 15),
(2562, 84, 13),
(2563, 502, 15),
(2564, 502, 13),
(2585, 417, 16),
(2586, 417, 13),
(2587, 773, 35),
(2588, 773, 15),
(2589, 773, 13),
(2590, 206, 39),
(2591, 206, 35),
(2592, 206, 15),
(2593, 206, 13),
(2594, 10, 16),
(2595, 10, 5),
(2596, 486, 15),
(2597, 486, 13),
(2598, 486, 20),
(2602, 77, 39),
(2603, 77, 13),
(2604, 455, 39),
(2605, 455, 13),
(2606, 81, 39),
(2607, 81, 13),
(2608, 207, 39),
(2609, 207, 13),
(2610, 116, 39),
(2611, 116, 13),
(2619, 85, 16),
(2620, 85, 15),
(2621, 85, 13),
(2624, 485, 16),
(2625, 485, 13),
(2628, 83, 15),
(2629, 83, 13),
(2630, 83, 4),
(2636, 20, 37),
(2637, 20, 34),
(2638, 20, 33),
(2639, 20, 25),
(2640, 20, 21),
(2641, 20, 14),
(2642, 20, 4),
(2643, 20, 36),
(2644, 20, 30),
(2645, 20, 27),
(2646, 20, 13),
(2647, 20, 10),
(2652, 334, 20),
(2653, 334, 13),
(2657, 511, 13),
(2658, 347, 35),
(2659, 347, 15),
(2660, 347, 13),
(2661, 73, 16),
(2662, 73, 13),
(2663, 850, 15),
(2664, 850, 35),
(2665, 850, 16),
(2666, 850, 13),
(2667, 136, 16),
(2668, 136, 13),
(2669, 136, 35),
(2681, 351, 39),
(2682, 351, 35),
(2683, 351, 13),
(2684, 904, 41),
(2685, 904, 16),
(2686, 904, 13),
(2687, 913, 16),
(2689, 914, 43),
(2690, 914, 15),
(2699, 910, 15),
(2700, 910, 35),
(2701, 915, 20),
(2705, 670, 4),
(2751, 825, 39),
(2752, 825, 13),
(2766, 871, 35),
(2767, 871, 19),
(2768, 871, 13),
(2772, 233, 35),
(2773, 233, 22),
(2774, 233, 16),
(2775, 174, 39),
(2776, 174, 13),
(2780, 807, 16),
(2781, 807, 13),
(2788, 205, 35),
(2789, 205, 24),
(2790, 205, 16),
(2791, 205, 13),
(2792, 110, 23),
(2793, 110, 16),
(2794, 110, 13),
(2795, 549, 23),
(2796, 549, 13),
(2797, 361, 23),
(2798, 361, 16),
(2802, 393, 23),
(2803, 393, 16),
(2804, 393, 13),
(2805, 489, 23),
(2806, 489, 16),
(2807, 799, 23),
(2808, 799, 16),
(2809, 799, 13),
(2810, 602, 42),
(2811, 602, 21),
(2812, 602, 16),
(2813, 602, 13),
(2814, 603, 20),
(2815, 603, 13),
(2816, 903, 20),
(2817, 903, 13),
(2818, 322, 20),
(2819, 322, 13),
(2823, 778, 39),
(2824, 778, 15),
(2825, 778, 13),
(2856, 820, 38),
(2857, 820, 35),
(2858, 820, 19),
(2859, 820, 15),
(2860, 820, 13),
(2861, 663, 38),
(2862, 663, 35),
(2863, 663, 19),
(2864, 663, 15),
(2865, 663, 13),
(2866, 676, 38),
(2867, 676, 35),
(2868, 676, 19),
(2869, 676, 16),
(2870, 676, 13),
(2871, 554, 38),
(2872, 554, 35),
(2873, 554, 19),
(2874, 554, 15),
(2875, 554, 13),
(2876, 324, 38),
(2877, 324, 35),
(2878, 324, 19),
(2879, 324, 15),
(2880, 324, 13),
(2881, 249, 38),
(2882, 249, 35),
(2883, 249, 19),
(2884, 249, 15),
(2885, 249, 13),
(2886, 843, 38),
(2887, 843, 35),
(2888, 843, 19),
(2889, 843, 13),
(2895, 409, 38),
(2896, 409, 35),
(2897, 409, 15),
(2898, 409, 13),
(2899, 557, 38),
(2900, 557, 35),
(2901, 557, 15),
(2902, 557, 13),
(2907, 250, 38),
(2908, 250, 35),
(2909, 250, 15),
(2910, 250, 13),
(2911, 712, 38),
(2912, 712, 35),
(2913, 712, 15),
(2914, 712, 13),
(2920, 6, 38),
(2921, 6, 15),
(2922, 6, 13),
(2923, 6, 1),
(2924, 8, 38),
(2925, 8, 15),
(2926, 8, 4),
(2927, 46, 38),
(2928, 46, 35),
(2929, 46, 15),
(2930, 46, 13),
(2935, 377, 38),
(2936, 377, 35),
(2937, 377, 15),
(2938, 377, 13),
(2939, 269, 38),
(2940, 269, 39),
(2941, 269, 15),
(2942, 269, 13),
(2943, 364, 38),
(2944, 364, 35),
(2945, 364, 15),
(2946, 364, 13),
(2952, 1, 38),
(2953, 1, 35),
(2954, 1, 16),
(2955, 1, 4),
(2956, 527, 38),
(2957, 527, 20),
(2958, 527, 16),
(2959, 527, 13),
(2960, 164, 38),
(2961, 164, 35),
(2962, 164, 33),
(2963, 164, 25),
(2964, 164, 14),
(2965, 164, 13),
(2969, 752, 38),
(2970, 752, 16),
(2971, 752, 13),
(2972, 887, 38),
(2973, 887, 16),
(2974, 887, 13),
(2975, 739, 38),
(2976, 739, 16),
(2977, 739, 13),
(2983, 117, 38),
(2984, 117, 35),
(2985, 117, 19),
(2986, 117, 16),
(2987, 117, 13),
(2988, 297, 38),
(2989, 297, 35),
(2990, 297, 19),
(2991, 297, 13),
(3002, 566, 38),
(3003, 566, 35),
(3004, 566, 19),
(3005, 566, 15),
(3006, 566, 13),
(3007, 14, 44),
(3008, 14, 16),
(3009, 14, 6),
(3010, 914, 35),
(3011, 465, 35),
(3012, 707, 35),
(3017, 468, 38),
(3018, 468, 35),
(3019, 468, 15),
(3020, 468, 13),
(3021, 817, 38),
(3022, 817, 35),
(3023, 817, 19),
(3024, 817, 15),
(3025, 817, 13),
(3026, 99, 38),
(3027, 99, 35),
(3028, 99, 15),
(3029, 99, 13),
(3030, 214, 38),
(3031, 214, 16),
(3032, 214, 13),
(3033, 617, 35),
(3034, 269, 35),
(3035, 65, 35),
(3040, 723, 38),
(3041, 723, 19),
(3042, 723, 16),
(3043, 723, 13),
(3047, 886, 38),
(3048, 886, 16),
(3049, 886, 13),
(3061, 115, 38),
(3062, 115, 15),
(3063, 115, 13),
(3070, 91, 38),
(3071, 91, 16),
(3072, 91, 13),
(3073, 355, 38),
(3074, 355, 16),
(3075, 355, 13),
(3076, 540, 38),
(3077, 540, 16),
(3078, 540, 13),
(3079, 386, 35),
(3080, 401, 35),
(3081, 590, 0),
(3082, 916, 35),
(3083, 916, 15),
(3084, 916, 5),
(3085, 916, 38),
(3086, 259, 39),
(3087, 259, 13),
(3089, 766, 35),
(3090, 18, 44),
(3091, 18, 16),
(3092, 18, 7),
(3093, 115, 35),
(3094, 668, 12),
(3095, 668, 16),
(3096, 668, 13),
(3097, 918, 16),
(3098, 655, 35),
(3099, 919, 35),
(3109, 372, 35),
(3110, 93, 35),
(3115, 917, 39),
(3116, 20, 46),
(3117, 1, 49),
(3118, 5, 48),
(3119, 377, 46),
(3120, 666, 46),
(3122, 6, 47),
(3132, 16, 36),
(3133, 16, 19),
(3134, 16, 15),
(3135, 16, 10),
(3136, 16, 33),
(3137, 6, 35),
(3139, 512, 39),
(3140, 512, 13),
(3150, 920, 39),
(3151, 920, 16),
(3152, 894, 38),
(3153, 894, 35),
(3154, 894, 15),
(3155, 894, 13),
(3156, 677, 38),
(3157, 677, 42),
(3158, 677, 40),
(3159, 677, 35),
(3160, 677, 28),
(3161, 677, 15),
(3162, 760, 38),
(3163, 760, 16),
(3164, 760, 13),
(3166, 473, 4),
(3167, 473, 16),
(3168, 897, 47),
(3169, 897, 38),
(3170, 897, 35),
(3171, 897, 15),
(3172, 897, 13),
(3176, 922, 39),
(3177, 923, 39),
(3178, 924, 39),
(3179, 925, 39),
(3183, 109, 20),
(3184, 109, 13),
(3185, 13, 51),
(3186, 394, 51),
(3187, 16, 50),
(3188, 213, 51),
(3190, 914, 47),
(3191, 291, 38),
(3192, 291, 35),
(3193, 291, 15),
(3194, 291, 13),
(3206, 452, 39),
(3207, 452, 13),
(3208, 926, 16),
(3209, 798, 16),
(3210, 798, 13),
(3211, 7, 54),
(3212, 370, 38),
(3213, 370, 16),
(3214, 370, 13),
(3215, 927, 46),
(3216, 927, 16),
(3217, 927, 5),
(3218, 330, 39),
(3219, 330, 13),
(3220, 928, 16),
(3222, 66, 38),
(3223, 66, 16),
(3224, 66, 13),
(3225, 929, 38),
(3226, 929, 15),
(3227, 52, 46),
(3228, 720, 46),
(3229, 759, 46),
(3230, 805, 0),
(3231, 805, 46),
(3232, 809, 46),
(3238, 49, 38),
(3239, 49, 35),
(3240, 49, 19),
(3241, 49, 15),
(3242, 49, 13),
(3243, 435, 38),
(3244, 435, 35),
(3245, 435, 19),
(3246, 435, 15),
(3247, 435, 13),
(3248, 61, 38),
(3249, 61, 51),
(3250, 61, 16),
(3251, 61, 13),
(3260, 921, 39),
(3261, 22, 39),
(3262, 22, 35),
(3263, 22, 13),
(3264, 22, 12),
(3265, 706, 16),
(3266, 706, 13),
(3267, 824, 39),
(3268, 824, 38),
(3269, 824, 35),
(3270, 824, 13),
(3271, 83, 58),
(3272, 8, 54),
(3273, 12, 55),
(3274, 7, 54),
(3275, 10, 55),
(3284, 571, 38),
(3285, 571, 35),
(3286, 571, 15),
(3287, 571, 13),
(3288, 868, 38),
(3289, 868, 20),
(3290, 868, 13),
(3291, 866, 20),
(3292, 866, 13),
(3300, 251, 51),
(3301, 251, 16),
(3302, 251, 13),
(3303, 139, 46),
(3304, 139, 37),
(3305, 139, 36),
(3306, 139, 34),
(3307, 139, 33),
(3308, 139, 21),
(3309, 139, 16),
(3310, 139, 14),
(3311, 139, 13),
(3312, 139, 10),
(3313, 139, 7),
(3315, 930, 51),
(3316, 930, 16),
(3317, 506, 50),
(3318, 506, 35),
(3319, 506, 15),
(3320, 506, 13),
(3325, 15, 39),
(3326, 15, 38),
(3327, 15, 36),
(3328, 15, 33),
(3329, 58, 58),
(3330, 670, 58),
(3331, 692, 58),
(3332, 168, 58),
(3333, 139, 58),
(3334, 791, 58),
(3336, 473, 58),
(3337, 868, 58),
(3338, 43, 58),
(3339, 233, 58),
(3340, 124, 58),
(3341, 3, 15),
(3342, 3, 58),
(3343, 3, 5),
(3344, 3, 2);

-- --------------------------------------------------------

--
-- Estructura de tabla para la tabla `sir_empleado`
--

CREATE TABLE `sir_empleado` (
  `idempleado` varchar(4) NOT NULL,
  `primer_nombre` text NOT NULL,
  `segundo_nombre` text NOT NULL,
  `tercer_nombre` text NOT NULL,
  `primer_apellido` text NOT NULL,
  `segundo_apellido` text NOT NULL,
  `apellido_casada` text NOT NULL,
  `id_genero` varchar(5) NOT NULL,
  `nr` varchar(4) NOT NULL
) ENGINE=InnoDB DEFAULT CHARSET=latin1;

-- --------------------------------------------------------

--
-- Estructura de tabla para la tabla `sir_empleado_informacion_laboral`
--

CREATE TABLE `sir_empleado_informacion_laboral` (
  `id_empleado_informacion_laboral` int(10) UNSIGNED NOT NULL,
  `id_seccion` int(10) UNSIGNED NOT NULL,
  `id_empleado` varchar(45) NOT NULL
) ENGINE=InnoDB DEFAULT CHARSET=latin1;

-- --------------------------------------------------------

--
-- Estructura de tabla para la tabla `vyp_bancos`
--

CREATE TABLE `vyp_bancos` (
  `id_banco` int(10) UNSIGNED NOT NULL,
  `nombre` varchar(25) NOT NULL,
  `caracteristicas` varchar(40) NOT NULL
) ENGINE=InnoDB DEFAULT CHARSET=latin1;

--
-- Volcado de datos para la tabla `vyp_bancos`
--

INSERT INTO `vyp_bancos` (`id_banco`, `nombre`, `caracteristicas`) VALUES
(2, 'Agricola S.A de C.V', 'PERTENECE A EL SALVADOR CON PARTE EN COL'),
(3, 'CUSCATLAN', 'ALGUNOS EMPLEADOS USAN ESTE BANCO'),
(4, 'DAVIVIENDA', 'FORMA PARTE DE LAS PLANILLAS'),
(5, 'BANCOVI', 'BANCO PARA EMPLEADOS'),
(6, 'BANCO LA FINCA', 'BANCO FINCA DE EL SALVADOR');

-- --------------------------------------------------------

--
-- Estructura de tabla para la tabla `vyp_bitacora_viatico`
--

CREATE TABLE `vyp_bitacora_viatico` (
  `id_bitacora` int(10) UNSIGNED NOT NULL,
  `descripcion` varchar(500) NOT NULL,
  `modulo` varchar(45) NOT NULL,
  `accion` varchar(45) NOT NULL,
  `fecha` datetime NOT NULL,
  `idusuario` varchar(45) NOT NULL
) ENGINE=InnoDB DEFAULT CHARSET=latin1;

-- --------------------------------------------------------

--
-- Estructura de tabla para la tabla `vyp_horario_viatico`
--

CREATE TABLE `vyp_horario_viatico` (
  `id_horario_viatico` int(10) UNSIGNED NOT NULL,
  `descripcion` varchar(45) NOT NULL,
  `hora_inicio` datetime NOT NULL DEFAULT CURRENT_TIMESTAMP,
  `hora_fin` datetime NOT NULL DEFAULT '0000-00-00 00:00:00',
  `monto` float NOT NULL
) ENGINE=InnoDB DEFAULT CHARSET=latin1;

--
-- Volcado de datos para la tabla `vyp_horario_viatico`
--

INSERT INTO `vyp_horario_viatico` (`id_horario_viatico`, `descripcion`, `hora_inicio`, `hora_fin`, `monto`) VALUES
(1, 'Desayuno', '2017-10-06 06:00:00', '2017-10-06 08:00:00', 3),
(2, 'Almuerzo', '2017-10-06 12:00:00', '2017-10-06 13:00:00', 4),
(3, 'cena2', '2017-10-11 18:00:00', '2017-10-11 20:00:00', 4);

-- --------------------------------------------------------

--
-- Estructura de tabla para la tabla `vyp_oficinas`
--

CREATE TABLE `vyp_oficinas` (
  `id_oficina` int(11) NOT NULL,
  `nombre_oficina` varchar(200) NOT NULL,
  `direccion_oficina` varchar(400) NOT NULL,
  `jefe_oficina` varchar(250) NOT NULL,
  `email_oficina` varchar(250) NOT NULL,
  `latitud_oficina` varchar(50) NOT NULL,
  `longitud_oficina` varchar(50) NOT NULL
) ENGINE=InnoDB DEFAULT CHARSET=latin1;

--
-- Volcado de datos para la tabla `vyp_oficinas`
--

INSERT INTO `vyp_oficinas` (`id_oficina`, `nombre_oficina`, `direccion_oficina`, `jefe_oficina`, `email_oficina`, `latitud_oficina`, `longitud_oficina`) VALUES
(1, 'Oficina Central', 'primera direccion', 'dsadsad', 'sdfdf@fdfdf.com', '13.705542923582362', ' -89.20029401779175'),
(2, 'Oficina Paracentral', 'segunda direeccion', '', '', '13.641253371576248', ' -88.78463745117188'),
(3, 'Oficina regional de occidente', '', '', '', '13.995933662977752', ' -89.55837965011597'),
(4, 'prueba', 'ninguna', 'vili fracnsi', 'd_Recinos@fdf.com', '13.70745038803979', ' -89.20013576745987'),
(5, 'prueba dos oficna', 'san vicente', 'doc anderson', 'algo@fmail.com', '13.96072323963274', ' -88.11900327913463'),
(6, 'preubaz', 'aklslhjdksa', 'asaber', 'akdjas@kashdk.com', '13.673176208626606', ' -89.13971096277237');

-- --------------------------------------------------------

--
-- Estructura de tabla para la tabla `vyp_oficinas_telefono`
--

CREATE TABLE `vyp_oficinas_telefono` (
  `id_vyp_oficinas_telefono` int(11) NOT NULL,
  `telefono_vyp_oficnas_telefono` varchar(9) NOT NULL,
  `id_oficina_vyp_oficnas_telefono` int(11) NOT NULL
) ENGINE=InnoDB DEFAULT CHARSET=latin1;

--
-- Volcado de datos para la tabla `vyp_oficinas_telefono`
--

INSERT INTO `vyp_oficinas_telefono` (`id_vyp_oficinas_telefono`, `telefono_vyp_oficnas_telefono`, `id_oficina_vyp_oficnas_telefono`) VALUES
(1, '7525-9130', 1),
(2, '4355-3451', 1),
(4, '6545-5255', 5),
(5, '2323-4343', 5),
(9, '7331-1111', 3),
(10, '2222-1113', 4),
(11, '2344-3333', 1);

--
-- Índices para tablas volcadas
--

--
-- Indices de la tabla `org_genero`
--
ALTER TABLE `org_genero`
  ADD PRIMARY KEY (`id_genero`);

--
-- Indices de la tabla `org_modulo`
--
ALTER TABLE `org_modulo`
  ADD PRIMARY KEY (`id_modulo`);

--
-- Indices de la tabla `org_permiso`
--
ALTER TABLE `org_permiso`
  ADD PRIMARY KEY (`id_permiso`);

--
-- Indices de la tabla `org_rol`
--
ALTER TABLE `org_rol`
  ADD PRIMARY KEY (`id_rol`);

--
-- Indices de la tabla `org_rol_modulo_permiso`
--
ALTER TABLE `org_rol_modulo_permiso`
  ADD PRIMARY KEY (`id_rol_permiso`);

--
-- Indices de la tabla `org_seccion`
--
ALTER TABLE `org_seccion`
  ADD PRIMARY KEY (`id_seccion`);

--
-- Indices de la tabla `org_sistema`
--
ALTER TABLE `org_sistema`
  ADD PRIMARY KEY (`id_sistema`);

--
-- Indices de la tabla `org_usuario`
--
ALTER TABLE `org_usuario`
  ADD PRIMARY KEY (`id_usuario`);

--
-- Indices de la tabla `org_usuario_rol`
--
ALTER TABLE `org_usuario_rol`
  ADD PRIMARY KEY (`id_usuario_rol`);

--
-- Indices de la tabla `sir_empleado`
--
ALTER TABLE `sir_empleado`
  ADD PRIMARY KEY (`idempleado`) USING BTREE;

--
-- Indices de la tabla `sir_empleado_informacion_laboral`
--
ALTER TABLE `sir_empleado_informacion_laboral`
  ADD PRIMARY KEY (`id_empleado_informacion_laboral`);

--
-- Indices de la tabla `vyp_bancos`
--
ALTER TABLE `vyp_bancos`
  ADD PRIMARY KEY (`id_banco`);

--
-- Indices de la tabla `vyp_bitacora_viatico`
--
ALTER TABLE `vyp_bitacora_viatico`
  ADD PRIMARY KEY (`id_bitacora`) USING BTREE;

--
-- Indices de la tabla `vyp_horario_viatico`
--
ALTER TABLE `vyp_horario_viatico`
  ADD PRIMARY KEY (`id_horario_viatico`);

--
-- Indices de la tabla `vyp_oficinas`
--
ALTER TABLE `vyp_oficinas`
  ADD PRIMARY KEY (`id_oficina`);

--
-- Indices de la tabla `vyp_oficinas_telefono`
--
ALTER TABLE `vyp_oficinas_telefono`
  ADD PRIMARY KEY (`id_vyp_oficinas_telefono`);

--
-- AUTO_INCREMENT de las tablas volcadas
--

--
-- AUTO_INCREMENT de la tabla `org_modulo`
--
ALTER TABLE `org_modulo`
  MODIFY `id_modulo` int(10) UNSIGNED NOT NULL AUTO_INCREMENT, AUTO_INCREMENT=320;
--
-- AUTO_INCREMENT de la tabla `org_permiso`
--
ALTER TABLE `org_permiso`
  MODIFY `id_permiso` int(10) UNSIGNED NOT NULL AUTO_INCREMENT, AUTO_INCREMENT=5;
--
-- AUTO_INCREMENT de la tabla `org_rol`
--
ALTER TABLE `org_rol`
  MODIFY `id_rol` int(10) UNSIGNED NOT NULL AUTO_INCREMENT, AUTO_INCREMENT=59;
--
-- AUTO_INCREMENT de la tabla `org_rol_modulo_permiso`
--
ALTER TABLE `org_rol_modulo_permiso`
  MODIFY `id_rol_permiso` int(10) UNSIGNED NOT NULL AUTO_INCREMENT, AUTO_INCREMENT=3894;
--
-- AUTO_INCREMENT de la tabla `org_seccion`
--
ALTER TABLE `org_seccion`
  MODIFY `id_seccion` int(10) UNSIGNED NOT NULL AUTO_INCREMENT, AUTO_INCREMENT=181;
--
-- AUTO_INCREMENT de la tabla `org_sistema`
--
ALTER TABLE `org_sistema`
  MODIFY `id_sistema` int(10) UNSIGNED NOT NULL AUTO_INCREMENT, AUTO_INCREMENT=15;
--
-- AUTO_INCREMENT de la tabla `org_usuario_rol`
--
ALTER TABLE `org_usuario_rol`
  MODIFY `id_usuario_rol` int(10) UNSIGNED NOT NULL AUTO_INCREMENT, AUTO_INCREMENT=3345;
--
-- AUTO_INCREMENT de la tabla `sir_empleado_informacion_laboral`
--
ALTER TABLE `sir_empleado_informacion_laboral`
  MODIFY `id_empleado_informacion_laboral` int(10) UNSIGNED NOT NULL AUTO_INCREMENT;
--
-- AUTO_INCREMENT de la tabla `vyp_bitacora_viatico`
--
ALTER TABLE `vyp_bitacora_viatico`
  MODIFY `id_bitacora` int(10) UNSIGNED NOT NULL AUTO_INCREMENT;
--
-- AUTO_INCREMENT de la tabla `vyp_oficinas`
--
ALTER TABLE `vyp_oficinas`
  MODIFY `id_oficina` int(11) NOT NULL AUTO_INCREMENT, AUTO_INCREMENT=7;
--
-- AUTO_INCREMENT de la tabla `vyp_oficinas_telefono`
--
ALTER TABLE `vyp_oficinas_telefono`
  MODIFY `id_vyp_oficinas_telefono` int(11) NOT NULL AUTO_INCREMENT, AUTO_INCREMENT=12;
/*!40101 SET CHARACTER_SET_CLIENT=@OLD_CHARACTER_SET_CLIENT */;
/*!40101 SET CHARACTER_SET_RESULTS=@OLD_CHARACTER_SET_RESULTS */;
/*!40101 SET COLLATION_CONNECTION=@OLD_COLLATION_CONNECTION */;
